schema_version,bridge_id,corpus_snapshot_id,direction,source_document_id,source_version_id,source_file_name,source_document_title,product_name,product_ids,trade_names_and_variants,active_substance_id,normalized_active_substance,active_substance_aliases,matched_alias,guideline_evidence_id,guideline_source_document_id,guideline_record_ids,guideline_formal_item_ids,guideline_item_number,relation_type,matching_method,confidence,smpc_evidence,guideline_evidence,evidence_ids,policy_eligible,bridge_active,review_status,qa_flags
smpc-guideline-bridge-1.0.0,bridge-ab8d5ea93523d20a776e1fe2,cs-f61b3d4e90089c1b890c23cb,smPC_to_guideline,src-5-fu-medac-50-mg-ml-injektionsloesung-1c24cd77ce94,sv-1c24cd77ce94e05b0cf0719c,5-fu-medac-50-mg-ml-injektionsloesung.pdf,"5‑FU medac 50 mg/ml, Injektionslösung",5-FU medac,"[""product-1e8e6b78fdbdd7afa226cf2f""]","[""5-FU medac""]",substance-7628b2bf5f1c0431123bef11,5-Fluorouracil,"[""5-FU"", ""5-Fluorouracil""]",5-FU,ru-03a0a5a98b62890bb0ef19aa,src-s3-ll-hcc-und-bcc-konsultationsfassung-langversion-6-01-1-c1996068a815,"[""rec-1e5e383947d1b76d843c8807""]",[],,smpc_product_substance_to_guideline_mention,normalized_alias,0.95,"[{""evidence_id"": ""ru-068e5dc809613aa6a5a26144"", ""pdf_pages_1based"": [1], ""printed_page_label"": ""1"", ""source_document_id"": ""src-5-fu-medac-50-mg-ml-injektionsloesung-1c24cd77ce94"", ""source_file_name"": ""5-fu-medac-50-mg-ml-injektionsloesung.pdf"", ""source_native_item_number"": null, ""source_role"": ""smPC"", ""source_status"": ""current_at_snapshot"", ""source_version_id"": ""sv-1c24cd77ce94e05b0cf0719c""}, {""evidence_id"": ""ru-36ff7898a6b3ba242ea8b9f3"", ""pdf_pages_1based"": [6], ""printed_page_label"": ""6"", ""source_document_id"": ""src-5-fu-medac-50-mg-ml-injektionsloesung-1c24cd77ce94"", ""source_file_name"": ""5-fu-medac-50-mg-ml-injektionsloesung.pdf"", ""source_native_item_number"": null, ""source_role"": ""smPC"", ""source_status"": ""current_at_snapshot"", ""source_version_id"": ""sv-1c24cd77ce94e05b0cf0719c""}, {""evidence_id"": ""ru-3e32e0e397940f41a6640085"", ""pdf_pages_1based"": [4], ""printed_page_label"": ""4"", ""source_document_id"": ""src-5-fu-medac-50-mg-ml-injektionsloesung-1c24cd77ce94"", ""source_file_name"": ""5-fu-medac-50-mg-ml-injektionsloesung.pdf"", ""source_native_item_number"": null, ""source_role"": ""smPC"", ""source_status"": ""current_at_snapshot"", ""source_version_id"": ""sv-1c24cd77ce94e05b0cf0719c""}]","{""evidence_id"": ""ru-03a0a5a98b62890bb0ef19aa"", ""pdf_pages_1based"": [153], ""printed_page_label"": ""153"", ""source_document_id"": ""src-s3-ll-hcc-und-bcc-konsultationsfassung-langversion-6-01-1-c1996068a815"", ""source_file_name"": ""S3_LL_HCC_und_BCC_Konsultationsfassung_Langversion_6.01 (1).pdf"", ""source_native_item_number"": null, ""source_role"": ""guideline"", ""source_status"": ""consultation_draft"", ""source_version_id"": ""sv-c1996068a81551f2fd14a9f4""}","[""ru-068e5dc809613aa6a5a26144"", ""ru-36ff7898a6b3ba242ea8b9f3"", ""ru-3e32e0e397940f41a6640085"", ""ru-03a0a5a98b62890bb0ef19aa""]",True,True,active_source_status_review,"[""guideline_source_not_final""]"
smpc-guideline-bridge-1.0.0,bridge-107ac87c90f38519fd4d3a66,cs-f61b3d4e90089c1b890c23cb,smPC_to_guideline,src-5-fu-medac-50-mg-ml-injektionsloesung-1c24cd77ce94,sv-1c24cd77ce94e05b0cf0719c,5-fu-medac-50-mg-ml-injektionsloesung.pdf,"5‑FU medac 50 mg/ml, Injektionslösung",5-FU medac,"[""product-1e8e6b78fdbdd7afa226cf2f""]","[""5-FU medac""]",substance-7628b2bf5f1c0431123bef11,5-Fluorouracil,"[""5-FU"", ""5-Fluorouracil""]",5-FU,ru-0f81ba8743b030c389922bf4,src-032-010oll-exokrines-pankreaskarzinom-2025-06-44df7e615f31,"[""rec-e9af1189d415e44de5d7bae0""]",[],,smpc_product_substance_to_guideline_mention,normalized_alias,0.95,"[{""evidence_id"": ""ru-068e5dc809613aa6a5a26144"", ""pdf_pages_1based"": [1], ""printed_page_label"": ""1"", ""source_document_id"": ""src-5-fu-medac-50-mg-ml-injektionsloesung-1c24cd77ce94"", ""source_file_name"": ""5-fu-medac-50-mg-ml-injektionsloesung.pdf"", ""source_native_item_number"": null, ""source_role"": ""smPC"", ""source_status"": ""current_at_snapshot"", ""source_version_id"": ""sv-1c24cd77ce94e05b0cf0719c""}, {""evidence_id"": ""ru-36ff7898a6b3ba242ea8b9f3"", ""pdf_pages_1based"": [6], ""printed_page_label"": ""6"", ""source_document_id"": ""src-5-fu-medac-50-mg-ml-injektionsloesung-1c24cd77ce94"", ""source_file_name"": ""5-fu-medac-50-mg-ml-injektionsloesung.pdf"", ""source_native_item_number"": null, ""source_role"": ""smPC"", ""source_status"": ""current_at_snapshot"", ""source_version_id"": ""sv-1c24cd77ce94e05b0cf0719c""}, {""evidence_id"": ""ru-3e32e0e397940f41a6640085"", ""pdf_pages_1based"": [4], ""printed_page_label"": ""4"", ""source_document_id"": ""src-5-fu-medac-50-mg-ml-injektionsloesung-1c24cd77ce94"", ""source_file_name"": ""5-fu-medac-50-mg-ml-injektionsloesung.pdf"", ""source_native_item_number"": null, ""source_role"": ""smPC"", ""source_status"": ""current_at_snapshot"", ""source_version_id"": ""sv-1c24cd77ce94e05b0cf0719c""}]","{""evidence_id"": ""ru-0f81ba8743b030c389922bf4"", ""pdf_pages_1based"": [142, 143], ""printed_page_label"": ""142-143"", ""source_document_id"": ""src-032-010oll-exokrines-pankreaskarzinom-2025-06-44df7e615f31"", ""source_file_name"": ""032-010OLl_Exokrines-Pankreaskarzinom_2025-06.pdf"", ""source_native_item_number"": null, ""source_role"": ""guideline"", ""source_status"": ""final"", ""source_version_id"": ""sv-44df7e615f31f73867061691""}","[""ru-068e5dc809613aa6a5a26144"", ""ru-36ff7898a6b3ba242ea8b9f3"", ""ru-3e32e0e397940f41a6640085"", ""ru-0f81ba8743b030c389922bf4""]",True,True,active_validated,[]
smpc-guideline-bridge-1.0.0,bridge-fab801a14536a215ebf1c73d,cs-f61b3d4e90089c1b890c23cb,smPC_to_guideline,src-5-fu-medac-50-mg-ml-injektionsloesung-1c24cd77ce94,sv-1c24cd77ce94e05b0cf0719c,5-fu-medac-50-mg-ml-injektionsloesung.pdf,"5‑FU medac 50 mg/ml, Injektionslösung",5-FU medac,"[""product-1e8e6b78fdbdd7afa226cf2f""]","[""5-FU medac""]",substance-7628b2bf5f1c0431123bef11,5-Fluorouracil,"[""5-FU"", ""5-Fluorouracil""]",5-FU,ru-18154b8bceec1dae6f75f3cf,src-032-010oll-exokrines-pankreaskarzinom-2025-06-44df7e615f31,"[""rec-1db84a92734fcd40a971ed78""]",[],,smpc_product_substance_to_guideline_mention,normalized_alias,0.95,"[{""evidence_id"": ""ru-068e5dc809613aa6a5a26144"", ""pdf_pages_1based"": [1], ""printed_page_label"": ""1"", ""source_document_id"": ""src-5-fu-medac-50-mg-ml-injektionsloesung-1c24cd77ce94"", ""source_file_name"": ""5-fu-medac-50-mg-ml-injektionsloesung.pdf"", ""source_native_item_number"": null, ""source_role"": ""smPC"", ""source_status"": ""current_at_snapshot"", ""source_version_id"": ""sv-1c24cd77ce94e05b0cf0719c""}, {""evidence_id"": ""ru-36ff7898a6b3ba242ea8b9f3"", ""pdf_pages_1based"": [6], ""printed_page_label"": ""6"", ""source_document_id"": ""src-5-fu-medac-50-mg-ml-injektionsloesung-1c24cd77ce94"", ""source_file_name"": ""5-fu-medac-50-mg-ml-injektionsloesung.pdf"", ""source_native_item_number"": null, ""source_role"": ""smPC"", ""source_status"": ""current_at_snapshot"", ""source_version_id"": ""sv-1c24cd77ce94e05b0cf0719c""}, {""evidence_id"": ""ru-3e32e0e397940f41a6640085"", ""pdf_pages_1based"": [4], ""printed_page_label"": ""4"", ""source_document_id"": ""src-5-fu-medac-50-mg-ml-injektionsloesung-1c24cd77ce94"", ""source_file_name"": ""5-fu-medac-50-mg-ml-injektionsloesung.pdf"", ""source_native_item_number"": null, ""source_role"": ""smPC"", ""source_status"": ""current_at_snapshot"", ""source_version_id"": ""sv-1c24cd77ce94e05b0cf0719c""}]","{""evidence_id"": ""ru-18154b8bceec1dae6f75f3cf"", ""pdf_pages_1based"": [163], ""printed_page_label"": null, ""source_document_id"": ""src-032-010oll-exokrines-pankreaskarzinom-2025-06-44df7e615f31"", ""source_file_name"": ""032-010OLl_Exokrines-Pankreaskarzinom_2025-06.pdf"", ""source_native_item_number"": null, ""source_role"": ""guideline"", ""source_status"": ""final"", ""source_version_id"": ""sv-44df7e615f31f73867061691""}","[""ru-068e5dc809613aa6a5a26144"", ""ru-36ff7898a6b3ba242ea8b9f3"", ""ru-3e32e0e397940f41a6640085"", ""ru-18154b8bceec1dae6f75f3cf""]",True,True,active_validated,[]
smpc-guideline-bridge-1.0.0,bridge-6c59b8d039a0e8814f5d5ba5,cs-f61b3d4e90089c1b890c23cb,smPC_to_guideline,src-5-fu-medac-50-mg-ml-injektionsloesung-1c24cd77ce94,sv-1c24cd77ce94e05b0cf0719c,5-fu-medac-50-mg-ml-injektionsloesung.pdf,"5‑FU medac 50 mg/ml, Injektionslösung",5-FU medac,"[""product-1e8e6b78fdbdd7afa226cf2f""]","[""5-FU medac""]",substance-7628b2bf5f1c0431123bef11,5-Fluorouracil,"[""5-FU"", ""5-Fluorouracil""]",5-FU,ru-1abd45de58716a91e27f7350,src-032-010oll-exokrines-pankreaskarzinom-2025-06-44df7e615f31,"[""rec-20b2db84a9c1a1eea71b618e""]","[""formal-52e520052ad70eef3a6c9bb0""]",8.27,smpc_product_substance_to_guideline_mention,normalized_alias,0.95,"[{""evidence_id"": ""ru-068e5dc809613aa6a5a26144"", ""pdf_pages_1based"": [1], ""printed_page_label"": ""1"", ""source_document_id"": ""src-5-fu-medac-50-mg-ml-injektionsloesung-1c24cd77ce94"", ""source_file_name"": ""5-fu-medac-50-mg-ml-injektionsloesung.pdf"", ""source_native_item_number"": null, ""source_role"": ""smPC"", ""source_status"": ""current_at_snapshot"", ""source_version_id"": ""sv-1c24cd77ce94e05b0cf0719c""}, {""evidence_id"": ""ru-36ff7898a6b3ba242ea8b9f3"", ""pdf_pages_1based"": [6], ""printed_page_label"": ""6"", ""source_document_id"": ""src-5-fu-medac-50-mg-ml-injektionsloesung-1c24cd77ce94"", ""source_file_name"": ""5-fu-medac-50-mg-ml-injektionsloesung.pdf"", ""source_native_item_number"": null, ""source_role"": ""smPC"", ""source_status"": ""current_at_snapshot"", ""source_version_id"": ""sv-1c24cd77ce94e05b0cf0719c""}, {""evidence_id"": ""ru-3e32e0e397940f41a6640085"", ""pdf_pages_1based"": [4], ""printed_page_label"": ""4"", ""source_document_id"": ""src-5-fu-medac-50-mg-ml-injektionsloesung-1c24cd77ce94"", ""source_file_name"": ""5-fu-medac-50-mg-ml-injektionsloesung.pdf"", ""source_native_item_number"": null, ""source_role"": ""smPC"", ""source_status"": ""current_at_snapshot"", ""source_version_id"": ""sv-1c24cd77ce94e05b0cf0719c""}]","{""evidence_id"": ""ru-1abd45de58716a91e27f7350"", ""pdf_pages_1based"": [179], ""printed_page_label"": ""179"", ""source_document_id"": ""src-032-010oll-exokrines-pankreaskarzinom-2025-06-44df7e615f31"", ""source_file_name"": ""032-010OLl_Exokrines-Pankreaskarzinom_2025-06.pdf"", ""source_native_item_number"": ""8.27"", ""source_role"": ""guideline"", ""source_status"": ""final"", ""source_version_id"": ""sv-44df7e615f31f73867061691""}","[""ru-068e5dc809613aa6a5a26144"", ""ru-36ff7898a6b3ba242ea8b9f3"", ""ru-3e32e0e397940f41a6640085"", ""ru-1abd45de58716a91e27f7350""]",True,True,active_validated,[]
smpc-guideline-bridge-1.0.0,bridge-9426df8f48b96b05a9542789,cs-f61b3d4e90089c1b890c23cb,smPC_to_guideline,src-5-fu-medac-50-mg-ml-injektionsloesung-1c24cd77ce94,sv-1c24cd77ce94e05b0cf0719c,5-fu-medac-50-mg-ml-injektionsloesung.pdf,"5‑FU medac 50 mg/ml, Injektionslösung",5-FU medac,"[""product-1e8e6b78fdbdd7afa226cf2f""]","[""5-FU medac""]",substance-7628b2bf5f1c0431123bef11,5-Fluorouracil,"[""5-FU"", ""5-Fluorouracil""]",5-FU,ru-1f1714f3dd38f7edf3978f33,src-s3-ll-hcc-und-bcc-konsultationsfassung-langversion-6-01-1-c1996068a815,"[""rec-c4e9d42e94f70a9145800e5b""]",[],,smpc_product_substance_to_guideline_mention,normalized_alias,0.95,"[{""evidence_id"": ""ru-068e5dc809613aa6a5a26144"", ""pdf_pages_1based"": [1], ""printed_page_label"": ""1"", ""source_document_id"": ""src-5-fu-medac-50-mg-ml-injektionsloesung-1c24cd77ce94"", ""source_file_name"": ""5-fu-medac-50-mg-ml-injektionsloesung.pdf"", ""source_native_item_number"": null, ""source_role"": ""smPC"", ""source_status"": ""current_at_snapshot"", ""source_version_id"": ""sv-1c24cd77ce94e05b0cf0719c""}, {""evidence_id"": ""ru-36ff7898a6b3ba242ea8b9f3"", ""pdf_pages_1based"": [6], ""printed_page_label"": ""6"", ""source_document_id"": ""src-5-fu-medac-50-mg-ml-injektionsloesung-1c24cd77ce94"", ""source_file_name"": ""5-fu-medac-50-mg-ml-injektionsloesung.pdf"", ""source_native_item_number"": null, ""source_role"": ""smPC"", ""source_status"": ""current_at_snapshot"", ""source_version_id"": ""sv-1c24cd77ce94e05b0cf0719c""}, {""evidence_id"": ""ru-3e32e0e397940f41a6640085"", ""pdf_pages_1based"": [4], ""printed_page_label"": ""4"", ""source_document_id"": ""src-5-fu-medac-50-mg-ml-injektionsloesung-1c24cd77ce94"", ""source_file_name"": ""5-fu-medac-50-mg-ml-injektionsloesung.pdf"", ""source_native_item_number"": null, ""source_role"": ""smPC"", ""source_status"": ""current_at_snapshot"", ""source_version_id"": ""sv-1c24cd77ce94e05b0cf0719c""}]","{""evidence_id"": ""ru-1f1714f3dd38f7edf3978f33"", ""pdf_pages_1based"": [117, 118], ""printed_page_label"": ""117"", ""source_document_id"": ""src-s3-ll-hcc-und-bcc-konsultationsfassung-langversion-6-01-1-c1996068a815"", ""source_file_name"": ""S3_LL_HCC_und_BCC_Konsultationsfassung_Langversion_6.01 (1).pdf"", ""source_native_item_number"": null, ""source_role"": ""guideline"", ""source_status"": ""consultation_draft"", ""source_version_id"": ""sv-c1996068a81551f2fd14a9f4""}","[""ru-068e5dc809613aa6a5a26144"", ""ru-36ff7898a6b3ba242ea8b9f3"", ""ru-3e32e0e397940f41a6640085"", ""ru-1f1714f3dd38f7edf3978f33""]",True,True,active_source_status_review,"[""guideline_source_not_final""]"
smpc-guideline-bridge-1.0.0,bridge-66e4e2b591d649c5467a535d,cs-f61b3d4e90089c1b890c23cb,smPC_to_guideline,src-5-fu-medac-50-mg-ml-injektionsloesung-1c24cd77ce94,sv-1c24cd77ce94e05b0cf0719c,5-fu-medac-50-mg-ml-injektionsloesung.pdf,"5‑FU medac 50 mg/ml, Injektionslösung",5-FU medac,"[""product-1e8e6b78fdbdd7afa226cf2f""]","[""5-FU medac""]",substance-7628b2bf5f1c0431123bef11,5-Fluorouracil,"[""5-FU"", ""5-Fluorouracil""]",5-FU,ru-2a60cece8bdad27d682ebb6e,src-032-010oll-exokrines-pankreaskarzinom-2025-06-44df7e615f31,"[""rec-5fb5db051e645777484bdd95""]","[""formal-b9db48d4e8f50b0e8f7bf017""]",8.26,smpc_product_substance_to_guideline_mention,normalized_alias,0.95,"[{""evidence_id"": ""ru-068e5dc809613aa6a5a26144"", ""pdf_pages_1based"": [1], ""printed_page_label"": ""1"", ""source_document_id"": ""src-5-fu-medac-50-mg-ml-injektionsloesung-1c24cd77ce94"", ""source_file_name"": ""5-fu-medac-50-mg-ml-injektionsloesung.pdf"", ""source_native_item_number"": null, ""source_role"": ""smPC"", ""source_status"": ""current_at_snapshot"", ""source_version_id"": ""sv-1c24cd77ce94e05b0cf0719c""}, {""evidence_id"": ""ru-36ff7898a6b3ba242ea8b9f3"", ""pdf_pages_1based"": [6], ""printed_page_label"": ""6"", ""source_document_id"": ""src-5-fu-medac-50-mg-ml-injektionsloesung-1c24cd77ce94"", ""source_file_name"": ""5-fu-medac-50-mg-ml-injektionsloesung.pdf"", ""source_native_item_number"": null, ""source_role"": ""smPC"", ""source_status"": ""current_at_snapshot"", ""source_version_id"": ""sv-1c24cd77ce94e05b0cf0719c""}, {""evidence_id"": ""ru-3e32e0e397940f41a6640085"", ""pdf_pages_1based"": [4], ""printed_page_label"": ""4"", ""source_document_id"": ""src-5-fu-medac-50-mg-ml-injektionsloesung-1c24cd77ce94"", ""source_file_name"": ""5-fu-medac-50-mg-ml-injektionsloesung.pdf"", ""source_native_item_number"": null, ""source_role"": ""smPC"", ""source_status"": ""current_at_snapshot"", ""source_version_id"": ""sv-1c24cd77ce94e05b0cf0719c""}]","{""evidence_id"": ""ru-2a60cece8bdad27d682ebb6e"", ""pdf_pages_1based"": [178], ""printed_page_label"": ""178"", ""source_document_id"": ""src-032-010oll-exokrines-pankreaskarzinom-2025-06-44df7e615f31"", ""source_file_name"": ""032-010OLl_Exokrines-Pankreaskarzinom_2025-06.pdf"", ""source_native_item_number"": ""8.26"", ""source_role"": ""guideline"", ""source_status"": ""final"", ""source_version_id"": ""sv-44df7e615f31f73867061691""}","[""ru-068e5dc809613aa6a5a26144"", ""ru-36ff7898a6b3ba242ea8b9f3"", ""ru-3e32e0e397940f41a6640085"", ""ru-2a60cece8bdad27d682ebb6e""]",True,True,active_validated,[]
smpc-guideline-bridge-1.0.0,bridge-7d324b5ae31c8d53c7b4acfe,cs-f61b3d4e90089c1b890c23cb,smPC_to_guideline,src-5-fu-medac-50-mg-ml-injektionsloesung-1c24cd77ce94,sv-1c24cd77ce94e05b0cf0719c,5-fu-medac-50-mg-ml-injektionsloesung.pdf,"5‑FU medac 50 mg/ml, Injektionslösung",5-FU medac,"[""product-1e8e6b78fdbdd7afa226cf2f""]","[""5-FU medac""]",substance-7628b2bf5f1c0431123bef11,5-Fluorouracil,"[""5-FU"", ""5-Fluorouracil""]",5-FU,ru-2fbdc2f92f6edd031f368734,src-032-010oll-exokrines-pankreaskarzinom-2025-06-44df7e615f31,"[""rec-1ca1707c379664f66b288450""]",[],,smpc_product_substance_to_guideline_mention,normalized_alias,0.95,"[{""evidence_id"": ""ru-068e5dc809613aa6a5a26144"", ""pdf_pages_1based"": [1], ""printed_page_label"": ""1"", ""source_document_id"": ""src-5-fu-medac-50-mg-ml-injektionsloesung-1c24cd77ce94"", ""source_file_name"": ""5-fu-medac-50-mg-ml-injektionsloesung.pdf"", ""source_native_item_number"": null, ""source_role"": ""smPC"", ""source_status"": ""current_at_snapshot"", ""source_version_id"": ""sv-1c24cd77ce94e05b0cf0719c""}, {""evidence_id"": ""ru-36ff7898a6b3ba242ea8b9f3"", ""pdf_pages_1based"": [6], ""printed_page_label"": ""6"", ""source_document_id"": ""src-5-fu-medac-50-mg-ml-injektionsloesung-1c24cd77ce94"", ""source_file_name"": ""5-fu-medac-50-mg-ml-injektionsloesung.pdf"", ""source_native_item_number"": null, ""source_role"": ""smPC"", ""source_status"": ""current_at_snapshot"", ""source_version_id"": ""sv-1c24cd77ce94e05b0cf0719c""}, {""evidence_id"": ""ru-3e32e0e397940f41a6640085"", ""pdf_pages_1based"": [4], ""printed_page_label"": ""4"", ""source_document_id"": ""src-5-fu-medac-50-mg-ml-injektionsloesung-1c24cd77ce94"", ""source_file_name"": ""5-fu-medac-50-mg-ml-injektionsloesung.pdf"", ""source_native_item_number"": null, ""source_role"": ""smPC"", ""source_status"": ""current_at_snapshot"", ""source_version_id"": ""sv-1c24cd77ce94e05b0cf0719c""}]","{""evidence_id"": ""ru-2fbdc2f92f6edd031f368734"", ""pdf_pages_1based"": [180], ""printed_page_label"": ""180"", ""source_document_id"": ""src-032-010oll-exokrines-pankreaskarzinom-2025-06-44df7e615f31"", ""source_file_name"": ""032-010OLl_Exokrines-Pankreaskarzinom_2025-06.pdf"", ""source_native_item_number"": null, ""source_role"": ""guideline"", ""source_status"": ""final"", ""source_version_id"": ""sv-44df7e615f31f73867061691""}","[""ru-068e5dc809613aa6a5a26144"", ""ru-36ff7898a6b3ba242ea8b9f3"", ""ru-3e32e0e397940f41a6640085"", ""ru-2fbdc2f92f6edd031f368734""]",True,True,active_validated,[]
smpc-guideline-bridge-1.0.0,bridge-d26773af3a3980aca93dd190,cs-f61b3d4e90089c1b890c23cb,smPC_to_guideline,src-5-fu-medac-50-mg-ml-injektionsloesung-1c24cd77ce94,sv-1c24cd77ce94e05b0cf0719c,5-fu-medac-50-mg-ml-injektionsloesung.pdf,"5‑FU medac 50 mg/ml, Injektionslösung",5-FU medac,"[""product-1e8e6b78fdbdd7afa226cf2f""]","[""5-FU medac""]",substance-7628b2bf5f1c0431123bef11,5-Fluorouracil,"[""5-FU"", ""5-Fluorouracil""]",5-FU,ru-3272e2d89af3974a1d5ae9a0,src-032-010oll-exokrines-pankreaskarzinom-2025-06-44df7e615f31,"[""rec-ace5034322bdd8348823ce0b""]",[],,smpc_product_substance_to_guideline_mention,normalized_alias,0.95,"[{""evidence_id"": ""ru-068e5dc809613aa6a5a26144"", ""pdf_pages_1based"": [1], ""printed_page_label"": ""1"", ""source_document_id"": ""src-5-fu-medac-50-mg-ml-injektionsloesung-1c24cd77ce94"", ""source_file_name"": ""5-fu-medac-50-mg-ml-injektionsloesung.pdf"", ""source_native_item_number"": null, ""source_role"": ""smPC"", ""source_status"": ""current_at_snapshot"", ""source_version_id"": ""sv-1c24cd77ce94e05b0cf0719c""}, {""evidence_id"": ""ru-36ff7898a6b3ba242ea8b9f3"", ""pdf_pages_1based"": [6], ""printed_page_label"": ""6"", ""source_document_id"": ""src-5-fu-medac-50-mg-ml-injektionsloesung-1c24cd77ce94"", ""source_file_name"": ""5-fu-medac-50-mg-ml-injektionsloesung.pdf"", ""source_native_item_number"": null, ""source_role"": ""smPC"", ""source_status"": ""current_at_snapshot"", ""source_version_id"": ""sv-1c24cd77ce94e05b0cf0719c""}, {""evidence_id"": ""ru-3e32e0e397940f41a6640085"", ""pdf_pages_1based"": [4], ""printed_page_label"": ""4"", ""source_document_id"": ""src-5-fu-medac-50-mg-ml-injektionsloesung-1c24cd77ce94"", ""source_file_name"": ""5-fu-medac-50-mg-ml-injektionsloesung.pdf"", ""source_native_item_number"": null, ""source_role"": ""smPC"", ""source_status"": ""current_at_snapshot"", ""source_version_id"": ""sv-1c24cd77ce94e05b0cf0719c""}]","{""evidence_id"": ""ru-3272e2d89af3974a1d5ae9a0"", ""pdf_pages_1based"": [185], ""printed_page_label"": ""185"", ""source_document_id"": ""src-032-010oll-exokrines-pankreaskarzinom-2025-06-44df7e615f31"", ""source_file_name"": ""032-010OLl_Exokrines-Pankreaskarzinom_2025-06.pdf"", ""source_native_item_number"": null, ""source_role"": ""guideline"", ""source_status"": ""final"", ""source_version_id"": ""sv-44df7e615f31f73867061691""}","[""ru-068e5dc809613aa6a5a26144"", ""ru-36ff7898a6b3ba242ea8b9f3"", ""ru-3e32e0e397940f41a6640085"", ""ru-3272e2d89af3974a1d5ae9a0""]",True,True,active_validated,[]
smpc-guideline-bridge-1.0.0,bridge-86a3597dfb730ab7f3669332,cs-f61b3d4e90089c1b890c23cb,smPC_to_guideline,src-5-fu-medac-50-mg-ml-injektionsloesung-1c24cd77ce94,sv-1c24cd77ce94e05b0cf0719c,5-fu-medac-50-mg-ml-injektionsloesung.pdf,"5‑FU medac 50 mg/ml, Injektionslösung",5-FU medac,"[""product-1e8e6b78fdbdd7afa226cf2f""]","[""5-FU medac""]",substance-7628b2bf5f1c0431123bef11,5-Fluorouracil,"[""5-FU"", ""5-Fluorouracil""]",5-FU,ru-3d2cfa52556dbb42991b758f,src-032-010oll-exokrines-pankreaskarzinom-2025-06-44df7e615f31,"[""rec-c982e8af8e1703f769b5cd54""]",[],,smpc_product_substance_to_guideline_mention,normalized_alias,0.95,"[{""evidence_id"": ""ru-068e5dc809613aa6a5a26144"", ""pdf_pages_1based"": [1], ""printed_page_label"": ""1"", ""source_document_id"": ""src-5-fu-medac-50-mg-ml-injektionsloesung-1c24cd77ce94"", ""source_file_name"": ""5-fu-medac-50-mg-ml-injektionsloesung.pdf"", ""source_native_item_number"": null, ""source_role"": ""smPC"", ""source_status"": ""current_at_snapshot"", ""source_version_id"": ""sv-1c24cd77ce94e05b0cf0719c""}, {""evidence_id"": ""ru-36ff7898a6b3ba242ea8b9f3"", ""pdf_pages_1based"": [6], ""printed_page_label"": ""6"", ""source_document_id"": ""src-5-fu-medac-50-mg-ml-injektionsloesung-1c24cd77ce94"", ""source_file_name"": ""5-fu-medac-50-mg-ml-injektionsloesung.pdf"", ""source_native_item_number"": null, ""source_role"": ""smPC"", ""source_status"": ""current_at_snapshot"", ""source_version_id"": ""sv-1c24cd77ce94e05b0cf0719c""}, {""evidence_id"": ""ru-3e32e0e397940f41a6640085"", ""pdf_pages_1based"": [4], ""printed_page_label"": ""4"", ""source_document_id"": ""src-5-fu-medac-50-mg-ml-injektionsloesung-1c24cd77ce94"", ""source_file_name"": ""5-fu-medac-50-mg-ml-injektionsloesung.pdf"", ""source_native_item_number"": null, ""source_role"": ""smPC"", ""source_status"": ""current_at_snapshot"", ""source_version_id"": ""sv-1c24cd77ce94e05b0cf0719c""}]","{""evidence_id"": ""ru-3d2cfa52556dbb42991b758f"", ""pdf_pages_1based"": [179, 180], ""printed_page_label"": ""179-180"", ""source_document_id"": ""src-032-010oll-exokrines-pankreaskarzinom-2025-06-44df7e615f31"", ""source_file_name"": ""032-010OLl_Exokrines-Pankreaskarzinom_2025-06.pdf"", ""source_native_item_number"": null, ""source_role"": ""guideline"", ""source_status"": ""final"", ""source_version_id"": ""sv-44df7e615f31f73867061691""}","[""ru-068e5dc809613aa6a5a26144"", ""ru-36ff7898a6b3ba242ea8b9f3"", ""ru-3e32e0e397940f41a6640085"", ""ru-3d2cfa52556dbb42991b758f""]",True,True,active_validated,[]
smpc-guideline-bridge-1.0.0,bridge-60b17e8c2be4a218ef08e39a,cs-f61b3d4e90089c1b890c23cb,smPC_to_guideline,src-5-fu-medac-50-mg-ml-injektionsloesung-1c24cd77ce94,sv-1c24cd77ce94e05b0cf0719c,5-fu-medac-50-mg-ml-injektionsloesung.pdf,"5‑FU medac 50 mg/ml, Injektionslösung",5-FU medac,"[""product-1e8e6b78fdbdd7afa226cf2f""]","[""5-FU medac""]",substance-7628b2bf5f1c0431123bef11,5-Fluorouracil,"[""5-FU"", ""5-Fluorouracil""]",5-Fluorouracil,ru-403589d38a0cee797eeebde0,src-032-010oll-exokrines-pankreaskarzinom-2025-06-44df7e615f31,"[""rec-7ad972eb7d4472100fc8ec70""]",[],,smpc_product_substance_to_guideline_mention,exact,1.0,"[{""evidence_id"": ""ru-068e5dc809613aa6a5a26144"", ""pdf_pages_1based"": [1], ""printed_page_label"": ""1"", ""source_document_id"": ""src-5-fu-medac-50-mg-ml-injektionsloesung-1c24cd77ce94"", ""source_file_name"": ""5-fu-medac-50-mg-ml-injektionsloesung.pdf"", ""source_native_item_number"": null, ""source_role"": ""smPC"", ""source_status"": ""current_at_snapshot"", ""source_version_id"": ""sv-1c24cd77ce94e05b0cf0719c""}, {""evidence_id"": ""ru-36ff7898a6b3ba242ea8b9f3"", ""pdf_pages_1based"": [6], ""printed_page_label"": ""6"", ""source_document_id"": ""src-5-fu-medac-50-mg-ml-injektionsloesung-1c24cd77ce94"", ""source_file_name"": ""5-fu-medac-50-mg-ml-injektionsloesung.pdf"", ""source_native_item_number"": null, ""source_role"": ""smPC"", ""source_status"": ""current_at_snapshot"", ""source_version_id"": ""sv-1c24cd77ce94e05b0cf0719c""}, {""evidence_id"": ""ru-3e32e0e397940f41a6640085"", ""pdf_pages_1based"": [4], ""printed_page_label"": ""4"", ""source_document_id"": ""src-5-fu-medac-50-mg-ml-injektionsloesung-1c24cd77ce94"", ""source_file_name"": ""5-fu-medac-50-mg-ml-injektionsloesung.pdf"", ""source_native_item_number"": null, ""source_role"": ""smPC"", ""source_status"": ""current_at_snapshot"", ""source_version_id"": ""sv-1c24cd77ce94e05b0cf0719c""}]","{""evidence_id"": ""ru-403589d38a0cee797eeebde0"", ""pdf_pages_1based"": [159], ""printed_page_label"": ""159"", ""source_document_id"": ""src-032-010oll-exokrines-pankreaskarzinom-2025-06-44df7e615f31"", ""source_file_name"": ""032-010OLl_Exokrines-Pankreaskarzinom_2025-06.pdf"", ""source_native_item_number"": null, ""source_role"": ""guideline"", ""source_status"": ""final"", ""source_version_id"": ""sv-44df7e615f31f73867061691""}","[""ru-068e5dc809613aa6a5a26144"", ""ru-36ff7898a6b3ba242ea8b9f3"", ""ru-3e32e0e397940f41a6640085"", ""ru-403589d38a0cee797eeebde0""]",True,True,active_validated,[]
smpc-guideline-bridge-1.0.0,bridge-88f8c0d558ef9272b52a79bf,cs-f61b3d4e90089c1b890c23cb,smPC_to_guideline,src-5-fu-medac-50-mg-ml-injektionsloesung-1c24cd77ce94,sv-1c24cd77ce94e05b0cf0719c,5-fu-medac-50-mg-ml-injektionsloesung.pdf,"5‑FU medac 50 mg/ml, Injektionslösung",5-FU medac,"[""product-1e8e6b78fdbdd7afa226cf2f""]","[""5-FU medac""]",substance-7628b2bf5f1c0431123bef11,5-Fluorouracil,"[""5-FU"", ""5-Fluorouracil""]",5-FU,ru-4417947576d3e739fdd97a14,src-032-010oll-exokrines-pankreaskarzinom-2025-06-44df7e615f31,"[""rec-438e17f3cc13b3dcc29abefb""]",[],,smpc_product_substance_to_guideline_mention,normalized_alias,0.95,"[{""evidence_id"": ""ru-068e5dc809613aa6a5a26144"", ""pdf_pages_1based"": [1], ""printed_page_label"": ""1"", ""source_document_id"": ""src-5-fu-medac-50-mg-ml-injektionsloesung-1c24cd77ce94"", ""source_file_name"": ""5-fu-medac-50-mg-ml-injektionsloesung.pdf"", ""source_native_item_number"": null, ""source_role"": ""smPC"", ""source_status"": ""current_at_snapshot"", ""source_version_id"": ""sv-1c24cd77ce94e05b0cf0719c""}, {""evidence_id"": ""ru-36ff7898a6b3ba242ea8b9f3"", ""pdf_pages_1based"": [6], ""printed_page_label"": ""6"", ""source_document_id"": ""src-5-fu-medac-50-mg-ml-injektionsloesung-1c24cd77ce94"", ""source_file_name"": ""5-fu-medac-50-mg-ml-injektionsloesung.pdf"", ""source_native_item_number"": null, ""source_role"": ""smPC"", ""source_status"": ""current_at_snapshot"", ""source_version_id"": ""sv-1c24cd77ce94e05b0cf0719c""}, {""evidence_id"": ""ru-3e32e0e397940f41a6640085"", ""pdf_pages_1based"": [4], ""printed_page_label"": ""4"", ""source_document_id"": ""src-5-fu-medac-50-mg-ml-injektionsloesung-1c24cd77ce94"", ""source_file_name"": ""5-fu-medac-50-mg-ml-injektionsloesung.pdf"", ""source_native_item_number"": null, ""source_role"": ""smPC"", ""source_status"": ""current_at_snapshot"", ""source_version_id"": ""sv-1c24cd77ce94e05b0cf0719c""}]","{""evidence_id"": ""ru-4417947576d3e739fdd97a14"", ""pdf_pages_1based"": [138], ""printed_page_label"": ""138"", ""source_document_id"": ""src-032-010oll-exokrines-pankreaskarzinom-2025-06-44df7e615f31"", ""source_file_name"": ""032-010OLl_Exokrines-Pankreaskarzinom_2025-06.pdf"", ""source_native_item_number"": null, ""source_role"": ""guideline"", ""source_status"": ""final"", ""source_version_id"": ""sv-44df7e615f31f73867061691""}","[""ru-068e5dc809613aa6a5a26144"", ""ru-36ff7898a6b3ba242ea8b9f3"", ""ru-3e32e0e397940f41a6640085"", ""ru-4417947576d3e739fdd97a14""]",True,True,active_validated,[]
smpc-guideline-bridge-1.0.0,bridge-8c3083585bb1edc96c7bb9ea,cs-f61b3d4e90089c1b890c23cb,smPC_to_guideline,src-5-fu-medac-50-mg-ml-injektionsloesung-1c24cd77ce94,sv-1c24cd77ce94e05b0cf0719c,5-fu-medac-50-mg-ml-injektionsloesung.pdf,"5‑FU medac 50 mg/ml, Injektionslösung",5-FU medac,"[""product-1e8e6b78fdbdd7afa226cf2f""]","[""5-FU medac""]",substance-7628b2bf5f1c0431123bef11,5-Fluorouracil,"[""5-FU"", ""5-Fluorouracil""]",5-FU,ru-4ccf9585e9a6e38c5d08f0d6,src-032-010oll-exokrines-pankreaskarzinom-2025-06-44df7e615f31,"[""rec-ca627a82f3c325fdaa342d9a""]",[],,smpc_product_substance_to_guideline_mention,normalized_alias,0.95,"[{""evidence_id"": ""ru-068e5dc809613aa6a5a26144"", ""pdf_pages_1based"": [1], ""printed_page_label"": ""1"", ""source_document_id"": ""src-5-fu-medac-50-mg-ml-injektionsloesung-1c24cd77ce94"", ""source_file_name"": ""5-fu-medac-50-mg-ml-injektionsloesung.pdf"", ""source_native_item_number"": null, ""source_role"": ""smPC"", ""source_status"": ""current_at_snapshot"", ""source_version_id"": ""sv-1c24cd77ce94e05b0cf0719c""}, {""evidence_id"": ""ru-36ff7898a6b3ba242ea8b9f3"", ""pdf_pages_1based"": [6], ""printed_page_label"": ""6"", ""source_document_id"": ""src-5-fu-medac-50-mg-ml-injektionsloesung-1c24cd77ce94"", ""source_file_name"": ""5-fu-medac-50-mg-ml-injektionsloesung.pdf"", ""source_native_item_number"": null, ""source_role"": ""smPC"", ""source_status"": ""current_at_snapshot"", ""source_version_id"": ""sv-1c24cd77ce94e05b0cf0719c""}, {""evidence_id"": ""ru-3e32e0e397940f41a6640085"", ""pdf_pages_1based"": [4], ""printed_page_label"": ""4"", ""source_document_id"": ""src-5-fu-medac-50-mg-ml-injektionsloesung-1c24cd77ce94"", ""source_file_name"": ""5-fu-medac-50-mg-ml-injektionsloesung.pdf"", ""source_native_item_number"": null, ""source_role"": ""smPC"", ""source_status"": ""current_at_snapshot"", ""source_version_id"": ""sv-1c24cd77ce94e05b0cf0719c""}]","{""evidence_id"": ""ru-4ccf9585e9a6e38c5d08f0d6"", ""pdf_pages_1based"": [139], ""printed_page_label"": ""139"", ""source_document_id"": ""src-032-010oll-exokrines-pankreaskarzinom-2025-06-44df7e615f31"", ""source_file_name"": ""032-010OLl_Exokrines-Pankreaskarzinom_2025-06.pdf"", ""source_native_item_number"": null, ""source_role"": ""guideline"", ""source_status"": ""final"", ""source_version_id"": ""sv-44df7e615f31f73867061691""}","[""ru-068e5dc809613aa6a5a26144"", ""ru-36ff7898a6b3ba242ea8b9f3"", ""ru-3e32e0e397940f41a6640085"", ""ru-4ccf9585e9a6e38c5d08f0d6""]",True,True,active_validated,[]
smpc-guideline-bridge-1.0.0,bridge-c20d74b2ea300ea99215ce3b,cs-f61b3d4e90089c1b890c23cb,smPC_to_guideline,src-5-fu-medac-50-mg-ml-injektionsloesung-1c24cd77ce94,sv-1c24cd77ce94e05b0cf0719c,5-fu-medac-50-mg-ml-injektionsloesung.pdf,"5‑FU medac 50 mg/ml, Injektionslösung",5-FU medac,"[""product-1e8e6b78fdbdd7afa226cf2f""]","[""5-FU medac""]",substance-7628b2bf5f1c0431123bef11,5-Fluorouracil,"[""5-FU"", ""5-Fluorouracil""]",5-FU,ru-4f82710d5daa9596367005a3,src-s3-ll-hcc-und-bcc-konsultationsfassung-langversion-6-01-1-c1996068a815,"[""rec-b849d6980125fe0432e3e811""]",[],,smpc_product_substance_to_guideline_mention,normalized_alias,0.95,"[{""evidence_id"": ""ru-068e5dc809613aa6a5a26144"", ""pdf_pages_1based"": [1], ""printed_page_label"": ""1"", ""source_document_id"": ""src-5-fu-medac-50-mg-ml-injektionsloesung-1c24cd77ce94"", ""source_file_name"": ""5-fu-medac-50-mg-ml-injektionsloesung.pdf"", ""source_native_item_number"": null, ""source_role"": ""smPC"", ""source_status"": ""current_at_snapshot"", ""source_version_id"": ""sv-1c24cd77ce94e05b0cf0719c""}, {""evidence_id"": ""ru-36ff7898a6b3ba242ea8b9f3"", ""pdf_pages_1based"": [6], ""printed_page_label"": ""6"", ""source_document_id"": ""src-5-fu-medac-50-mg-ml-injektionsloesung-1c24cd77ce94"", ""source_file_name"": ""5-fu-medac-50-mg-ml-injektionsloesung.pdf"", ""source_native_item_number"": null, ""source_role"": ""smPC"", ""source_status"": ""current_at_snapshot"", ""source_version_id"": ""sv-1c24cd77ce94e05b0cf0719c""}, {""evidence_id"": ""ru-3e32e0e397940f41a6640085"", ""pdf_pages_1based"": [4], ""printed_page_label"": ""4"", ""source_document_id"": ""src-5-fu-medac-50-mg-ml-injektionsloesung-1c24cd77ce94"", ""source_file_name"": ""5-fu-medac-50-mg-ml-injektionsloesung.pdf"", ""source_native_item_number"": null, ""source_role"": ""smPC"", ""source_status"": ""current_at_snapshot"", ""source_version_id"": ""sv-1c24cd77ce94e05b0cf0719c""}]","{""evidence_id"": ""ru-4f82710d5daa9596367005a3"", ""pdf_pages_1based"": [172, 173], ""printed_page_label"": ""172"", ""source_document_id"": ""src-s3-ll-hcc-und-bcc-konsultationsfassung-langversion-6-01-1-c1996068a815"", ""source_file_name"": ""S3_LL_HCC_und_BCC_Konsultationsfassung_Langversion_6.01 (1).pdf"", ""source_native_item_number"": null, ""source_role"": ""guideline"", ""source_status"": ""consultation_draft"", ""source_version_id"": ""sv-c1996068a81551f2fd14a9f4""}","[""ru-068e5dc809613aa6a5a26144"", ""ru-36ff7898a6b3ba242ea8b9f3"", ""ru-3e32e0e397940f41a6640085"", ""ru-4f82710d5daa9596367005a3""]",True,True,active_source_status_review,"[""guideline_source_not_final""]"
smpc-guideline-bridge-1.0.0,bridge-3b472a2dfac050285840bd7c,cs-f61b3d4e90089c1b890c23cb,smPC_to_guideline,src-5-fu-medac-50-mg-ml-injektionsloesung-1c24cd77ce94,sv-1c24cd77ce94e05b0cf0719c,5-fu-medac-50-mg-ml-injektionsloesung.pdf,"5‑FU medac 50 mg/ml, Injektionslösung",5-FU medac,"[""product-1e8e6b78fdbdd7afa226cf2f""]","[""5-FU medac""]",substance-7628b2bf5f1c0431123bef11,5-Fluorouracil,"[""5-FU"", ""5-Fluorouracil""]",5-FU,ru-54aa3b914024918961af20dc,src-032-010oll-exokrines-pankreaskarzinom-2025-06-44df7e615f31,"[""rec-e68a8c85986c5e5258b25b2a""]",[],,smpc_product_substance_to_guideline_mention,normalized_alias,0.95,"[{""evidence_id"": ""ru-068e5dc809613aa6a5a26144"", ""pdf_pages_1based"": [1], ""printed_page_label"": ""1"", ""source_document_id"": ""src-5-fu-medac-50-mg-ml-injektionsloesung-1c24cd77ce94"", ""source_file_name"": ""5-fu-medac-50-mg-ml-injektionsloesung.pdf"", ""source_native_item_number"": null, ""source_role"": ""smPC"", ""source_status"": ""current_at_snapshot"", ""source_version_id"": ""sv-1c24cd77ce94e05b0cf0719c""}, {""evidence_id"": ""ru-36ff7898a6b3ba242ea8b9f3"", ""pdf_pages_1based"": [6], ""printed_page_label"": ""6"", ""source_document_id"": ""src-5-fu-medac-50-mg-ml-injektionsloesung-1c24cd77ce94"", ""source_file_name"": ""5-fu-medac-50-mg-ml-injektionsloesung.pdf"", ""source_native_item_number"": null, ""source_role"": ""smPC"", ""source_status"": ""current_at_snapshot"", ""source_version_id"": ""sv-1c24cd77ce94e05b0cf0719c""}, {""evidence_id"": ""ru-3e32e0e397940f41a6640085"", ""pdf_pages_1based"": [4], ""printed_page_label"": ""4"", ""source_document_id"": ""src-5-fu-medac-50-mg-ml-injektionsloesung-1c24cd77ce94"", ""source_file_name"": ""5-fu-medac-50-mg-ml-injektionsloesung.pdf"", ""source_native_item_number"": null, ""source_role"": ""smPC"", ""source_status"": ""current_at_snapshot"", ""source_version_id"": ""sv-1c24cd77ce94e05b0cf0719c""}]","{""evidence_id"": ""ru-54aa3b914024918961af20dc"", ""pdf_pages_1based"": [182, 183], ""printed_page_label"": ""182-183"", ""source_document_id"": ""src-032-010oll-exokrines-pankreaskarzinom-2025-06-44df7e615f31"", ""source_file_name"": ""032-010OLl_Exokrines-Pankreaskarzinom_2025-06.pdf"", ""source_native_item_number"": null, ""source_role"": ""guideline"", ""source_status"": ""final"", ""source_version_id"": ""sv-44df7e615f31f73867061691""}","[""ru-068e5dc809613aa6a5a26144"", ""ru-36ff7898a6b3ba242ea8b9f3"", ""ru-3e32e0e397940f41a6640085"", ""ru-54aa3b914024918961af20dc""]",True,True,active_validated,[]
smpc-guideline-bridge-1.0.0,bridge-0ced0ba96643e68f6c12a2b5,cs-f61b3d4e90089c1b890c23cb,smPC_to_guideline,src-5-fu-medac-50-mg-ml-injektionsloesung-1c24cd77ce94,sv-1c24cd77ce94e05b0cf0719c,5-fu-medac-50-mg-ml-injektionsloesung.pdf,"5‑FU medac 50 mg/ml, Injektionslösung",5-FU medac,"[""product-1e8e6b78fdbdd7afa226cf2f""]","[""5-FU medac""]",substance-7628b2bf5f1c0431123bef11,5-Fluorouracil,"[""5-FU"", ""5-Fluorouracil""]",5-FU,ru-5d74d62a0635340313709653,src-032-010oll-exokrines-pankreaskarzinom-2025-06-44df7e615f31,"[""rec-5f1e3c22c17c6d6cf53884f0""]","[""formal-a912a7f5428145865abf59ab""]",8.15,smpc_product_substance_to_guideline_mention,normalized_alias,0.95,"[{""evidence_id"": ""ru-068e5dc809613aa6a5a26144"", ""pdf_pages_1based"": [1], ""printed_page_label"": ""1"", ""source_document_id"": ""src-5-fu-medac-50-mg-ml-injektionsloesung-1c24cd77ce94"", ""source_file_name"": ""5-fu-medac-50-mg-ml-injektionsloesung.pdf"", ""source_native_item_number"": null, ""source_role"": ""smPC"", ""source_status"": ""current_at_snapshot"", ""source_version_id"": ""sv-1c24cd77ce94e05b0cf0719c""}, {""evidence_id"": ""ru-36ff7898a6b3ba242ea8b9f3"", ""pdf_pages_1based"": [6], ""printed_page_label"": ""6"", ""source_document_id"": ""src-5-fu-medac-50-mg-ml-injektionsloesung-1c24cd77ce94"", ""source_file_name"": ""5-fu-medac-50-mg-ml-injektionsloesung.pdf"", ""source_native_item_number"": null, ""source_role"": ""smPC"", ""source_status"": ""current_at_snapshot"", ""source_version_id"": ""sv-1c24cd77ce94e05b0cf0719c""}, {""evidence_id"": ""ru-3e32e0e397940f41a6640085"", ""pdf_pages_1based"": [4], ""printed_page_label"": ""4"", ""source_document_id"": ""src-5-fu-medac-50-mg-ml-injektionsloesung-1c24cd77ce94"", ""source_file_name"": ""5-fu-medac-50-mg-ml-injektionsloesung.pdf"", ""source_native_item_number"": null, ""source_role"": ""smPC"", ""source_status"": ""current_at_snapshot"", ""source_version_id"": ""sv-1c24cd77ce94e05b0cf0719c""}]","{""evidence_id"": ""ru-5d74d62a0635340313709653"", ""pdf_pages_1based"": [167], ""printed_page_label"": null, ""source_document_id"": ""src-032-010oll-exokrines-pankreaskarzinom-2025-06-44df7e615f31"", ""source_file_name"": ""032-010OLl_Exokrines-Pankreaskarzinom_2025-06.pdf"", ""source_native_item_number"": ""8.15"", ""source_role"": ""guideline"", ""source_status"": ""final"", ""source_version_id"": ""sv-44df7e615f31f73867061691""}","[""ru-068e5dc809613aa6a5a26144"", ""ru-36ff7898a6b3ba242ea8b9f3"", ""ru-3e32e0e397940f41a6640085"", ""ru-5d74d62a0635340313709653""]",True,True,active_validated,[]
smpc-guideline-bridge-1.0.0,bridge-17438129cede6c0f493b9e7e,cs-f61b3d4e90089c1b890c23cb,smPC_to_guideline,src-5-fu-medac-50-mg-ml-injektionsloesung-1c24cd77ce94,sv-1c24cd77ce94e05b0cf0719c,5-fu-medac-50-mg-ml-injektionsloesung.pdf,"5‑FU medac 50 mg/ml, Injektionslösung",5-FU medac,"[""product-1e8e6b78fdbdd7afa226cf2f""]","[""5-FU medac""]",substance-7628b2bf5f1c0431123bef11,5-Fluorouracil,"[""5-FU"", ""5-Fluorouracil""]",5-FU,ru-67c1b8a68f354f621ad9aff7,src-032-010oll-exokrines-pankreaskarzinom-2025-06-44df7e615f31,"[""rec-12267cbc112a289c43e5e084""]",[],,smpc_product_substance_to_guideline_mention,normalized_alias,0.95,"[{""evidence_id"": ""ru-068e5dc809613aa6a5a26144"", ""pdf_pages_1based"": [1], ""printed_page_label"": ""1"", ""source_document_id"": ""src-5-fu-medac-50-mg-ml-injektionsloesung-1c24cd77ce94"", ""source_file_name"": ""5-fu-medac-50-mg-ml-injektionsloesung.pdf"", ""source_native_item_number"": null, ""source_role"": ""smPC"", ""source_status"": ""current_at_snapshot"", ""source_version_id"": ""sv-1c24cd77ce94e05b0cf0719c""}, {""evidence_id"": ""ru-36ff7898a6b3ba242ea8b9f3"", ""pdf_pages_1based"": [6], ""printed_page_label"": ""6"", ""source_document_id"": ""src-5-fu-medac-50-mg-ml-injektionsloesung-1c24cd77ce94"", ""source_file_name"": ""5-fu-medac-50-mg-ml-injektionsloesung.pdf"", ""source_native_item_number"": null, ""source_role"": ""smPC"", ""source_status"": ""current_at_snapshot"", ""source_version_id"": ""sv-1c24cd77ce94e05b0cf0719c""}, {""evidence_id"": ""ru-3e32e0e397940f41a6640085"", ""pdf_pages_1based"": [4], ""printed_page_label"": ""4"", ""source_document_id"": ""src-5-fu-medac-50-mg-ml-injektionsloesung-1c24cd77ce94"", ""source_file_name"": ""5-fu-medac-50-mg-ml-injektionsloesung.pdf"", ""source_native_item_number"": null, ""source_role"": ""smPC"", ""source_status"": ""current_at_snapshot"", ""source_version_id"": ""sv-1c24cd77ce94e05b0cf0719c""}]","{""evidence_id"": ""ru-67c1b8a68f354f621ad9aff7"", ""pdf_pages_1based"": [135], ""printed_page_label"": ""135"", ""source_document_id"": ""src-032-010oll-exokrines-pankreaskarzinom-2025-06-44df7e615f31"", ""source_file_name"": ""032-010OLl_Exokrines-Pankreaskarzinom_2025-06.pdf"", ""source_native_item_number"": null, ""source_role"": ""guideline"", ""source_status"": ""final"", ""source_version_id"": ""sv-44df7e615f31f73867061691""}","[""ru-068e5dc809613aa6a5a26144"", ""ru-36ff7898a6b3ba242ea8b9f3"", ""ru-3e32e0e397940f41a6640085"", ""ru-67c1b8a68f354f621ad9aff7""]",True,True,active_validated,[]
smpc-guideline-bridge-1.0.0,bridge-86e0304e37f16834c4739c48,cs-f61b3d4e90089c1b890c23cb,smPC_to_guideline,src-5-fu-medac-50-mg-ml-injektionsloesung-1c24cd77ce94,sv-1c24cd77ce94e05b0cf0719c,5-fu-medac-50-mg-ml-injektionsloesung.pdf,"5‑FU medac 50 mg/ml, Injektionslösung",5-FU medac,"[""product-1e8e6b78fdbdd7afa226cf2f""]","[""5-FU medac""]",substance-7628b2bf5f1c0431123bef11,5-Fluorouracil,"[""5-FU"", ""5-Fluorouracil""]",5-FU,ru-6e28ed5e73ac183f4a919766,src-032-010oll-exokrines-pankreaskarzinom-2025-06-44df7e615f31,"[""rec-23e380d572447e1c93bddbba""]",[],,smpc_product_substance_to_guideline_mention,normalized_alias,0.95,"[{""evidence_id"": ""ru-068e5dc809613aa6a5a26144"", ""pdf_pages_1based"": [1], ""printed_page_label"": ""1"", ""source_document_id"": ""src-5-fu-medac-50-mg-ml-injektionsloesung-1c24cd77ce94"", ""source_file_name"": ""5-fu-medac-50-mg-ml-injektionsloesung.pdf"", ""source_native_item_number"": null, ""source_role"": ""smPC"", ""source_status"": ""current_at_snapshot"", ""source_version_id"": ""sv-1c24cd77ce94e05b0cf0719c""}, {""evidence_id"": ""ru-36ff7898a6b3ba242ea8b9f3"", ""pdf_pages_1based"": [6], ""printed_page_label"": ""6"", ""source_document_id"": ""src-5-fu-medac-50-mg-ml-injektionsloesung-1c24cd77ce94"", ""source_file_name"": ""5-fu-medac-50-mg-ml-injektionsloesung.pdf"", ""source_native_item_number"": null, ""source_role"": ""smPC"", ""source_status"": ""current_at_snapshot"", ""source_version_id"": ""sv-1c24cd77ce94e05b0cf0719c""}, {""evidence_id"": ""ru-3e32e0e397940f41a6640085"", ""pdf_pages_1based"": [4], ""printed_page_label"": ""4"", ""source_document_id"": ""src-5-fu-medac-50-mg-ml-injektionsloesung-1c24cd77ce94"", ""source_file_name"": ""5-fu-medac-50-mg-ml-injektionsloesung.pdf"", ""source_native_item_number"": null, ""source_role"": ""smPC"", ""source_status"": ""current_at_snapshot"", ""source_version_id"": ""sv-1c24cd77ce94e05b0cf0719c""}]","{""evidence_id"": ""ru-6e28ed5e73ac183f4a919766"", ""pdf_pages_1based"": [161], ""printed_page_label"": ""161"", ""source_document_id"": ""src-032-010oll-exokrines-pankreaskarzinom-2025-06-44df7e615f31"", ""source_file_name"": ""032-010OLl_Exokrines-Pankreaskarzinom_2025-06.pdf"", ""source_native_item_number"": null, ""source_role"": ""guideline"", ""source_status"": ""final"", ""source_version_id"": ""sv-44df7e615f31f73867061691""}","[""ru-068e5dc809613aa6a5a26144"", ""ru-36ff7898a6b3ba242ea8b9f3"", ""ru-3e32e0e397940f41a6640085"", ""ru-6e28ed5e73ac183f4a919766""]",True,True,active_validated,[]
smpc-guideline-bridge-1.0.0,bridge-6cc4010782fab5b591f131c2,cs-f61b3d4e90089c1b890c23cb,smPC_to_guideline,src-5-fu-medac-50-mg-ml-injektionsloesung-1c24cd77ce94,sv-1c24cd77ce94e05b0cf0719c,5-fu-medac-50-mg-ml-injektionsloesung.pdf,"5‑FU medac 50 mg/ml, Injektionslösung",5-FU medac,"[""product-1e8e6b78fdbdd7afa226cf2f""]","[""5-FU medac""]",substance-7628b2bf5f1c0431123bef11,5-Fluorouracil,"[""5-FU"", ""5-Fluorouracil""]",5-Fluorouracil,ru-7a3509e0539651b819741c55,src-s3-ll-hcc-und-bcc-konsultationsfassung-langversion-6-01-1-c1996068a815,"[""rec-37f9e4c88d8931208208bfca""]",[],,smpc_product_substance_to_guideline_mention,exact,1.0,"[{""evidence_id"": ""ru-068e5dc809613aa6a5a26144"", ""pdf_pages_1based"": [1], ""printed_page_label"": ""1"", ""source_document_id"": ""src-5-fu-medac-50-mg-ml-injektionsloesung-1c24cd77ce94"", ""source_file_name"": ""5-fu-medac-50-mg-ml-injektionsloesung.pdf"", ""source_native_item_number"": null, ""source_role"": ""smPC"", ""source_status"": ""current_at_snapshot"", ""source_version_id"": ""sv-1c24cd77ce94e05b0cf0719c""}, {""evidence_id"": ""ru-36ff7898a6b3ba242ea8b9f3"", ""pdf_pages_1based"": [6], ""printed_page_label"": ""6"", ""source_document_id"": ""src-5-fu-medac-50-mg-ml-injektionsloesung-1c24cd77ce94"", ""source_file_name"": ""5-fu-medac-50-mg-ml-injektionsloesung.pdf"", ""source_native_item_number"": null, ""source_role"": ""smPC"", ""source_status"": ""current_at_snapshot"", ""source_version_id"": ""sv-1c24cd77ce94e05b0cf0719c""}, {""evidence_id"": ""ru-3e32e0e397940f41a6640085"", ""pdf_pages_1based"": [4], ""printed_page_label"": ""4"", ""source_document_id"": ""src-5-fu-medac-50-mg-ml-injektionsloesung-1c24cd77ce94"", ""source_file_name"": ""5-fu-medac-50-mg-ml-injektionsloesung.pdf"", ""source_native_item_number"": null, ""source_role"": ""smPC"", ""source_status"": ""current_at_snapshot"", ""source_version_id"": ""sv-1c24cd77ce94e05b0cf0719c""}]","{""evidence_id"": ""ru-7a3509e0539651b819741c55"", ""pdf_pages_1based"": [115, 116], ""printed_page_label"": ""115"", ""source_document_id"": ""src-s3-ll-hcc-und-bcc-konsultationsfassung-langversion-6-01-1-c1996068a815"", ""source_file_name"": ""S3_LL_HCC_und_BCC_Konsultationsfassung_Langversion_6.01 (1).pdf"", ""source_native_item_number"": null, ""source_role"": ""guideline"", ""source_status"": ""consultation_draft"", ""source_version_id"": ""sv-c1996068a81551f2fd14a9f4""}","[""ru-068e5dc809613aa6a5a26144"", ""ru-36ff7898a6b3ba242ea8b9f3"", ""ru-3e32e0e397940f41a6640085"", ""ru-7a3509e0539651b819741c55""]",True,True,active_source_status_review,"[""guideline_source_not_final""]"
smpc-guideline-bridge-1.0.0,bridge-7d99cc47bab823c65ede0ad8,cs-f61b3d4e90089c1b890c23cb,smPC_to_guideline,src-5-fu-medac-50-mg-ml-injektionsloesung-1c24cd77ce94,sv-1c24cd77ce94e05b0cf0719c,5-fu-medac-50-mg-ml-injektionsloesung.pdf,"5‑FU medac 50 mg/ml, Injektionslösung",5-FU medac,"[""product-1e8e6b78fdbdd7afa226cf2f""]","[""5-FU medac""]",substance-7628b2bf5f1c0431123bef11,5-Fluorouracil,"[""5-FU"", ""5-Fluorouracil""]",5-FU,ru-824953fb228ca43a8f9c59af,src-032-010oll-exokrines-pankreaskarzinom-2025-06-44df7e615f31,"[""rec-055bb8d954d56db12097e73b""]",[],,smpc_product_substance_to_guideline_mention,normalized_alias,0.95,"[{""evidence_id"": ""ru-068e5dc809613aa6a5a26144"", ""pdf_pages_1based"": [1], ""printed_page_label"": ""1"", ""source_document_id"": ""src-5-fu-medac-50-mg-ml-injektionsloesung-1c24cd77ce94"", ""source_file_name"": ""5-fu-medac-50-mg-ml-injektionsloesung.pdf"", ""source_native_item_number"": null, ""source_role"": ""smPC"", ""source_status"": ""current_at_snapshot"", ""source_version_id"": ""sv-1c24cd77ce94e05b0cf0719c""}, {""evidence_id"": ""ru-36ff7898a6b3ba242ea8b9f3"", ""pdf_pages_1based"": [6], ""printed_page_label"": ""6"", ""source_document_id"": ""src-5-fu-medac-50-mg-ml-injektionsloesung-1c24cd77ce94"", ""source_file_name"": ""5-fu-medac-50-mg-ml-injektionsloesung.pdf"", ""source_native_item_number"": null, ""source_role"": ""smPC"", ""source_status"": ""current_at_snapshot"", ""source_version_id"": ""sv-1c24cd77ce94e05b0cf0719c""}, {""evidence_id"": ""ru-3e32e0e397940f41a6640085"", ""pdf_pages_1based"": [4], ""printed_page_label"": ""4"", ""source_document_id"": ""src-5-fu-medac-50-mg-ml-injektionsloesung-1c24cd77ce94"", ""source_file_name"": ""5-fu-medac-50-mg-ml-injektionsloesung.pdf"", ""source_native_item_number"": null, ""source_role"": ""smPC"", ""source_status"": ""current_at_snapshot"", ""source_version_id"": ""sv-1c24cd77ce94e05b0cf0719c""}]","{""evidence_id"": ""ru-824953fb228ca43a8f9c59af"", ""pdf_pages_1based"": [167], ""printed_page_label"": null, ""source_document_id"": ""src-032-010oll-exokrines-pankreaskarzinom-2025-06-44df7e615f31"", ""source_file_name"": ""032-010OLl_Exokrines-Pankreaskarzinom_2025-06.pdf"", ""source_native_item_number"": null, ""source_role"": ""guideline"", ""source_status"": ""final"", ""source_version_id"": ""sv-44df7e615f31f73867061691""}","[""ru-068e5dc809613aa6a5a26144"", ""ru-36ff7898a6b3ba242ea8b9f3"", ""ru-3e32e0e397940f41a6640085"", ""ru-824953fb228ca43a8f9c59af""]",True,True,active_validated,[]
smpc-guideline-bridge-1.0.0,bridge-a5ccc3d2a1012b4782a993a7,cs-f61b3d4e90089c1b890c23cb,smPC_to_guideline,src-5-fu-medac-50-mg-ml-injektionsloesung-1c24cd77ce94,sv-1c24cd77ce94e05b0cf0719c,5-fu-medac-50-mg-ml-injektionsloesung.pdf,"5‑FU medac 50 mg/ml, Injektionslösung",5-FU medac,"[""product-1e8e6b78fdbdd7afa226cf2f""]","[""5-FU medac""]",substance-7628b2bf5f1c0431123bef11,5-Fluorouracil,"[""5-FU"", ""5-Fluorouracil""]",5-Fluorouracil,ru-946f922146854ccfaabcbf0f,src-032-010oll-exokrines-pankreaskarzinom-2025-06-44df7e615f31,"[""rec-86a033c03ac2bb312f58586e""]",[],,smpc_product_substance_to_guideline_mention,exact,1.0,"[{""evidence_id"": ""ru-068e5dc809613aa6a5a26144"", ""pdf_pages_1based"": [1], ""printed_page_label"": ""1"", ""source_document_id"": ""src-5-fu-medac-50-mg-ml-injektionsloesung-1c24cd77ce94"", ""source_file_name"": ""5-fu-medac-50-mg-ml-injektionsloesung.pdf"", ""source_native_item_number"": null, ""source_role"": ""smPC"", ""source_status"": ""current_at_snapshot"", ""source_version_id"": ""sv-1c24cd77ce94e05b0cf0719c""}, {""evidence_id"": ""ru-36ff7898a6b3ba242ea8b9f3"", ""pdf_pages_1based"": [6], ""printed_page_label"": ""6"", ""source_document_id"": ""src-5-fu-medac-50-mg-ml-injektionsloesung-1c24cd77ce94"", ""source_file_name"": ""5-fu-medac-50-mg-ml-injektionsloesung.pdf"", ""source_native_item_number"": null, ""source_role"": ""smPC"", ""source_status"": ""current_at_snapshot"", ""source_version_id"": ""sv-1c24cd77ce94e05b0cf0719c""}, {""evidence_id"": ""ru-3e32e0e397940f41a6640085"", ""pdf_pages_1based"": [4], ""printed_page_label"": ""4"", ""source_document_id"": ""src-5-fu-medac-50-mg-ml-injektionsloesung-1c24cd77ce94"", ""source_file_name"": ""5-fu-medac-50-mg-ml-injektionsloesung.pdf"", ""source_native_item_number"": null, ""source_role"": ""smPC"", ""source_status"": ""current_at_snapshot"", ""source_version_id"": ""sv-1c24cd77ce94e05b0cf0719c""}]","{""evidence_id"": ""ru-946f922146854ccfaabcbf0f"", ""pdf_pages_1based"": [163, 164], ""printed_page_label"": null, ""source_document_id"": ""src-032-010oll-exokrines-pankreaskarzinom-2025-06-44df7e615f31"", ""source_file_name"": ""032-010OLl_Exokrines-Pankreaskarzinom_2025-06.pdf"", ""source_native_item_number"": null, ""source_role"": ""guideline"", ""source_status"": ""final"", ""source_version_id"": ""sv-44df7e615f31f73867061691""}","[""ru-068e5dc809613aa6a5a26144"", ""ru-36ff7898a6b3ba242ea8b9f3"", ""ru-3e32e0e397940f41a6640085"", ""ru-946f922146854ccfaabcbf0f""]",True,True,active_validated,[]
smpc-guideline-bridge-1.0.0,bridge-2bca43c9619fd6009246dd3a,cs-f61b3d4e90089c1b890c23cb,smPC_to_guideline,src-5-fu-medac-50-mg-ml-injektionsloesung-1c24cd77ce94,sv-1c24cd77ce94e05b0cf0719c,5-fu-medac-50-mg-ml-injektionsloesung.pdf,"5‑FU medac 50 mg/ml, Injektionslösung",5-FU medac,"[""product-1e8e6b78fdbdd7afa226cf2f""]","[""5-FU medac""]",substance-7628b2bf5f1c0431123bef11,5-Fluorouracil,"[""5-FU"", ""5-Fluorouracil""]",5-Fluorouracil,ru-bd8e54d3952544b9c74a30e1,src-032-010oll-exokrines-pankreaskarzinom-2025-06-44df7e615f31,"[""rec-5dcf7fb2874dd47454b5ebd5""]",[],,smpc_product_substance_to_guideline_mention,exact,1.0,"[{""evidence_id"": ""ru-068e5dc809613aa6a5a26144"", ""pdf_pages_1based"": [1], ""printed_page_label"": ""1"", ""source_document_id"": ""src-5-fu-medac-50-mg-ml-injektionsloesung-1c24cd77ce94"", ""source_file_name"": ""5-fu-medac-50-mg-ml-injektionsloesung.pdf"", ""source_native_item_number"": null, ""source_role"": ""smPC"", ""source_status"": ""current_at_snapshot"", ""source_version_id"": ""sv-1c24cd77ce94e05b0cf0719c""}, {""evidence_id"": ""ru-36ff7898a6b3ba242ea8b9f3"", ""pdf_pages_1based"": [6], ""printed_page_label"": ""6"", ""source_document_id"": ""src-5-fu-medac-50-mg-ml-injektionsloesung-1c24cd77ce94"", ""source_file_name"": ""5-fu-medac-50-mg-ml-injektionsloesung.pdf"", ""source_native_item_number"": null, ""source_role"": ""smPC"", ""source_status"": ""current_at_snapshot"", ""source_version_id"": ""sv-1c24cd77ce94e05b0cf0719c""}, {""evidence_id"": ""ru-3e32e0e397940f41a6640085"", ""pdf_pages_1based"": [4], ""printed_page_label"": ""4"", ""source_document_id"": ""src-5-fu-medac-50-mg-ml-injektionsloesung-1c24cd77ce94"", ""source_file_name"": ""5-fu-medac-50-mg-ml-injektionsloesung.pdf"", ""source_native_item_number"": null, ""source_role"": ""smPC"", ""source_status"": ""current_at_snapshot"", ""source_version_id"": ""sv-1c24cd77ce94e05b0cf0719c""}]","{""evidence_id"": ""ru-bd8e54d3952544b9c74a30e1"", ""pdf_pages_1based"": [178], ""printed_page_label"": ""178"", ""source_document_id"": ""src-032-010oll-exokrines-pankreaskarzinom-2025-06-44df7e615f31"", ""source_file_name"": ""032-010OLl_Exokrines-Pankreaskarzinom_2025-06.pdf"", ""source_native_item_number"": null, ""source_role"": ""guideline"", ""source_status"": ""final"", ""source_version_id"": ""sv-44df7e615f31f73867061691""}","[""ru-068e5dc809613aa6a5a26144"", ""ru-36ff7898a6b3ba242ea8b9f3"", ""ru-3e32e0e397940f41a6640085"", ""ru-bd8e54d3952544b9c74a30e1""]",True,True,active_validated,[]
smpc-guideline-bridge-1.0.0,bridge-96191160630a7f9ede286e9b,cs-f61b3d4e90089c1b890c23cb,smPC_to_guideline,src-5-fu-medac-50-mg-ml-injektionsloesung-1c24cd77ce94,sv-1c24cd77ce94e05b0cf0719c,5-fu-medac-50-mg-ml-injektionsloesung.pdf,"5‑FU medac 50 mg/ml, Injektionslösung",5-FU medac,"[""product-1e8e6b78fdbdd7afa226cf2f""]","[""5-FU medac""]",substance-7628b2bf5f1c0431123bef11,5-Fluorouracil,"[""5-FU"", ""5-Fluorouracil""]",5-FU,ru-c58cbb6e33e251eccaead984,src-032-010oll-exokrines-pankreaskarzinom-2025-06-44df7e615f31,"[""rec-81c28ebea7f78daf65b75c07""]","[""formal-9c47c89a630d3e27ca8c3ed9""]",7.7,smpc_product_substance_to_guideline_mention,normalized_alias,0.95,"[{""evidence_id"": ""ru-068e5dc809613aa6a5a26144"", ""pdf_pages_1based"": [1], ""printed_page_label"": ""1"", ""source_document_id"": ""src-5-fu-medac-50-mg-ml-injektionsloesung-1c24cd77ce94"", ""source_file_name"": ""5-fu-medac-50-mg-ml-injektionsloesung.pdf"", ""source_native_item_number"": null, ""source_role"": ""smPC"", ""source_status"": ""current_at_snapshot"", ""source_version_id"": ""sv-1c24cd77ce94e05b0cf0719c""}, {""evidence_id"": ""ru-36ff7898a6b3ba242ea8b9f3"", ""pdf_pages_1based"": [6], ""printed_page_label"": ""6"", ""source_document_id"": ""src-5-fu-medac-50-mg-ml-injektionsloesung-1c24cd77ce94"", ""source_file_name"": ""5-fu-medac-50-mg-ml-injektionsloesung.pdf"", ""source_native_item_number"": null, ""source_role"": ""smPC"", ""source_status"": ""current_at_snapshot"", ""source_version_id"": ""sv-1c24cd77ce94e05b0cf0719c""}, {""evidence_id"": ""ru-3e32e0e397940f41a6640085"", ""pdf_pages_1based"": [4], ""printed_page_label"": ""4"", ""source_document_id"": ""src-5-fu-medac-50-mg-ml-injektionsloesung-1c24cd77ce94"", ""source_file_name"": ""5-fu-medac-50-mg-ml-injektionsloesung.pdf"", ""source_native_item_number"": null, ""source_role"": ""smPC"", ""source_status"": ""current_at_snapshot"", ""source_version_id"": ""sv-1c24cd77ce94e05b0cf0719c""}]","{""evidence_id"": ""ru-c58cbb6e33e251eccaead984"", ""pdf_pages_1based"": [140], ""printed_page_label"": ""140"", ""source_document_id"": ""src-032-010oll-exokrines-pankreaskarzinom-2025-06-44df7e615f31"", ""source_file_name"": ""032-010OLl_Exokrines-Pankreaskarzinom_2025-06.pdf"", ""source_native_item_number"": ""7.7"", ""source_role"": ""guideline"", ""source_status"": ""final"", ""source_version_id"": ""sv-44df7e615f31f73867061691""}","[""ru-068e5dc809613aa6a5a26144"", ""ru-36ff7898a6b3ba242ea8b9f3"", ""ru-3e32e0e397940f41a6640085"", ""ru-c58cbb6e33e251eccaead984""]",True,True,active_validated,[]
smpc-guideline-bridge-1.0.0,bridge-7e220faf3fc6c76cefe1f2fc,cs-f61b3d4e90089c1b890c23cb,smPC_to_guideline,src-5-fu-medac-50-mg-ml-injektionsloesung-1c24cd77ce94,sv-1c24cd77ce94e05b0cf0719c,5-fu-medac-50-mg-ml-injektionsloesung.pdf,"5‑FU medac 50 mg/ml, Injektionslösung",5-FU medac,"[""product-1e8e6b78fdbdd7afa226cf2f""]","[""5-FU medac""]",substance-7628b2bf5f1c0431123bef11,5-Fluorouracil,"[""5-FU"", ""5-Fluorouracil""]",5-Fluorouracil,ru-c8fedfc5de6e6fa9ab95d793,src-032-010oll-exokrines-pankreaskarzinom-2025-06-44df7e615f31,"[""rec-e705d1df7fbb744fb866d3ca""]","[""formal-b819bd371ab1a2a20d9252f6""]",8.14,smpc_product_substance_to_guideline_mention,exact,1.0,"[{""evidence_id"": ""ru-068e5dc809613aa6a5a26144"", ""pdf_pages_1based"": [1], ""printed_page_label"": ""1"", ""source_document_id"": ""src-5-fu-medac-50-mg-ml-injektionsloesung-1c24cd77ce94"", ""source_file_name"": ""5-fu-medac-50-mg-ml-injektionsloesung.pdf"", ""source_native_item_number"": null, ""source_role"": ""smPC"", ""source_status"": ""current_at_snapshot"", ""source_version_id"": ""sv-1c24cd77ce94e05b0cf0719c""}, {""evidence_id"": ""ru-36ff7898a6b3ba242ea8b9f3"", ""pdf_pages_1based"": [6], ""printed_page_label"": ""6"", ""source_document_id"": ""src-5-fu-medac-50-mg-ml-injektionsloesung-1c24cd77ce94"", ""source_file_name"": ""5-fu-medac-50-mg-ml-injektionsloesung.pdf"", ""source_native_item_number"": null, ""source_role"": ""smPC"", ""source_status"": ""current_at_snapshot"", ""source_version_id"": ""sv-1c24cd77ce94e05b0cf0719c""}, {""evidence_id"": ""ru-3e32e0e397940f41a6640085"", ""pdf_pages_1based"": [4], ""printed_page_label"": ""4"", ""source_document_id"": ""src-5-fu-medac-50-mg-ml-injektionsloesung-1c24cd77ce94"", ""source_file_name"": ""5-fu-medac-50-mg-ml-injektionsloesung.pdf"", ""source_native_item_number"": null, ""source_role"": ""smPC"", ""source_status"": ""current_at_snapshot"", ""source_version_id"": ""sv-1c24cd77ce94e05b0cf0719c""}]","{""evidence_id"": ""ru-c8fedfc5de6e6fa9ab95d793"", ""pdf_pages_1based"": [166], ""printed_page_label"": null, ""source_document_id"": ""src-032-010oll-exokrines-pankreaskarzinom-2025-06-44df7e615f31"", ""source_file_name"": ""032-010OLl_Exokrines-Pankreaskarzinom_2025-06.pdf"", ""source_native_item_number"": ""8.14"", ""source_role"": ""guideline"", ""source_status"": ""final"", ""source_version_id"": ""sv-44df7e615f31f73867061691""}","[""ru-068e5dc809613aa6a5a26144"", ""ru-36ff7898a6b3ba242ea8b9f3"", ""ru-3e32e0e397940f41a6640085"", ""ru-c8fedfc5de6e6fa9ab95d793""]",True,True,active_validated,[]
smpc-guideline-bridge-1.0.0,bridge-57cb01871221042a65130340,cs-f61b3d4e90089c1b890c23cb,smPC_to_guideline,src-5-fu-medac-50-mg-ml-injektionsloesung-1c24cd77ce94,sv-1c24cd77ce94e05b0cf0719c,5-fu-medac-50-mg-ml-injektionsloesung.pdf,"5‑FU medac 50 mg/ml, Injektionslösung",5-FU medac,"[""product-1e8e6b78fdbdd7afa226cf2f""]","[""5-FU medac""]",substance-7628b2bf5f1c0431123bef11,5-Fluorouracil,"[""5-FU"", ""5-Fluorouracil""]",5-FU,ru-cab9d56420e6e4352c45fa22,src-032-010oll-exokrines-pankreaskarzinom-2025-06-44df7e615f31,"[""rec-dc1b38961ba117a314ad5c4d""]",[],,smpc_product_substance_to_guideline_mention,normalized_alias,0.95,"[{""evidence_id"": ""ru-068e5dc809613aa6a5a26144"", ""pdf_pages_1based"": [1], ""printed_page_label"": ""1"", ""source_document_id"": ""src-5-fu-medac-50-mg-ml-injektionsloesung-1c24cd77ce94"", ""source_file_name"": ""5-fu-medac-50-mg-ml-injektionsloesung.pdf"", ""source_native_item_number"": null, ""source_role"": ""smPC"", ""source_status"": ""current_at_snapshot"", ""source_version_id"": ""sv-1c24cd77ce94e05b0cf0719c""}, {""evidence_id"": ""ru-36ff7898a6b3ba242ea8b9f3"", ""pdf_pages_1based"": [6], ""printed_page_label"": ""6"", ""source_document_id"": ""src-5-fu-medac-50-mg-ml-injektionsloesung-1c24cd77ce94"", ""source_file_name"": ""5-fu-medac-50-mg-ml-injektionsloesung.pdf"", ""source_native_item_number"": null, ""source_role"": ""smPC"", ""source_status"": ""current_at_snapshot"", ""source_version_id"": ""sv-1c24cd77ce94e05b0cf0719c""}, {""evidence_id"": ""ru-3e32e0e397940f41a6640085"", ""pdf_pages_1based"": [4], ""printed_page_label"": ""4"", ""source_document_id"": ""src-5-fu-medac-50-mg-ml-injektionsloesung-1c24cd77ce94"", ""source_file_name"": ""5-fu-medac-50-mg-ml-injektionsloesung.pdf"", ""source_native_item_number"": null, ""source_role"": ""smPC"", ""source_status"": ""current_at_snapshot"", ""source_version_id"": ""sv-1c24cd77ce94e05b0cf0719c""}]","{""evidence_id"": ""ru-cab9d56420e6e4352c45fa22"", ""pdf_pages_1based"": [136], ""printed_page_label"": ""136"", ""source_document_id"": ""src-032-010oll-exokrines-pankreaskarzinom-2025-06-44df7e615f31"", ""source_file_name"": ""032-010OLl_Exokrines-Pankreaskarzinom_2025-06.pdf"", ""source_native_item_number"": null, ""source_role"": ""guideline"", ""source_status"": ""final"", ""source_version_id"": ""sv-44df7e615f31f73867061691""}","[""ru-068e5dc809613aa6a5a26144"", ""ru-36ff7898a6b3ba242ea8b9f3"", ""ru-3e32e0e397940f41a6640085"", ""ru-cab9d56420e6e4352c45fa22""]",True,True,active_validated,[]
smpc-guideline-bridge-1.0.0,bridge-f4fdb19897d445544be48b6e,cs-f61b3d4e90089c1b890c23cb,smPC_to_guideline,src-5-fu-medac-50-mg-ml-injektionsloesung-1c24cd77ce94,sv-1c24cd77ce94e05b0cf0719c,5-fu-medac-50-mg-ml-injektionsloesung.pdf,"5‑FU medac 50 mg/ml, Injektionslösung",5-FU medac,"[""product-1e8e6b78fdbdd7afa226cf2f""]","[""5-FU medac""]",substance-7628b2bf5f1c0431123bef11,5-Fluorouracil,"[""5-FU"", ""5-Fluorouracil""]",5-Fluorouracil,ru-d538a5bcac4d2522e448c865,src-032-010oll-exokrines-pankreaskarzinom-2025-06-44df7e615f31,"[""rec-0687054c0a299a4875f96da3""]","[""formal-9eb0592af8de95d739ca266b""]",8.29,smpc_product_substance_to_guideline_mention,exact,1.0,"[{""evidence_id"": ""ru-068e5dc809613aa6a5a26144"", ""pdf_pages_1based"": [1], ""printed_page_label"": ""1"", ""source_document_id"": ""src-5-fu-medac-50-mg-ml-injektionsloesung-1c24cd77ce94"", ""source_file_name"": ""5-fu-medac-50-mg-ml-injektionsloesung.pdf"", ""source_native_item_number"": null, ""source_role"": ""smPC"", ""source_status"": ""current_at_snapshot"", ""source_version_id"": ""sv-1c24cd77ce94e05b0cf0719c""}, {""evidence_id"": ""ru-36ff7898a6b3ba242ea8b9f3"", ""pdf_pages_1based"": [6], ""printed_page_label"": ""6"", ""source_document_id"": ""src-5-fu-medac-50-mg-ml-injektionsloesung-1c24cd77ce94"", ""source_file_name"": ""5-fu-medac-50-mg-ml-injektionsloesung.pdf"", ""source_native_item_number"": null, ""source_role"": ""smPC"", ""source_status"": ""current_at_snapshot"", ""source_version_id"": ""sv-1c24cd77ce94e05b0cf0719c""}, {""evidence_id"": ""ru-3e32e0e397940f41a6640085"", ""pdf_pages_1based"": [4], ""printed_page_label"": ""4"", ""source_document_id"": ""src-5-fu-medac-50-mg-ml-injektionsloesung-1c24cd77ce94"", ""source_file_name"": ""5-fu-medac-50-mg-ml-injektionsloesung.pdf"", ""source_native_item_number"": null, ""source_role"": ""smPC"", ""source_status"": ""current_at_snapshot"", ""source_version_id"": ""sv-1c24cd77ce94e05b0cf0719c""}]","{""evidence_id"": ""ru-d538a5bcac4d2522e448c865"", ""pdf_pages_1based"": [181], ""printed_page_label"": ""181"", ""source_document_id"": ""src-032-010oll-exokrines-pankreaskarzinom-2025-06-44df7e615f31"", ""source_file_name"": ""032-010OLl_Exokrines-Pankreaskarzinom_2025-06.pdf"", ""source_native_item_number"": ""8.29"", ""source_role"": ""guideline"", ""source_status"": ""final"", ""source_version_id"": ""sv-44df7e615f31f73867061691""}","[""ru-068e5dc809613aa6a5a26144"", ""ru-36ff7898a6b3ba242ea8b9f3"", ""ru-3e32e0e397940f41a6640085"", ""ru-d538a5bcac4d2522e448c865""]",True,True,active_validated,[]
smpc-guideline-bridge-1.0.0,bridge-48c5d5207076968fafdf1150,cs-f61b3d4e90089c1b890c23cb,smPC_to_guideline,src-5-fu-medac-50-mg-ml-injektionsloesung-1c24cd77ce94,sv-1c24cd77ce94e05b0cf0719c,5-fu-medac-50-mg-ml-injektionsloesung.pdf,"5‑FU medac 50 mg/ml, Injektionslösung",5-FU medac,"[""product-1e8e6b78fdbdd7afa226cf2f""]","[""5-FU medac""]",substance-7628b2bf5f1c0431123bef11,5-Fluorouracil,"[""5-FU"", ""5-Fluorouracil""]",5-FU,ru-dc6319116f9926ee344c6ce5,src-s3-ll-hcc-und-bcc-konsultationsfassung-langversion-6-01-1-c1996068a815,"[""rec-ba48036cfd78c93c1b4e9afb""]",[],,smpc_product_substance_to_guideline_mention,normalized_alias,0.95,"[{""evidence_id"": ""ru-068e5dc809613aa6a5a26144"", ""pdf_pages_1based"": [1], ""printed_page_label"": ""1"", ""source_document_id"": ""src-5-fu-medac-50-mg-ml-injektionsloesung-1c24cd77ce94"", ""source_file_name"": ""5-fu-medac-50-mg-ml-injektionsloesung.pdf"", ""source_native_item_number"": null, ""source_role"": ""smPC"", ""source_status"": ""current_at_snapshot"", ""source_version_id"": ""sv-1c24cd77ce94e05b0cf0719c""}, {""evidence_id"": ""ru-36ff7898a6b3ba242ea8b9f3"", ""pdf_pages_1based"": [6], ""printed_page_label"": ""6"", ""source_document_id"": ""src-5-fu-medac-50-mg-ml-injektionsloesung-1c24cd77ce94"", ""source_file_name"": ""5-fu-medac-50-mg-ml-injektionsloesung.pdf"", ""source_native_item_number"": null, ""source_role"": ""smPC"", ""source_status"": ""current_at_snapshot"", ""source_version_id"": ""sv-1c24cd77ce94e05b0cf0719c""}, {""evidence_id"": ""ru-3e32e0e397940f41a6640085"", ""pdf_pages_1based"": [4], ""printed_page_label"": ""4"", ""source_document_id"": ""src-5-fu-medac-50-mg-ml-injektionsloesung-1c24cd77ce94"", ""source_file_name"": ""5-fu-medac-50-mg-ml-injektionsloesung.pdf"", ""source_native_item_number"": null, ""source_role"": ""smPC"", ""source_status"": ""current_at_snapshot"", ""source_version_id"": ""sv-1c24cd77ce94e05b0cf0719c""}]","{""evidence_id"": ""ru-dc6319116f9926ee344c6ce5"", ""pdf_pages_1based"": [163], ""printed_page_label"": ""163"", ""source_document_id"": ""src-s3-ll-hcc-und-bcc-konsultationsfassung-langversion-6-01-1-c1996068a815"", ""source_file_name"": ""S3_LL_HCC_und_BCC_Konsultationsfassung_Langversion_6.01 (1).pdf"", ""source_native_item_number"": null, ""source_role"": ""guideline"", ""source_status"": ""consultation_draft"", ""source_version_id"": ""sv-c1996068a81551f2fd14a9f4""}","[""ru-068e5dc809613aa6a5a26144"", ""ru-36ff7898a6b3ba242ea8b9f3"", ""ru-3e32e0e397940f41a6640085"", ""ru-dc6319116f9926ee344c6ce5""]",True,True,active_source_status_review,"[""guideline_source_not_final""]"
smpc-guideline-bridge-1.0.0,bridge-6d2b8516040f26611a048710,cs-f61b3d4e90089c1b890c23cb,smPC_to_guideline,src-5-fu-medac-50-mg-ml-injektionsloesung-1c24cd77ce94,sv-1c24cd77ce94e05b0cf0719c,5-fu-medac-50-mg-ml-injektionsloesung.pdf,"5‑FU medac 50 mg/ml, Injektionslösung",5-FU medac,"[""product-1e8e6b78fdbdd7afa226cf2f""]","[""5-FU medac""]",substance-7628b2bf5f1c0431123bef11,5-Fluorouracil,"[""5-FU"", ""5-Fluorouracil""]",5-FU,ru-dcb72a4ed8e66f2f1cf9f466,src-032-010oll-exokrines-pankreaskarzinom-2025-06-44df7e615f31,"[""rec-067addf6452fc1682c3ee565""]",[],,smpc_product_substance_to_guideline_mention,normalized_alias,0.95,"[{""evidence_id"": ""ru-068e5dc809613aa6a5a26144"", ""pdf_pages_1based"": [1], ""printed_page_label"": ""1"", ""source_document_id"": ""src-5-fu-medac-50-mg-ml-injektionsloesung-1c24cd77ce94"", ""source_file_name"": ""5-fu-medac-50-mg-ml-injektionsloesung.pdf"", ""source_native_item_number"": null, ""source_role"": ""smPC"", ""source_status"": ""current_at_snapshot"", ""source_version_id"": ""sv-1c24cd77ce94e05b0cf0719c""}, {""evidence_id"": ""ru-36ff7898a6b3ba242ea8b9f3"", ""pdf_pages_1based"": [6], ""printed_page_label"": ""6"", ""source_document_id"": ""src-5-fu-medac-50-mg-ml-injektionsloesung-1c24cd77ce94"", ""source_file_name"": ""5-fu-medac-50-mg-ml-injektionsloesung.pdf"", ""source_native_item_number"": null, ""source_role"": ""smPC"", ""source_status"": ""current_at_snapshot"", ""source_version_id"": ""sv-1c24cd77ce94e05b0cf0719c""}, {""evidence_id"": ""ru-3e32e0e397940f41a6640085"", ""pdf_pages_1based"": [4], ""printed_page_label"": ""4"", ""source_document_id"": ""src-5-fu-medac-50-mg-ml-injektionsloesung-1c24cd77ce94"", ""source_file_name"": ""5-fu-medac-50-mg-ml-injektionsloesung.pdf"", ""source_native_item_number"": null, ""source_role"": ""smPC"", ""source_status"": ""current_at_snapshot"", ""source_version_id"": ""sv-1c24cd77ce94e05b0cf0719c""}]","{""evidence_id"": ""ru-dcb72a4ed8e66f2f1cf9f466"", ""pdf_pages_1based"": [144], ""printed_page_label"": ""144"", ""source_document_id"": ""src-032-010oll-exokrines-pankreaskarzinom-2025-06-44df7e615f31"", ""source_file_name"": ""032-010OLl_Exokrines-Pankreaskarzinom_2025-06.pdf"", ""source_native_item_number"": null, ""source_role"": ""guideline"", ""source_status"": ""final"", ""source_version_id"": ""sv-44df7e615f31f73867061691""}","[""ru-068e5dc809613aa6a5a26144"", ""ru-36ff7898a6b3ba242ea8b9f3"", ""ru-3e32e0e397940f41a6640085"", ""ru-dcb72a4ed8e66f2f1cf9f466""]",True,True,active_validated,[]
smpc-guideline-bridge-1.0.0,bridge-3e51b85821b932ef8ef6dd02,cs-f61b3d4e90089c1b890c23cb,smPC_to_guideline,src-5-fu-medac-50-mg-ml-injektionsloesung-1c24cd77ce94,sv-1c24cd77ce94e05b0cf0719c,5-fu-medac-50-mg-ml-injektionsloesung.pdf,"5‑FU medac 50 mg/ml, Injektionslösung",5-FU medac,"[""product-1e8e6b78fdbdd7afa226cf2f""]","[""5-FU medac""]",substance-7628b2bf5f1c0431123bef11,5-Fluorouracil,"[""5-FU"", ""5-Fluorouracil""]",5-FU,ru-ded5254d4d7f4c658fdbb566,src-032-010oll-exokrines-pankreaskarzinom-2025-06-44df7e615f31,"[""rec-19cccd0f123566e9e55d066c""]","[""formal-60200ed92f11f91fc5fbeb28""]",8.6,smpc_product_substance_to_guideline_mention,normalized_alias,0.95,"[{""evidence_id"": ""ru-068e5dc809613aa6a5a26144"", ""pdf_pages_1based"": [1], ""printed_page_label"": ""1"", ""source_document_id"": ""src-5-fu-medac-50-mg-ml-injektionsloesung-1c24cd77ce94"", ""source_file_name"": ""5-fu-medac-50-mg-ml-injektionsloesung.pdf"", ""source_native_item_number"": null, ""source_role"": ""smPC"", ""source_status"": ""current_at_snapshot"", ""source_version_id"": ""sv-1c24cd77ce94e05b0cf0719c""}, {""evidence_id"": ""ru-36ff7898a6b3ba242ea8b9f3"", ""pdf_pages_1based"": [6], ""printed_page_label"": ""6"", ""source_document_id"": ""src-5-fu-medac-50-mg-ml-injektionsloesung-1c24cd77ce94"", ""source_file_name"": ""5-fu-medac-50-mg-ml-injektionsloesung.pdf"", ""source_native_item_number"": null, ""source_role"": ""smPC"", ""source_status"": ""current_at_snapshot"", ""source_version_id"": ""sv-1c24cd77ce94e05b0cf0719c""}, {""evidence_id"": ""ru-3e32e0e397940f41a6640085"", ""pdf_pages_1based"": [4], ""printed_page_label"": ""4"", ""source_document_id"": ""src-5-fu-medac-50-mg-ml-injektionsloesung-1c24cd77ce94"", ""source_file_name"": ""5-fu-medac-50-mg-ml-injektionsloesung.pdf"", ""source_native_item_number"": null, ""source_role"": ""smPC"", ""source_status"": ""current_at_snapshot"", ""source_version_id"": ""sv-1c24cd77ce94e05b0cf0719c""}]","{""evidence_id"": ""ru-ded5254d4d7f4c658fdbb566"", ""pdf_pages_1based"": [158], ""printed_page_label"": ""158"", ""source_document_id"": ""src-032-010oll-exokrines-pankreaskarzinom-2025-06-44df7e615f31"", ""source_file_name"": ""032-010OLl_Exokrines-Pankreaskarzinom_2025-06.pdf"", ""source_native_item_number"": ""8.6"", ""source_role"": ""guideline"", ""source_status"": ""final"", ""source_version_id"": ""sv-44df7e615f31f73867061691""}","[""ru-068e5dc809613aa6a5a26144"", ""ru-36ff7898a6b3ba242ea8b9f3"", ""ru-3e32e0e397940f41a6640085"", ""ru-ded5254d4d7f4c658fdbb566""]",True,True,active_validated,[]
smpc-guideline-bridge-1.0.0,bridge-90622fdf1cb35bf484b5464e,cs-f61b3d4e90089c1b890c23cb,smPC_to_guideline,src-5-fu-medac-50-mg-ml-injektionsloesung-1c24cd77ce94,sv-1c24cd77ce94e05b0cf0719c,5-fu-medac-50-mg-ml-injektionsloesung.pdf,"5‑FU medac 50 mg/ml, Injektionslösung",5-FU medac,"[""product-1e8e6b78fdbdd7afa226cf2f""]","[""5-FU medac""]",substance-7628b2bf5f1c0431123bef11,5-Fluorouracil,"[""5-FU"", ""5-Fluorouracil""]",5-FU,ru-e06301b79e7e9bf27b44c435,src-032-010oll-exokrines-pankreaskarzinom-2025-06-44df7e615f31,"[""rec-09460a4c9b278edf329cf40a""]",[],,smpc_product_substance_to_guideline_mention,normalized_alias,0.95,"[{""evidence_id"": ""ru-068e5dc809613aa6a5a26144"", ""pdf_pages_1based"": [1], ""printed_page_label"": ""1"", ""source_document_id"": ""src-5-fu-medac-50-mg-ml-injektionsloesung-1c24cd77ce94"", ""source_file_name"": ""5-fu-medac-50-mg-ml-injektionsloesung.pdf"", ""source_native_item_number"": null, ""source_role"": ""smPC"", ""source_status"": ""current_at_snapshot"", ""source_version_id"": ""sv-1c24cd77ce94e05b0cf0719c""}, {""evidence_id"": ""ru-36ff7898a6b3ba242ea8b9f3"", ""pdf_pages_1based"": [6], ""printed_page_label"": ""6"", ""source_document_id"": ""src-5-fu-medac-50-mg-ml-injektionsloesung-1c24cd77ce94"", ""source_file_name"": ""5-fu-medac-50-mg-ml-injektionsloesung.pdf"", ""source_native_item_number"": null, ""source_role"": ""smPC"", ""source_status"": ""current_at_snapshot"", ""source_version_id"": ""sv-1c24cd77ce94e05b0cf0719c""}, {""evidence_id"": ""ru-3e32e0e397940f41a6640085"", ""pdf_pages_1based"": [4], ""printed_page_label"": ""4"", ""source_document_id"": ""src-5-fu-medac-50-mg-ml-injektionsloesung-1c24cd77ce94"", ""source_file_name"": ""5-fu-medac-50-mg-ml-injektionsloesung.pdf"", ""source_native_item_number"": null, ""source_role"": ""smPC"", ""source_status"": ""current_at_snapshot"", ""source_version_id"": ""sv-1c24cd77ce94e05b0cf0719c""}]","{""evidence_id"": ""ru-e06301b79e7e9bf27b44c435"", ""pdf_pages_1based"": [30], ""printed_page_label"": ""30"", ""source_document_id"": ""src-032-010oll-exokrines-pankreaskarzinom-2025-06-44df7e615f31"", ""source_file_name"": ""032-010OLl_Exokrines-Pankreaskarzinom_2025-06.pdf"", ""source_native_item_number"": null, ""source_role"": ""guideline"", ""source_status"": ""final"", ""source_version_id"": ""sv-44df7e615f31f73867061691""}","[""ru-068e5dc809613aa6a5a26144"", ""ru-36ff7898a6b3ba242ea8b9f3"", ""ru-3e32e0e397940f41a6640085"", ""ru-e06301b79e7e9bf27b44c435""]",True,True,active_validated,[]
smpc-guideline-bridge-1.0.0,bridge-be01e5c5313a924ccf52bb0d,cs-f61b3d4e90089c1b890c23cb,smPC_to_guideline,src-5-fu-medac-50-mg-ml-injektionsloesung-1c24cd77ce94,sv-1c24cd77ce94e05b0cf0719c,5-fu-medac-50-mg-ml-injektionsloesung.pdf,"5‑FU medac 50 mg/ml, Injektionslösung",5-FU medac,"[""product-1e8e6b78fdbdd7afa226cf2f""]","[""5-FU medac""]",substance-7628b2bf5f1c0431123bef11,5-Fluorouracil,"[""5-FU"", ""5-Fluorouracil""]",5-Fluorouracil,ru-e1f40980ef6fd8c9c124ee14,src-s3-ll-hcc-und-bcc-konsultationsfassung-langversion-6-01-1-c1996068a815,"[""rec-5ef899a4728a63d998c9bf5a""]",[],,smpc_product_substance_to_guideline_mention,exact,1.0,"[{""evidence_id"": ""ru-068e5dc809613aa6a5a26144"", ""pdf_pages_1based"": [1], ""printed_page_label"": ""1"", ""source_document_id"": ""src-5-fu-medac-50-mg-ml-injektionsloesung-1c24cd77ce94"", ""source_file_name"": ""5-fu-medac-50-mg-ml-injektionsloesung.pdf"", ""source_native_item_number"": null, ""source_role"": ""smPC"", ""source_status"": ""current_at_snapshot"", ""source_version_id"": ""sv-1c24cd77ce94e05b0cf0719c""}, {""evidence_id"": ""ru-36ff7898a6b3ba242ea8b9f3"", ""pdf_pages_1based"": [6], ""printed_page_label"": ""6"", ""source_document_id"": ""src-5-fu-medac-50-mg-ml-injektionsloesung-1c24cd77ce94"", ""source_file_name"": ""5-fu-medac-50-mg-ml-injektionsloesung.pdf"", ""source_native_item_number"": null, ""source_role"": ""smPC"", ""source_status"": ""current_at_snapshot"", ""source_version_id"": ""sv-1c24cd77ce94e05b0cf0719c""}, {""evidence_id"": ""ru-3e32e0e397940f41a6640085"", ""pdf_pages_1based"": [4], ""printed_page_label"": ""4"", ""source_document_id"": ""src-5-fu-medac-50-mg-ml-injektionsloesung-1c24cd77ce94"", ""source_file_name"": ""5-fu-medac-50-mg-ml-injektionsloesung.pdf"", ""source_native_item_number"": null, ""source_role"": ""smPC"", ""source_status"": ""current_at_snapshot"", ""source_version_id"": ""sv-1c24cd77ce94e05b0cf0719c""}]","{""evidence_id"": ""ru-e1f40980ef6fd8c9c124ee14"", ""pdf_pages_1based"": [24], ""printed_page_label"": ""24"", ""source_document_id"": ""src-s3-ll-hcc-und-bcc-konsultationsfassung-langversion-6-01-1-c1996068a815"", ""source_file_name"": ""S3_LL_HCC_und_BCC_Konsultationsfassung_Langversion_6.01 (1).pdf"", ""source_native_item_number"": null, ""source_role"": ""guideline"", ""source_status"": ""consultation_draft"", ""source_version_id"": ""sv-c1996068a81551f2fd14a9f4""}","[""ru-068e5dc809613aa6a5a26144"", ""ru-36ff7898a6b3ba242ea8b9f3"", ""ru-3e32e0e397940f41a6640085"", ""ru-e1f40980ef6fd8c9c124ee14""]",True,True,active_source_status_review,"[""guideline_source_not_final""]"
smpc-guideline-bridge-1.0.0,bridge-f2fcf1644900137a12ca994b,cs-f61b3d4e90089c1b890c23cb,smPC_to_guideline,src-5-fu-medac-50-mg-ml-injektionsloesung-1c24cd77ce94,sv-1c24cd77ce94e05b0cf0719c,5-fu-medac-50-mg-ml-injektionsloesung.pdf,"5‑FU medac 50 mg/ml, Injektionslösung",5-FU medac,"[""product-1e8e6b78fdbdd7afa226cf2f""]","[""5-FU medac""]",substance-7628b2bf5f1c0431123bef11,5-Fluorouracil,"[""5-FU"", ""5-Fluorouracil""]",5-FU,ru-e747ac45f126ef00345dbc62,src-032-010oll-exokrines-pankreaskarzinom-2025-06-44df7e615f31,"[""rec-3ef6cacc2690a234004247c6""]","[""formal-ce94047fd841abfe03b9ae2f""]",8.10,smpc_product_substance_to_guideline_mention,normalized_alias,0.95,"[{""evidence_id"": ""ru-068e5dc809613aa6a5a26144"", ""pdf_pages_1based"": [1], ""printed_page_label"": ""1"", ""source_document_id"": ""src-5-fu-medac-50-mg-ml-injektionsloesung-1c24cd77ce94"", ""source_file_name"": ""5-fu-medac-50-mg-ml-injektionsloesung.pdf"", ""source_native_item_number"": null, ""source_role"": ""smPC"", ""source_status"": ""current_at_snapshot"", ""source_version_id"": ""sv-1c24cd77ce94e05b0cf0719c""}, {""evidence_id"": ""ru-36ff7898a6b3ba242ea8b9f3"", ""pdf_pages_1based"": [6], ""printed_page_label"": ""6"", ""source_document_id"": ""src-5-fu-medac-50-mg-ml-injektionsloesung-1c24cd77ce94"", ""source_file_name"": ""5-fu-medac-50-mg-ml-injektionsloesung.pdf"", ""source_native_item_number"": null, ""source_role"": ""smPC"", ""source_status"": ""current_at_snapshot"", ""source_version_id"": ""sv-1c24cd77ce94e05b0cf0719c""}, {""evidence_id"": ""ru-3e32e0e397940f41a6640085"", ""pdf_pages_1based"": [4], ""printed_page_label"": ""4"", ""source_document_id"": ""src-5-fu-medac-50-mg-ml-injektionsloesung-1c24cd77ce94"", ""source_file_name"": ""5-fu-medac-50-mg-ml-injektionsloesung.pdf"", ""source_native_item_number"": null, ""source_role"": ""smPC"", ""source_status"": ""current_at_snapshot"", ""source_version_id"": ""sv-1c24cd77ce94e05b0cf0719c""}]","{""evidence_id"": ""ru-e747ac45f126ef00345dbc62"", ""pdf_pages_1based"": [161], ""printed_page_label"": ""161"", ""source_document_id"": ""src-032-010oll-exokrines-pankreaskarzinom-2025-06-44df7e615f31"", ""source_file_name"": ""032-010OLl_Exokrines-Pankreaskarzinom_2025-06.pdf"", ""source_native_item_number"": ""8.10"", ""source_role"": ""guideline"", ""source_status"": ""final"", ""source_version_id"": ""sv-44df7e615f31f73867061691""}","[""ru-068e5dc809613aa6a5a26144"", ""ru-36ff7898a6b3ba242ea8b9f3"", ""ru-3e32e0e397940f41a6640085"", ""ru-e747ac45f126ef00345dbc62""]",True,True,active_validated,[]
smpc-guideline-bridge-1.0.0,bridge-09b09f2a7b23c34e5d145cbc,cs-f61b3d4e90089c1b890c23cb,smPC_to_guideline,src-5-fu-medac-50-mg-ml-injektionsloesung-1c24cd77ce94,sv-1c24cd77ce94e05b0cf0719c,5-fu-medac-50-mg-ml-injektionsloesung.pdf,"5‑FU medac 50 mg/ml, Injektionslösung",5-FU medac,"[""product-1e8e6b78fdbdd7afa226cf2f""]","[""5-FU medac""]",substance-7628b2bf5f1c0431123bef11,5-Fluorouracil,"[""5-FU"", ""5-Fluorouracil""]",5-FU,ru-e8525a8cf54182c9afbfbdb1,src-s3-ll-hcc-und-bcc-konsultationsfassung-langversion-6-01-1-c1996068a815,"[""rec-c4e9d42e94f70a9145800e5b""]",[],,smpc_product_substance_to_guideline_mention,normalized_alias,0.95,"[{""evidence_id"": ""ru-068e5dc809613aa6a5a26144"", ""pdf_pages_1based"": [1], ""printed_page_label"": ""1"", ""source_document_id"": ""src-5-fu-medac-50-mg-ml-injektionsloesung-1c24cd77ce94"", ""source_file_name"": ""5-fu-medac-50-mg-ml-injektionsloesung.pdf"", ""source_native_item_number"": null, ""source_role"": ""smPC"", ""source_status"": ""current_at_snapshot"", ""source_version_id"": ""sv-1c24cd77ce94e05b0cf0719c""}, {""evidence_id"": ""ru-36ff7898a6b3ba242ea8b9f3"", ""pdf_pages_1based"": [6], ""printed_page_label"": ""6"", ""source_document_id"": ""src-5-fu-medac-50-mg-ml-injektionsloesung-1c24cd77ce94"", ""source_file_name"": ""5-fu-medac-50-mg-ml-injektionsloesung.pdf"", ""source_native_item_number"": null, ""source_role"": ""smPC"", ""source_status"": ""current_at_snapshot"", ""source_version_id"": ""sv-1c24cd77ce94e05b0cf0719c""}, {""evidence_id"": ""ru-3e32e0e397940f41a6640085"", ""pdf_pages_1based"": [4], ""printed_page_label"": ""4"", ""source_document_id"": ""src-5-fu-medac-50-mg-ml-injektionsloesung-1c24cd77ce94"", ""source_file_name"": ""5-fu-medac-50-mg-ml-injektionsloesung.pdf"", ""source_native_item_number"": null, ""source_role"": ""smPC"", ""source_status"": ""current_at_snapshot"", ""source_version_id"": ""sv-1c24cd77ce94e05b0cf0719c""}]","{""evidence_id"": ""ru-e8525a8cf54182c9afbfbdb1"", ""pdf_pages_1based"": [117, 118], ""printed_page_label"": ""117"", ""source_document_id"": ""src-s3-ll-hcc-und-bcc-konsultationsfassung-langversion-6-01-1-c1996068a815"", ""source_file_name"": ""S3_LL_HCC_und_BCC_Konsultationsfassung_Langversion_6.01 (1).pdf"", ""source_native_item_number"": null, ""source_role"": ""guideline"", ""source_status"": ""consultation_draft"", ""source_version_id"": ""sv-c1996068a81551f2fd14a9f4""}","[""ru-068e5dc809613aa6a5a26144"", ""ru-36ff7898a6b3ba242ea8b9f3"", ""ru-3e32e0e397940f41a6640085"", ""ru-e8525a8cf54182c9afbfbdb1""]",True,True,active_source_status_review,"[""guideline_source_not_final""]"
smpc-guideline-bridge-1.0.0,bridge-d3976cd14a28c48847ecda61,cs-f61b3d4e90089c1b890c23cb,smPC_to_guideline,src-5-fu-medac-50-mg-ml-injektionsloesung-1c24cd77ce94,sv-1c24cd77ce94e05b0cf0719c,5-fu-medac-50-mg-ml-injektionsloesung.pdf,"5‑FU medac 50 mg/ml, Injektionslösung",5-FU medac,"[""product-1e8e6b78fdbdd7afa226cf2f""]","[""5-FU medac""]",substance-7628b2bf5f1c0431123bef11,5-Fluorouracil,"[""5-FU"", ""5-Fluorouracil""]",5-FU,ru-ec3127debeab1c7ba08a38a5,src-032-010oll-exokrines-pankreaskarzinom-2025-06-44df7e615f31,"[""rec-e9af1189d415e44de5d7bae0""]",[],,smpc_product_substance_to_guideline_mention,normalized_alias,0.95,"[{""evidence_id"": ""ru-068e5dc809613aa6a5a26144"", ""pdf_pages_1based"": [1], ""printed_page_label"": ""1"", ""source_document_id"": ""src-5-fu-medac-50-mg-ml-injektionsloesung-1c24cd77ce94"", ""source_file_name"": ""5-fu-medac-50-mg-ml-injektionsloesung.pdf"", ""source_native_item_number"": null, ""source_role"": ""smPC"", ""source_status"": ""current_at_snapshot"", ""source_version_id"": ""sv-1c24cd77ce94e05b0cf0719c""}, {""evidence_id"": ""ru-36ff7898a6b3ba242ea8b9f3"", ""pdf_pages_1based"": [6], ""printed_page_label"": ""6"", ""source_document_id"": ""src-5-fu-medac-50-mg-ml-injektionsloesung-1c24cd77ce94"", ""source_file_name"": ""5-fu-medac-50-mg-ml-injektionsloesung.pdf"", ""source_native_item_number"": null, ""source_role"": ""smPC"", ""source_status"": ""current_at_snapshot"", ""source_version_id"": ""sv-1c24cd77ce94e05b0cf0719c""}, {""evidence_id"": ""ru-3e32e0e397940f41a6640085"", ""pdf_pages_1based"": [4], ""printed_page_label"": ""4"", ""source_document_id"": ""src-5-fu-medac-50-mg-ml-injektionsloesung-1c24cd77ce94"", ""source_file_name"": ""5-fu-medac-50-mg-ml-injektionsloesung.pdf"", ""source_native_item_number"": null, ""source_role"": ""smPC"", ""source_status"": ""current_at_snapshot"", ""source_version_id"": ""sv-1c24cd77ce94e05b0cf0719c""}]","{""evidence_id"": ""ru-ec3127debeab1c7ba08a38a5"", ""pdf_pages_1based"": [142, 143], ""printed_page_label"": ""142-143"", ""source_document_id"": ""src-032-010oll-exokrines-pankreaskarzinom-2025-06-44df7e615f31"", ""source_file_name"": ""032-010OLl_Exokrines-Pankreaskarzinom_2025-06.pdf"", ""source_native_item_number"": null, ""source_role"": ""guideline"", ""source_status"": ""final"", ""source_version_id"": ""sv-44df7e615f31f73867061691""}","[""ru-068e5dc809613aa6a5a26144"", ""ru-36ff7898a6b3ba242ea8b9f3"", ""ru-3e32e0e397940f41a6640085"", ""ru-ec3127debeab1c7ba08a38a5""]",True,True,active_validated,[]
smpc-guideline-bridge-1.0.0,bridge-a857d829a71a32c4ba794db9,cs-f61b3d4e90089c1b890c23cb,smPC_to_guideline,src-5-fu-medac-50-mg-ml-injektionsloesung-1c24cd77ce94,sv-1c24cd77ce94e05b0cf0719c,5-fu-medac-50-mg-ml-injektionsloesung.pdf,"5‑FU medac 50 mg/ml, Injektionslösung",5-FU medac,"[""product-1e8e6b78fdbdd7afa226cf2f""]","[""5-FU medac""]",substance-7628b2bf5f1c0431123bef11,5-Fluorouracil,"[""5-FU"", ""5-Fluorouracil""]",5-Fluorouracil,ru-ed8df4aaf85c22ae4f93427b,src-s3-ll-hcc-und-bcc-konsultationsfassung-langversion-6-01-1-c1996068a815,"[""rec-c455c2603aaa5613da13a9c2""]",[],,smpc_product_substance_to_guideline_mention,exact,1.0,"[{""evidence_id"": ""ru-068e5dc809613aa6a5a26144"", ""pdf_pages_1based"": [1], ""printed_page_label"": ""1"", ""source_document_id"": ""src-5-fu-medac-50-mg-ml-injektionsloesung-1c24cd77ce94"", ""source_file_name"": ""5-fu-medac-50-mg-ml-injektionsloesung.pdf"", ""source_native_item_number"": null, ""source_role"": ""smPC"", ""source_status"": ""current_at_snapshot"", ""source_version_id"": ""sv-1c24cd77ce94e05b0cf0719c""}, {""evidence_id"": ""ru-36ff7898a6b3ba242ea8b9f3"", ""pdf_pages_1based"": [6], ""printed_page_label"": ""6"", ""source_document_id"": ""src-5-fu-medac-50-mg-ml-injektionsloesung-1c24cd77ce94"", ""source_file_name"": ""5-fu-medac-50-mg-ml-injektionsloesung.pdf"", ""source_native_item_number"": null, ""source_role"": ""smPC"", ""source_status"": ""current_at_snapshot"", ""source_version_id"": ""sv-1c24cd77ce94e05b0cf0719c""}, {""evidence_id"": ""ru-3e32e0e397940f41a6640085"", ""pdf_pages_1based"": [4], ""printed_page_label"": ""4"", ""source_document_id"": ""src-5-fu-medac-50-mg-ml-injektionsloesung-1c24cd77ce94"", ""source_file_name"": ""5-fu-medac-50-mg-ml-injektionsloesung.pdf"", ""source_native_item_number"": null, ""source_role"": ""smPC"", ""source_status"": ""current_at_snapshot"", ""source_version_id"": ""sv-1c24cd77ce94e05b0cf0719c""}]","{""evidence_id"": ""ru-ed8df4aaf85c22ae4f93427b"", ""pdf_pages_1based"": [20], ""printed_page_label"": ""20"", ""source_document_id"": ""src-s3-ll-hcc-und-bcc-konsultationsfassung-langversion-6-01-1-c1996068a815"", ""source_file_name"": ""S3_LL_HCC_und_BCC_Konsultationsfassung_Langversion_6.01 (1).pdf"", ""source_native_item_number"": null, ""source_role"": ""guideline"", ""source_status"": ""consultation_draft"", ""source_version_id"": ""sv-c1996068a81551f2fd14a9f4""}","[""ru-068e5dc809613aa6a5a26144"", ""ru-36ff7898a6b3ba242ea8b9f3"", ""ru-3e32e0e397940f41a6640085"", ""ru-ed8df4aaf85c22ae4f93427b""]",True,True,active_source_status_review,"[""guideline_source_not_final""]"
smpc-guideline-bridge-1.0.0,bridge-a47fee780e53b093d25dd4a6,cs-f61b3d4e90089c1b890c23cb,smPC_to_guideline,src-5-fu-medac-50-mg-ml-injektionsloesung-1c24cd77ce94,sv-1c24cd77ce94e05b0cf0719c,5-fu-medac-50-mg-ml-injektionsloesung.pdf,"5‑FU medac 50 mg/ml, Injektionslösung",5-FU medac,"[""product-1e8e6b78fdbdd7afa226cf2f""]","[""5-FU medac""]",substance-7628b2bf5f1c0431123bef11,5-Fluorouracil,"[""5-FU"", ""5-Fluorouracil""]",5-FU,ru-fa446d2914c159af951b3b68,src-032-010oll-exokrines-pankreaskarzinom-2025-06-44df7e615f31,"[""rec-ae837592d5ee97d5f501deee""]",[],,smpc_product_substance_to_guideline_mention,normalized_alias,0.95,"[{""evidence_id"": ""ru-068e5dc809613aa6a5a26144"", ""pdf_pages_1based"": [1], ""printed_page_label"": ""1"", ""source_document_id"": ""src-5-fu-medac-50-mg-ml-injektionsloesung-1c24cd77ce94"", ""source_file_name"": ""5-fu-medac-50-mg-ml-injektionsloesung.pdf"", ""source_native_item_number"": null, ""source_role"": ""smPC"", ""source_status"": ""current_at_snapshot"", ""source_version_id"": ""sv-1c24cd77ce94e05b0cf0719c""}, {""evidence_id"": ""ru-36ff7898a6b3ba242ea8b9f3"", ""pdf_pages_1based"": [6], ""printed_page_label"": ""6"", ""source_document_id"": ""src-5-fu-medac-50-mg-ml-injektionsloesung-1c24cd77ce94"", ""source_file_name"": ""5-fu-medac-50-mg-ml-injektionsloesung.pdf"", ""source_native_item_number"": null, ""source_role"": ""smPC"", ""source_status"": ""current_at_snapshot"", ""source_version_id"": ""sv-1c24cd77ce94e05b0cf0719c""}, {""evidence_id"": ""ru-3e32e0e397940f41a6640085"", ""pdf_pages_1based"": [4], ""printed_page_label"": ""4"", ""source_document_id"": ""src-5-fu-medac-50-mg-ml-injektionsloesung-1c24cd77ce94"", ""source_file_name"": ""5-fu-medac-50-mg-ml-injektionsloesung.pdf"", ""source_native_item_number"": null, ""source_role"": ""smPC"", ""source_status"": ""current_at_snapshot"", ""source_version_id"": ""sv-1c24cd77ce94e05b0cf0719c""}]","{""evidence_id"": ""ru-fa446d2914c159af951b3b68"", ""pdf_pages_1based"": [166], ""printed_page_label"": null, ""source_document_id"": ""src-032-010oll-exokrines-pankreaskarzinom-2025-06-44df7e615f31"", ""source_file_name"": ""032-010OLl_Exokrines-Pankreaskarzinom_2025-06.pdf"", ""source_native_item_number"": null, ""source_role"": ""guideline"", ""source_status"": ""final"", ""source_version_id"": ""sv-44df7e615f31f73867061691""}","[""ru-068e5dc809613aa6a5a26144"", ""ru-36ff7898a6b3ba242ea8b9f3"", ""ru-3e32e0e397940f41a6640085"", ""ru-fa446d2914c159af951b3b68""]",True,True,active_validated,[]
smpc-guideline-bridge-1.0.0,bridge-4618821d4811240ef81defb7,cs-f61b3d4e90089c1b890c23cb,smPC_to_guideline,src-abraxane-epar-product-information-de-0af3b0c0c510,sv-0af3b0c0c51064a253c83685,abraxane-epar-product-information_de.pdf,"Abraxane, INN-paclitaxel",Abraxane,"[""product-09e893e8435b9ca960304d2c"", ""product-16fe8ca71ed9b27b2585b717""]","[""Abraxane""]",substance-ae60c17c30d4b269054c83d4,Paclitaxel,"[""Paclitaxel""]",Paclitaxel,ru-04e67abf0a4931871d31e7c4,src-032-010oll-exokrines-pankreaskarzinom-2025-06-44df7e615f31,"[""rec-2046ed8ae3fb102ec425631d""]",[],,smpc_product_substance_to_guideline_mention,exact,1.0,"[{""evidence_id"": ""ru-050447f6d167eaa4c5c2d737"", ""pdf_pages_1based"": [20], ""printed_page_label"": ""20"", ""source_document_id"": ""src-abraxane-epar-product-information-de-0af3b0c0c510"", ""source_file_name"": ""abraxane-epar-product-information_de.pdf"", ""source_native_item_number"": null, ""source_role"": ""smPC"", ""source_status"": ""current_at_snapshot"", ""source_version_id"": ""sv-0af3b0c0c51064a253c83685""}, {""evidence_id"": ""ru-084569799cb5a4c5a7519db1"", ""pdf_pages_1based"": [19], ""printed_page_label"": ""19"", ""source_document_id"": ""src-abraxane-epar-product-information-de-0af3b0c0c510"", ""source_file_name"": ""abraxane-epar-product-information_de.pdf"", ""source_native_item_number"": null, ""source_role"": ""smPC"", ""source_status"": ""current_at_snapshot"", ""source_version_id"": ""sv-0af3b0c0c51064a253c83685""}, {""evidence_id"": ""ru-12ab026295534b8df0498a32"", ""pdf_pages_1based"": [10], ""printed_page_label"": ""10"", ""source_document_id"": ""src-abraxane-epar-product-information-de-0af3b0c0c510"", ""source_file_name"": ""abraxane-epar-product-information_de.pdf"", ""source_native_item_number"": null, ""source_role"": ""smPC"", ""source_status"": ""current_at_snapshot"", ""source_version_id"": ""sv-0af3b0c0c51064a253c83685""}]","{""evidence_id"": ""ru-04e67abf0a4931871d31e7c4"", ""pdf_pages_1based"": [178], ""printed_page_label"": ""178"", ""source_document_id"": ""src-032-010oll-exokrines-pankreaskarzinom-2025-06-44df7e615f31"", ""source_file_name"": ""032-010OLl_Exokrines-Pankreaskarzinom_2025-06.pdf"", ""source_native_item_number"": null, ""source_role"": ""guideline"", ""source_status"": ""final"", ""source_version_id"": ""sv-44df7e615f31f73867061691""}","[""ru-050447f6d167eaa4c5c2d737"", ""ru-084569799cb5a4c5a7519db1"", ""ru-12ab026295534b8df0498a32"", ""ru-04e67abf0a4931871d31e7c4""]",True,True,active_validated,[]
smpc-guideline-bridge-1.0.0,bridge-bd0311b935dcfd272ae79105,cs-f61b3d4e90089c1b890c23cb,smPC_to_guideline,src-abraxane-epar-product-information-de-0af3b0c0c510,sv-0af3b0c0c51064a253c83685,abraxane-epar-product-information_de.pdf,"Abraxane, INN-paclitaxel",Abraxane,"[""product-09e893e8435b9ca960304d2c"", ""product-16fe8ca71ed9b27b2585b717""]","[""Abraxane""]",substance-ae60c17c30d4b269054c83d4,Paclitaxel,"[""Paclitaxel""]",Paclitaxel,ru-0e08cdadffc03f6ef0ab0215,src-032-010oll-exokrines-pankreaskarzinom-2025-06-44df7e615f31,"[""rec-ed73ebb647f136e01fb0012a""]",[],,smpc_product_substance_to_guideline_mention,exact,1.0,"[{""evidence_id"": ""ru-050447f6d167eaa4c5c2d737"", ""pdf_pages_1based"": [20], ""printed_page_label"": ""20"", ""source_document_id"": ""src-abraxane-epar-product-information-de-0af3b0c0c510"", ""source_file_name"": ""abraxane-epar-product-information_de.pdf"", ""source_native_item_number"": null, ""source_role"": ""smPC"", ""source_status"": ""current_at_snapshot"", ""source_version_id"": ""sv-0af3b0c0c51064a253c83685""}, {""evidence_id"": ""ru-084569799cb5a4c5a7519db1"", ""pdf_pages_1based"": [19], ""printed_page_label"": ""19"", ""source_document_id"": ""src-abraxane-epar-product-information-de-0af3b0c0c510"", ""source_file_name"": ""abraxane-epar-product-information_de.pdf"", ""source_native_item_number"": null, ""source_role"": ""smPC"", ""source_status"": ""current_at_snapshot"", ""source_version_id"": ""sv-0af3b0c0c51064a253c83685""}, {""evidence_id"": ""ru-12ab026295534b8df0498a32"", ""pdf_pages_1based"": [10], ""printed_page_label"": ""10"", ""source_document_id"": ""src-abraxane-epar-product-information-de-0af3b0c0c510"", ""source_file_name"": ""abraxane-epar-product-information_de.pdf"", ""source_native_item_number"": null, ""source_role"": ""smPC"", ""source_status"": ""current_at_snapshot"", ""source_version_id"": ""sv-0af3b0c0c51064a253c83685""}]","{""evidence_id"": ""ru-0e08cdadffc03f6ef0ab0215"", ""pdf_pages_1based"": [28], ""printed_page_label"": ""28"", ""source_document_id"": ""src-032-010oll-exokrines-pankreaskarzinom-2025-06-44df7e615f31"", ""source_file_name"": ""032-010OLl_Exokrines-Pankreaskarzinom_2025-06.pdf"", ""source_native_item_number"": null, ""source_role"": ""guideline"", ""source_status"": ""final"", ""source_version_id"": ""sv-44df7e615f31f73867061691""}","[""ru-050447f6d167eaa4c5c2d737"", ""ru-084569799cb5a4c5a7519db1"", ""ru-12ab026295534b8df0498a32"", ""ru-0e08cdadffc03f6ef0ab0215""]",True,True,active_validated,[]
smpc-guideline-bridge-1.0.0,bridge-40ba5999055c8023a0b5ec7d,cs-f61b3d4e90089c1b890c23cb,smPC_to_guideline,src-abraxane-epar-product-information-de-0af3b0c0c510,sv-0af3b0c0c51064a253c83685,abraxane-epar-product-information_de.pdf,"Abraxane, INN-paclitaxel",Abraxane,"[""product-09e893e8435b9ca960304d2c"", ""product-16fe8ca71ed9b27b2585b717""]","[""Abraxane""]",substance-ae60c17c30d4b269054c83d4,Paclitaxel,"[""Paclitaxel""]",Paclitaxel,ru-18154b8bceec1dae6f75f3cf,src-032-010oll-exokrines-pankreaskarzinom-2025-06-44df7e615f31,"[""rec-1db84a92734fcd40a971ed78""]",[],,smpc_product_substance_to_guideline_mention,exact,1.0,"[{""evidence_id"": ""ru-050447f6d167eaa4c5c2d737"", ""pdf_pages_1based"": [20], ""printed_page_label"": ""20"", ""source_document_id"": ""src-abraxane-epar-product-information-de-0af3b0c0c510"", ""source_file_name"": ""abraxane-epar-product-information_de.pdf"", ""source_native_item_number"": null, ""source_role"": ""smPC"", ""source_status"": ""current_at_snapshot"", ""source_version_id"": ""sv-0af3b0c0c51064a253c83685""}, {""evidence_id"": ""ru-084569799cb5a4c5a7519db1"", ""pdf_pages_1based"": [19], ""printed_page_label"": ""19"", ""source_document_id"": ""src-abraxane-epar-product-information-de-0af3b0c0c510"", ""source_file_name"": ""abraxane-epar-product-information_de.pdf"", ""source_native_item_number"": null, ""source_role"": ""smPC"", ""source_status"": ""current_at_snapshot"", ""source_version_id"": ""sv-0af3b0c0c51064a253c83685""}, {""evidence_id"": ""ru-12ab026295534b8df0498a32"", ""pdf_pages_1based"": [10], ""printed_page_label"": ""10"", ""source_document_id"": ""src-abraxane-epar-product-information-de-0af3b0c0c510"", ""source_file_name"": ""abraxane-epar-product-information_de.pdf"", ""source_native_item_number"": null, ""source_role"": ""smPC"", ""source_status"": ""current_at_snapshot"", ""source_version_id"": ""sv-0af3b0c0c51064a253c83685""}]","{""evidence_id"": ""ru-18154b8bceec1dae6f75f3cf"", ""pdf_pages_1based"": [163], ""printed_page_label"": null, ""source_document_id"": ""src-032-010oll-exokrines-pankreaskarzinom-2025-06-44df7e615f31"", ""source_file_name"": ""032-010OLl_Exokrines-Pankreaskarzinom_2025-06.pdf"", ""source_native_item_number"": null, ""source_role"": ""guideline"", ""source_status"": ""final"", ""source_version_id"": ""sv-44df7e615f31f73867061691""}","[""ru-050447f6d167eaa4c5c2d737"", ""ru-084569799cb5a4c5a7519db1"", ""ru-12ab026295534b8df0498a32"", ""ru-18154b8bceec1dae6f75f3cf""]",True,True,active_validated,[]
smpc-guideline-bridge-1.0.0,bridge-8c31f5ad7261fac761064aaa,cs-f61b3d4e90089c1b890c23cb,smPC_to_guideline,src-abraxane-epar-product-information-de-0af3b0c0c510,sv-0af3b0c0c51064a253c83685,abraxane-epar-product-information_de.pdf,"Abraxane, INN-paclitaxel",Abraxane,"[""product-09e893e8435b9ca960304d2c"", ""product-16fe8ca71ed9b27b2585b717""]","[""Abraxane""]",substance-ae60c17c30d4b269054c83d4,Paclitaxel,"[""Paclitaxel""]",Paclitaxel,ru-3d2cfa52556dbb42991b758f,src-032-010oll-exokrines-pankreaskarzinom-2025-06-44df7e615f31,"[""rec-c982e8af8e1703f769b5cd54""]",[],,smpc_product_substance_to_guideline_mention,exact,1.0,"[{""evidence_id"": ""ru-050447f6d167eaa4c5c2d737"", ""pdf_pages_1based"": [20], ""printed_page_label"": ""20"", ""source_document_id"": ""src-abraxane-epar-product-information-de-0af3b0c0c510"", ""source_file_name"": ""abraxane-epar-product-information_de.pdf"", ""source_native_item_number"": null, ""source_role"": ""smPC"", ""source_status"": ""current_at_snapshot"", ""source_version_id"": ""sv-0af3b0c0c51064a253c83685""}, {""evidence_id"": ""ru-084569799cb5a4c5a7519db1"", ""pdf_pages_1based"": [19], ""printed_page_label"": ""19"", ""source_document_id"": ""src-abraxane-epar-product-information-de-0af3b0c0c510"", ""source_file_name"": ""abraxane-epar-product-information_de.pdf"", ""source_native_item_number"": null, ""source_role"": ""smPC"", ""source_status"": ""current_at_snapshot"", ""source_version_id"": ""sv-0af3b0c0c51064a253c83685""}, {""evidence_id"": ""ru-12ab026295534b8df0498a32"", ""pdf_pages_1based"": [10], ""printed_page_label"": ""10"", ""source_document_id"": ""src-abraxane-epar-product-information-de-0af3b0c0c510"", ""source_file_name"": ""abraxane-epar-product-information_de.pdf"", ""source_native_item_number"": null, ""source_role"": ""smPC"", ""source_status"": ""current_at_snapshot"", ""source_version_id"": ""sv-0af3b0c0c51064a253c83685""}]","{""evidence_id"": ""ru-3d2cfa52556dbb42991b758f"", ""pdf_pages_1based"": [179, 180], ""printed_page_label"": ""179-180"", ""source_document_id"": ""src-032-010oll-exokrines-pankreaskarzinom-2025-06-44df7e615f31"", ""source_file_name"": ""032-010OLl_Exokrines-Pankreaskarzinom_2025-06.pdf"", ""source_native_item_number"": null, ""source_role"": ""guideline"", ""source_status"": ""final"", ""source_version_id"": ""sv-44df7e615f31f73867061691""}","[""ru-050447f6d167eaa4c5c2d737"", ""ru-084569799cb5a4c5a7519db1"", ""ru-12ab026295534b8df0498a32"", ""ru-3d2cfa52556dbb42991b758f""]",True,True,active_validated,[]
smpc-guideline-bridge-1.0.0,bridge-41d52c68faa76580e7173704,cs-f61b3d4e90089c1b890c23cb,smPC_to_guideline,src-abraxane-epar-product-information-de-0af3b0c0c510,sv-0af3b0c0c51064a253c83685,abraxane-epar-product-information_de.pdf,"Abraxane, INN-paclitaxel",Abraxane,"[""product-09e893e8435b9ca960304d2c"", ""product-16fe8ca71ed9b27b2585b717""]","[""Abraxane""]",substance-ae60c17c30d4b269054c83d4,Paclitaxel,"[""Paclitaxel""]",Paclitaxel,ru-410f568cffa21c4e8f2c49ab,src-032-010oll-exokrines-pankreaskarzinom-2025-06-44df7e615f31,"[""rec-ae7a5dbed9658412f56446ae""]",[],,smpc_product_substance_to_guideline_mention,exact,1.0,"[{""evidence_id"": ""ru-050447f6d167eaa4c5c2d737"", ""pdf_pages_1based"": [20], ""printed_page_label"": ""20"", ""source_document_id"": ""src-abraxane-epar-product-information-de-0af3b0c0c510"", ""source_file_name"": ""abraxane-epar-product-information_de.pdf"", ""source_native_item_number"": null, ""source_role"": ""smPC"", ""source_status"": ""current_at_snapshot"", ""source_version_id"": ""sv-0af3b0c0c51064a253c83685""}, {""evidence_id"": ""ru-084569799cb5a4c5a7519db1"", ""pdf_pages_1based"": [19], ""printed_page_label"": ""19"", ""source_document_id"": ""src-abraxane-epar-product-information-de-0af3b0c0c510"", ""source_file_name"": ""abraxane-epar-product-information_de.pdf"", ""source_native_item_number"": null, ""source_role"": ""smPC"", ""source_status"": ""current_at_snapshot"", ""source_version_id"": ""sv-0af3b0c0c51064a253c83685""}, {""evidence_id"": ""ru-12ab026295534b8df0498a32"", ""pdf_pages_1based"": [10], ""printed_page_label"": ""10"", ""source_document_id"": ""src-abraxane-epar-product-information-de-0af3b0c0c510"", ""source_file_name"": ""abraxane-epar-product-information_de.pdf"", ""source_native_item_number"": null, ""source_role"": ""smPC"", ""source_status"": ""current_at_snapshot"", ""source_version_id"": ""sv-0af3b0c0c51064a253c83685""}]","{""evidence_id"": ""ru-410f568cffa21c4e8f2c49ab"", ""pdf_pages_1based"": [157, 158], ""printed_page_label"": ""157"", ""source_document_id"": ""src-032-010oll-exokrines-pankreaskarzinom-2025-06-44df7e615f31"", ""source_file_name"": ""032-010OLl_Exokrines-Pankreaskarzinom_2025-06.pdf"", ""source_native_item_number"": null, ""source_role"": ""guideline"", ""source_status"": ""final"", ""source_version_id"": ""sv-44df7e615f31f73867061691""}","[""ru-050447f6d167eaa4c5c2d737"", ""ru-084569799cb5a4c5a7519db1"", ""ru-12ab026295534b8df0498a32"", ""ru-410f568cffa21c4e8f2c49ab""]",True,True,active_validated,[]
smpc-guideline-bridge-1.0.0,bridge-f1e28d982102f505a2233670,cs-f61b3d4e90089c1b890c23cb,smPC_to_guideline,src-abraxane-epar-product-information-de-0af3b0c0c510,sv-0af3b0c0c51064a253c83685,abraxane-epar-product-information_de.pdf,"Abraxane, INN-paclitaxel",Abraxane,"[""product-09e893e8435b9ca960304d2c"", ""product-16fe8ca71ed9b27b2585b717""]","[""Abraxane""]",substance-ae60c17c30d4b269054c83d4,Paclitaxel,"[""Paclitaxel""]",Paclitaxel,ru-53d4d82f09f7b60222125c6a,src-032-010oll-exokrines-pankreaskarzinom-2025-06-44df7e615f31,"[""rec-3a96970975dcad747fcbde45""]",[],,smpc_product_substance_to_guideline_mention,exact,1.0,"[{""evidence_id"": ""ru-050447f6d167eaa4c5c2d737"", ""pdf_pages_1based"": [20], ""printed_page_label"": ""20"", ""source_document_id"": ""src-abraxane-epar-product-information-de-0af3b0c0c510"", ""source_file_name"": ""abraxane-epar-product-information_de.pdf"", ""source_native_item_number"": null, ""source_role"": ""smPC"", ""source_status"": ""current_at_snapshot"", ""source_version_id"": ""sv-0af3b0c0c51064a253c83685""}, {""evidence_id"": ""ru-084569799cb5a4c5a7519db1"", ""pdf_pages_1based"": [19], ""printed_page_label"": ""19"", ""source_document_id"": ""src-abraxane-epar-product-information-de-0af3b0c0c510"", ""source_file_name"": ""abraxane-epar-product-information_de.pdf"", ""source_native_item_number"": null, ""source_role"": ""smPC"", ""source_status"": ""current_at_snapshot"", ""source_version_id"": ""sv-0af3b0c0c51064a253c83685""}, {""evidence_id"": ""ru-12ab026295534b8df0498a32"", ""pdf_pages_1based"": [10], ""printed_page_label"": ""10"", ""source_document_id"": ""src-abraxane-epar-product-information-de-0af3b0c0c510"", ""source_file_name"": ""abraxane-epar-product-information_de.pdf"", ""source_native_item_number"": null, ""source_role"": ""smPC"", ""source_status"": ""current_at_snapshot"", ""source_version_id"": ""sv-0af3b0c0c51064a253c83685""}]","{""evidence_id"": ""ru-53d4d82f09f7b60222125c6a"", ""pdf_pages_1based"": [29], ""printed_page_label"": ""29"", ""source_document_id"": ""src-032-010oll-exokrines-pankreaskarzinom-2025-06-44df7e615f31"", ""source_file_name"": ""032-010OLl_Exokrines-Pankreaskarzinom_2025-06.pdf"", ""source_native_item_number"": null, ""source_role"": ""guideline"", ""source_status"": ""final"", ""source_version_id"": ""sv-44df7e615f31f73867061691""}","[""ru-050447f6d167eaa4c5c2d737"", ""ru-084569799cb5a4c5a7519db1"", ""ru-12ab026295534b8df0498a32"", ""ru-53d4d82f09f7b60222125c6a""]",True,True,active_validated,[]
smpc-guideline-bridge-1.0.0,bridge-6db6dd1970585ffe9ba21b25,cs-f61b3d4e90089c1b890c23cb,smPC_to_guideline,src-abraxane-epar-product-information-de-0af3b0c0c510,sv-0af3b0c0c51064a253c83685,abraxane-epar-product-information_de.pdf,"Abraxane, INN-paclitaxel",Abraxane,"[""product-09e893e8435b9ca960304d2c"", ""product-16fe8ca71ed9b27b2585b717""]","[""Abraxane""]",substance-ae60c17c30d4b269054c83d4,Paclitaxel,"[""Paclitaxel""]",Paclitaxel,ru-6134efa22f603f61cbf36f52,src-032-010oll-exokrines-pankreaskarzinom-2025-06-44df7e615f31,"[""rec-04557def074d36023cc75b0b""]",[],,smpc_product_substance_to_guideline_mention,exact,1.0,"[{""evidence_id"": ""ru-050447f6d167eaa4c5c2d737"", ""pdf_pages_1based"": [20], ""printed_page_label"": ""20"", ""source_document_id"": ""src-abraxane-epar-product-information-de-0af3b0c0c510"", ""source_file_name"": ""abraxane-epar-product-information_de.pdf"", ""source_native_item_number"": null, ""source_role"": ""smPC"", ""source_status"": ""current_at_snapshot"", ""source_version_id"": ""sv-0af3b0c0c51064a253c83685""}, {""evidence_id"": ""ru-084569799cb5a4c5a7519db1"", ""pdf_pages_1based"": [19], ""printed_page_label"": ""19"", ""source_document_id"": ""src-abraxane-epar-product-information-de-0af3b0c0c510"", ""source_file_name"": ""abraxane-epar-product-information_de.pdf"", ""source_native_item_number"": null, ""source_role"": ""smPC"", ""source_status"": ""current_at_snapshot"", ""source_version_id"": ""sv-0af3b0c0c51064a253c83685""}, {""evidence_id"": ""ru-12ab026295534b8df0498a32"", ""pdf_pages_1based"": [10], ""printed_page_label"": ""10"", ""source_document_id"": ""src-abraxane-epar-product-information-de-0af3b0c0c510"", ""source_file_name"": ""abraxane-epar-product-information_de.pdf"", ""source_native_item_number"": null, ""source_role"": ""smPC"", ""source_status"": ""current_at_snapshot"", ""source_version_id"": ""sv-0af3b0c0c51064a253c83685""}]","{""evidence_id"": ""ru-6134efa22f603f61cbf36f52"", ""pdf_pages_1based"": [150], ""printed_page_label"": ""150"", ""source_document_id"": ""src-032-010oll-exokrines-pankreaskarzinom-2025-06-44df7e615f31"", ""source_file_name"": ""032-010OLl_Exokrines-Pankreaskarzinom_2025-06.pdf"", ""source_native_item_number"": null, ""source_role"": ""guideline"", ""source_status"": ""final"", ""source_version_id"": ""sv-44df7e615f31f73867061691""}","[""ru-050447f6d167eaa4c5c2d737"", ""ru-084569799cb5a4c5a7519db1"", ""ru-12ab026295534b8df0498a32"", ""ru-6134efa22f603f61cbf36f52""]",True,True,active_validated,[]
smpc-guideline-bridge-1.0.0,bridge-282d042490fcdba2f90ca668,cs-f61b3d4e90089c1b890c23cb,smPC_to_guideline,src-abraxane-epar-product-information-de-0af3b0c0c510,sv-0af3b0c0c51064a253c83685,abraxane-epar-product-information_de.pdf,"Abraxane, INN-paclitaxel",Abraxane,"[""product-09e893e8435b9ca960304d2c"", ""product-16fe8ca71ed9b27b2585b717""]","[""Abraxane""]",substance-ae60c17c30d4b269054c83d4,Paclitaxel,"[""Paclitaxel""]",Paclitaxel,ru-652f10d48b5a0f573a44bc91,src-032-010oll-exokrines-pankreaskarzinom-2025-06-44df7e615f31,"[""rec-602571eca6379277744cf03e""]",[],,smpc_product_substance_to_guideline_mention,exact,1.0,"[{""evidence_id"": ""ru-050447f6d167eaa4c5c2d737"", ""pdf_pages_1based"": [20], ""printed_page_label"": ""20"", ""source_document_id"": ""src-abraxane-epar-product-information-de-0af3b0c0c510"", ""source_file_name"": ""abraxane-epar-product-information_de.pdf"", ""source_native_item_number"": null, ""source_role"": ""smPC"", ""source_status"": ""current_at_snapshot"", ""source_version_id"": ""sv-0af3b0c0c51064a253c83685""}, {""evidence_id"": ""ru-084569799cb5a4c5a7519db1"", ""pdf_pages_1based"": [19], ""printed_page_label"": ""19"", ""source_document_id"": ""src-abraxane-epar-product-information-de-0af3b0c0c510"", ""source_file_name"": ""abraxane-epar-product-information_de.pdf"", ""source_native_item_number"": null, ""source_role"": ""smPC"", ""source_status"": ""current_at_snapshot"", ""source_version_id"": ""sv-0af3b0c0c51064a253c83685""}, {""evidence_id"": ""ru-12ab026295534b8df0498a32"", ""pdf_pages_1based"": [10], ""printed_page_label"": ""10"", ""source_document_id"": ""src-abraxane-epar-product-information-de-0af3b0c0c510"", ""source_file_name"": ""abraxane-epar-product-information_de.pdf"", ""source_native_item_number"": null, ""source_role"": ""smPC"", ""source_status"": ""current_at_snapshot"", ""source_version_id"": ""sv-0af3b0c0c51064a253c83685""}]","{""evidence_id"": ""ru-652f10d48b5a0f573a44bc91"", ""pdf_pages_1based"": [140], ""printed_page_label"": ""140"", ""source_document_id"": ""src-032-010oll-exokrines-pankreaskarzinom-2025-06-44df7e615f31"", ""source_file_name"": ""032-010OLl_Exokrines-Pankreaskarzinom_2025-06.pdf"", ""source_native_item_number"": null, ""source_role"": ""guideline"", ""source_status"": ""final"", ""source_version_id"": ""sv-44df7e615f31f73867061691""}","[""ru-050447f6d167eaa4c5c2d737"", ""ru-084569799cb5a4c5a7519db1"", ""ru-12ab026295534b8df0498a32"", ""ru-652f10d48b5a0f573a44bc91""]",True,True,active_validated,[]
smpc-guideline-bridge-1.0.0,bridge-698a7e944b1bcf909649e5aa,cs-f61b3d4e90089c1b890c23cb,smPC_to_guideline,src-abraxane-epar-product-information-de-0af3b0c0c510,sv-0af3b0c0c51064a253c83685,abraxane-epar-product-information_de.pdf,"Abraxane, INN-paclitaxel",Abraxane,"[""product-09e893e8435b9ca960304d2c"", ""product-16fe8ca71ed9b27b2585b717""]","[""Abraxane""]",substance-ae60c17c30d4b269054c83d4,Paclitaxel,"[""Paclitaxel""]",Paclitaxel,ru-899e5895d287582c483c317c,src-032-010oll-exokrines-pankreaskarzinom-2025-06-44df7e615f31,"[""rec-1b7be1a7972df60b4dffb3d7""]",[],,smpc_product_substance_to_guideline_mention,exact,1.0,"[{""evidence_id"": ""ru-050447f6d167eaa4c5c2d737"", ""pdf_pages_1based"": [20], ""printed_page_label"": ""20"", ""source_document_id"": ""src-abraxane-epar-product-information-de-0af3b0c0c510"", ""source_file_name"": ""abraxane-epar-product-information_de.pdf"", ""source_native_item_number"": null, ""source_role"": ""smPC"", ""source_status"": ""current_at_snapshot"", ""source_version_id"": ""sv-0af3b0c0c51064a253c83685""}, {""evidence_id"": ""ru-084569799cb5a4c5a7519db1"", ""pdf_pages_1based"": [19], ""printed_page_label"": ""19"", ""source_document_id"": ""src-abraxane-epar-product-information-de-0af3b0c0c510"", ""source_file_name"": ""abraxane-epar-product-information_de.pdf"", ""source_native_item_number"": null, ""source_role"": ""smPC"", ""source_status"": ""current_at_snapshot"", ""source_version_id"": ""sv-0af3b0c0c51064a253c83685""}, {""evidence_id"": ""ru-12ab026295534b8df0498a32"", ""pdf_pages_1based"": [10], ""printed_page_label"": ""10"", ""source_document_id"": ""src-abraxane-epar-product-information-de-0af3b0c0c510"", ""source_file_name"": ""abraxane-epar-product-information_de.pdf"", ""source_native_item_number"": null, ""source_role"": ""smPC"", ""source_status"": ""current_at_snapshot"", ""source_version_id"": ""sv-0af3b0c0c51064a253c83685""}]","{""evidence_id"": ""ru-899e5895d287582c483c317c"", ""pdf_pages_1based"": [151], ""printed_page_label"": ""151"", ""source_document_id"": ""src-032-010oll-exokrines-pankreaskarzinom-2025-06-44df7e615f31"", ""source_file_name"": ""032-010OLl_Exokrines-Pankreaskarzinom_2025-06.pdf"", ""source_native_item_number"": null, ""source_role"": ""guideline"", ""source_status"": ""final"", ""source_version_id"": ""sv-44df7e615f31f73867061691""}","[""ru-050447f6d167eaa4c5c2d737"", ""ru-084569799cb5a4c5a7519db1"", ""ru-12ab026295534b8df0498a32"", ""ru-899e5895d287582c483c317c""]",True,True,active_validated,[]
smpc-guideline-bridge-1.0.0,bridge-83acbad6673bad57e7cc13b6,cs-f61b3d4e90089c1b890c23cb,smPC_to_guideline,src-abraxane-epar-product-information-de-0af3b0c0c510,sv-0af3b0c0c51064a253c83685,abraxane-epar-product-information_de.pdf,"Abraxane, INN-paclitaxel",Abraxane,"[""product-09e893e8435b9ca960304d2c"", ""product-16fe8ca71ed9b27b2585b717""]","[""Abraxane""]",substance-ae60c17c30d4b269054c83d4,Paclitaxel,"[""Paclitaxel""]",Paclitaxel,ru-926c1e3c691dfc21aec906a3,src-032-010oll-exokrines-pankreaskarzinom-2025-06-44df7e615f31,"[""rec-4f4410e681b8ace09ed47387""]",[],,smpc_product_substance_to_guideline_mention,exact,1.0,"[{""evidence_id"": ""ru-050447f6d167eaa4c5c2d737"", ""pdf_pages_1based"": [20], ""printed_page_label"": ""20"", ""source_document_id"": ""src-abraxane-epar-product-information-de-0af3b0c0c510"", ""source_file_name"": ""abraxane-epar-product-information_de.pdf"", ""source_native_item_number"": null, ""source_role"": ""smPC"", ""source_status"": ""current_at_snapshot"", ""source_version_id"": ""sv-0af3b0c0c51064a253c83685""}, {""evidence_id"": ""ru-084569799cb5a4c5a7519db1"", ""pdf_pages_1based"": [19], ""printed_page_label"": ""19"", ""source_document_id"": ""src-abraxane-epar-product-information-de-0af3b0c0c510"", ""source_file_name"": ""abraxane-epar-product-information_de.pdf"", ""source_native_item_number"": null, ""source_role"": ""smPC"", ""source_status"": ""current_at_snapshot"", ""source_version_id"": ""sv-0af3b0c0c51064a253c83685""}, {""evidence_id"": ""ru-12ab026295534b8df0498a32"", ""pdf_pages_1based"": [10], ""printed_page_label"": ""10"", ""source_document_id"": ""src-abraxane-epar-product-information-de-0af3b0c0c510"", ""source_file_name"": ""abraxane-epar-product-information_de.pdf"", ""source_native_item_number"": null, ""source_role"": ""smPC"", ""source_status"": ""current_at_snapshot"", ""source_version_id"": ""sv-0af3b0c0c51064a253c83685""}]","{""evidence_id"": ""ru-926c1e3c691dfc21aec906a3"", ""pdf_pages_1based"": [181], ""printed_page_label"": ""181"", ""source_document_id"": ""src-032-010oll-exokrines-pankreaskarzinom-2025-06-44df7e615f31"", ""source_file_name"": ""032-010OLl_Exokrines-Pankreaskarzinom_2025-06.pdf"", ""source_native_item_number"": null, ""source_role"": ""guideline"", ""source_status"": ""final"", ""source_version_id"": ""sv-44df7e615f31f73867061691""}","[""ru-050447f6d167eaa4c5c2d737"", ""ru-084569799cb5a4c5a7519db1"", ""ru-12ab026295534b8df0498a32"", ""ru-926c1e3c691dfc21aec906a3""]",True,True,active_validated,[]
smpc-guideline-bridge-1.0.0,bridge-e0ee6c1bf5ee5d81913dde7e,cs-f61b3d4e90089c1b890c23cb,smPC_to_guideline,src-abraxane-epar-product-information-de-0af3b0c0c510,sv-0af3b0c0c51064a253c83685,abraxane-epar-product-information_de.pdf,"Abraxane, INN-paclitaxel",Abraxane,"[""product-09e893e8435b9ca960304d2c"", ""product-16fe8ca71ed9b27b2585b717""]","[""Abraxane""]",substance-ae60c17c30d4b269054c83d4,Paclitaxel,"[""Paclitaxel""]",Paclitaxel,ru-946f922146854ccfaabcbf0f,src-032-010oll-exokrines-pankreaskarzinom-2025-06-44df7e615f31,"[""rec-86a033c03ac2bb312f58586e""]",[],,smpc_product_substance_to_guideline_mention,exact,1.0,"[{""evidence_id"": ""ru-050447f6d167eaa4c5c2d737"", ""pdf_pages_1based"": [20], ""printed_page_label"": ""20"", ""source_document_id"": ""src-abraxane-epar-product-information-de-0af3b0c0c510"", ""source_file_name"": ""abraxane-epar-product-information_de.pdf"", ""source_native_item_number"": null, ""source_role"": ""smPC"", ""source_status"": ""current_at_snapshot"", ""source_version_id"": ""sv-0af3b0c0c51064a253c83685""}, {""evidence_id"": ""ru-084569799cb5a4c5a7519db1"", ""pdf_pages_1based"": [19], ""printed_page_label"": ""19"", ""source_document_id"": ""src-abraxane-epar-product-information-de-0af3b0c0c510"", ""source_file_name"": ""abraxane-epar-product-information_de.pdf"", ""source_native_item_number"": null, ""source_role"": ""smPC"", ""source_status"": ""current_at_snapshot"", ""source_version_id"": ""sv-0af3b0c0c51064a253c83685""}, {""evidence_id"": ""ru-12ab026295534b8df0498a32"", ""pdf_pages_1based"": [10], ""printed_page_label"": ""10"", ""source_document_id"": ""src-abraxane-epar-product-information-de-0af3b0c0c510"", ""source_file_name"": ""abraxane-epar-product-information_de.pdf"", ""source_native_item_number"": null, ""source_role"": ""smPC"", ""source_status"": ""current_at_snapshot"", ""source_version_id"": ""sv-0af3b0c0c51064a253c83685""}]","{""evidence_id"": ""ru-946f922146854ccfaabcbf0f"", ""pdf_pages_1based"": [163, 164], ""printed_page_label"": null, ""source_document_id"": ""src-032-010oll-exokrines-pankreaskarzinom-2025-06-44df7e615f31"", ""source_file_name"": ""032-010OLl_Exokrines-Pankreaskarzinom_2025-06.pdf"", ""source_native_item_number"": null, ""source_role"": ""guideline"", ""source_status"": ""final"", ""source_version_id"": ""sv-44df7e615f31f73867061691""}","[""ru-050447f6d167eaa4c5c2d737"", ""ru-084569799cb5a4c5a7519db1"", ""ru-12ab026295534b8df0498a32"", ""ru-946f922146854ccfaabcbf0f""]",True,True,active_validated,[]
smpc-guideline-bridge-1.0.0,bridge-9a0d7d49de21a4e120233aa4,cs-f61b3d4e90089c1b890c23cb,smPC_to_guideline,src-abraxane-epar-product-information-de-0af3b0c0c510,sv-0af3b0c0c51064a253c83685,abraxane-epar-product-information_de.pdf,"Abraxane, INN-paclitaxel",Abraxane,"[""product-09e893e8435b9ca960304d2c"", ""product-16fe8ca71ed9b27b2585b717""]","[""Abraxane""]",substance-ae60c17c30d4b269054c83d4,Paclitaxel,"[""Paclitaxel""]",Paclitaxel,ru-986bca280817457d10880570,src-032-010oll-exokrines-pankreaskarzinom-2025-06-44df7e615f31,"[""rec-c691aeffd2b60ef059fbe519""]",[],,smpc_product_substance_to_guideline_mention,exact,1.0,"[{""evidence_id"": ""ru-050447f6d167eaa4c5c2d737"", ""pdf_pages_1based"": [20], ""printed_page_label"": ""20"", ""source_document_id"": ""src-abraxane-epar-product-information-de-0af3b0c0c510"", ""source_file_name"": ""abraxane-epar-product-information_de.pdf"", ""source_native_item_number"": null, ""source_role"": ""smPC"", ""source_status"": ""current_at_snapshot"", ""source_version_id"": ""sv-0af3b0c0c51064a253c83685""}, {""evidence_id"": ""ru-084569799cb5a4c5a7519db1"", ""pdf_pages_1based"": [19], ""printed_page_label"": ""19"", ""source_document_id"": ""src-abraxane-epar-product-information-de-0af3b0c0c510"", ""source_file_name"": ""abraxane-epar-product-information_de.pdf"", ""source_native_item_number"": null, ""source_role"": ""smPC"", ""source_status"": ""current_at_snapshot"", ""source_version_id"": ""sv-0af3b0c0c51064a253c83685""}, {""evidence_id"": ""ru-12ab026295534b8df0498a32"", ""pdf_pages_1based"": [10], ""printed_page_label"": ""10"", ""source_document_id"": ""src-abraxane-epar-product-information-de-0af3b0c0c510"", ""source_file_name"": ""abraxane-epar-product-information_de.pdf"", ""source_native_item_number"": null, ""source_role"": ""smPC"", ""source_status"": ""current_at_snapshot"", ""source_version_id"": ""sv-0af3b0c0c51064a253c83685""}]","{""evidence_id"": ""ru-986bca280817457d10880570"", ""pdf_pages_1based"": [148, 149], ""printed_page_label"": ""148"", ""source_document_id"": ""src-032-010oll-exokrines-pankreaskarzinom-2025-06-44df7e615f31"", ""source_file_name"": ""032-010OLl_Exokrines-Pankreaskarzinom_2025-06.pdf"", ""source_native_item_number"": null, ""source_role"": ""guideline"", ""source_status"": ""final"", ""source_version_id"": ""sv-44df7e615f31f73867061691""}","[""ru-050447f6d167eaa4c5c2d737"", ""ru-084569799cb5a4c5a7519db1"", ""ru-12ab026295534b8df0498a32"", ""ru-986bca280817457d10880570""]",True,True,active_validated,[]
smpc-guideline-bridge-1.0.0,bridge-885252e4a0b633b5a1b63b68,cs-f61b3d4e90089c1b890c23cb,smPC_to_guideline,src-abraxane-epar-product-information-de-0af3b0c0c510,sv-0af3b0c0c51064a253c83685,abraxane-epar-product-information_de.pdf,"Abraxane, INN-paclitaxel",Abraxane,"[""product-09e893e8435b9ca960304d2c"", ""product-16fe8ca71ed9b27b2585b717""]","[""Abraxane""]",substance-ae60c17c30d4b269054c83d4,Paclitaxel,"[""Paclitaxel""]",Paclitaxel,ru-bfb9572dbb42c1a735af4465,src-032-010oll-exokrines-pankreaskarzinom-2025-06-44df7e615f31,"[""rec-858d98d05ee0a84cc3aadf42""]",[],,smpc_product_substance_to_guideline_mention,exact,1.0,"[{""evidence_id"": ""ru-050447f6d167eaa4c5c2d737"", ""pdf_pages_1based"": [20], ""printed_page_label"": ""20"", ""source_document_id"": ""src-abraxane-epar-product-information-de-0af3b0c0c510"", ""source_file_name"": ""abraxane-epar-product-information_de.pdf"", ""source_native_item_number"": null, ""source_role"": ""smPC"", ""source_status"": ""current_at_snapshot"", ""source_version_id"": ""sv-0af3b0c0c51064a253c83685""}, {""evidence_id"": ""ru-084569799cb5a4c5a7519db1"", ""pdf_pages_1based"": [19], ""printed_page_label"": ""19"", ""source_document_id"": ""src-abraxane-epar-product-information-de-0af3b0c0c510"", ""source_file_name"": ""abraxane-epar-product-information_de.pdf"", ""source_native_item_number"": null, ""source_role"": ""smPC"", ""source_status"": ""current_at_snapshot"", ""source_version_id"": ""sv-0af3b0c0c51064a253c83685""}, {""evidence_id"": ""ru-12ab026295534b8df0498a32"", ""pdf_pages_1based"": [10], ""printed_page_label"": ""10"", ""source_document_id"": ""src-abraxane-epar-product-information-de-0af3b0c0c510"", ""source_file_name"": ""abraxane-epar-product-information_de.pdf"", ""source_native_item_number"": null, ""source_role"": ""smPC"", ""source_status"": ""current_at_snapshot"", ""source_version_id"": ""sv-0af3b0c0c51064a253c83685""}]","{""evidence_id"": ""ru-bfb9572dbb42c1a735af4465"", ""pdf_pages_1based"": [116], ""printed_page_label"": ""116"", ""source_document_id"": ""src-032-010oll-exokrines-pankreaskarzinom-2025-06-44df7e615f31"", ""source_file_name"": ""032-010OLl_Exokrines-Pankreaskarzinom_2025-06.pdf"", ""source_native_item_number"": null, ""source_role"": ""guideline"", ""source_status"": ""final"", ""source_version_id"": ""sv-44df7e615f31f73867061691""}","[""ru-050447f6d167eaa4c5c2d737"", ""ru-084569799cb5a4c5a7519db1"", ""ru-12ab026295534b8df0498a32"", ""ru-bfb9572dbb42c1a735af4465""]",True,True,active_validated,[]
smpc-guideline-bridge-1.0.0,bridge-3e016505ba9964abd803a7b2,cs-f61b3d4e90089c1b890c23cb,smPC_to_guideline,src-abraxane-epar-product-information-de-0af3b0c0c510,sv-0af3b0c0c51064a253c83685,abraxane-epar-product-information_de.pdf,"Abraxane, INN-paclitaxel",Abraxane,"[""product-09e893e8435b9ca960304d2c"", ""product-16fe8ca71ed9b27b2585b717""]","[""Abraxane""]",substance-ae60c17c30d4b269054c83d4,Paclitaxel,"[""Paclitaxel""]",Paclitaxel,ru-d687a3d4a0843190094331d1,src-032-010oll-exokrines-pankreaskarzinom-2025-06-44df7e615f31,"[""rec-74053afda2e2383a4916b55c""]",[],,smpc_product_substance_to_guideline_mention,exact,1.0,"[{""evidence_id"": ""ru-050447f6d167eaa4c5c2d737"", ""pdf_pages_1based"": [20], ""printed_page_label"": ""20"", ""source_document_id"": ""src-abraxane-epar-product-information-de-0af3b0c0c510"", ""source_file_name"": ""abraxane-epar-product-information_de.pdf"", ""source_native_item_number"": null, ""source_role"": ""smPC"", ""source_status"": ""current_at_snapshot"", ""source_version_id"": ""sv-0af3b0c0c51064a253c83685""}, {""evidence_id"": ""ru-084569799cb5a4c5a7519db1"", ""pdf_pages_1based"": [19], ""printed_page_label"": ""19"", ""source_document_id"": ""src-abraxane-epar-product-information-de-0af3b0c0c510"", ""source_file_name"": ""abraxane-epar-product-information_de.pdf"", ""source_native_item_number"": null, ""source_role"": ""smPC"", ""source_status"": ""current_at_snapshot"", ""source_version_id"": ""sv-0af3b0c0c51064a253c83685""}, {""evidence_id"": ""ru-12ab026295534b8df0498a32"", ""pdf_pages_1based"": [10], ""printed_page_label"": ""10"", ""source_document_id"": ""src-abraxane-epar-product-information-de-0af3b0c0c510"", ""source_file_name"": ""abraxane-epar-product-information_de.pdf"", ""source_native_item_number"": null, ""source_role"": ""smPC"", ""source_status"": ""current_at_snapshot"", ""source_version_id"": ""sv-0af3b0c0c51064a253c83685""}]","{""evidence_id"": ""ru-d687a3d4a0843190094331d1"", ""pdf_pages_1based"": [166], ""printed_page_label"": null, ""source_document_id"": ""src-032-010oll-exokrines-pankreaskarzinom-2025-06-44df7e615f31"", ""source_file_name"": ""032-010OLl_Exokrines-Pankreaskarzinom_2025-06.pdf"", ""source_native_item_number"": null, ""source_role"": ""guideline"", ""source_status"": ""final"", ""source_version_id"": ""sv-44df7e615f31f73867061691""}","[""ru-050447f6d167eaa4c5c2d737"", ""ru-084569799cb5a4c5a7519db1"", ""ru-12ab026295534b8df0498a32"", ""ru-d687a3d4a0843190094331d1""]",True,True,active_validated,[]
smpc-guideline-bridge-1.0.0,bridge-8c697bfa71afb5f10902836d,cs-f61b3d4e90089c1b890c23cb,smPC_to_guideline,src-abraxane-epar-product-information-de-0af3b0c0c510,sv-0af3b0c0c51064a253c83685,abraxane-epar-product-information_de.pdf,"Abraxane, INN-paclitaxel",Abraxane,"[""product-09e893e8435b9ca960304d2c"", ""product-16fe8ca71ed9b27b2585b717""]","[""Abraxane""]",substance-ae60c17c30d4b269054c83d4,Paclitaxel,"[""Paclitaxel""]",Paclitaxel,ru-d8e490ea51dbf36405e93458,src-032-010oll-exokrines-pankreaskarzinom-2025-06-44df7e615f31,"[""rec-8a537638359e2be43a1a0246""]","[""formal-cddbaa2a43c32b773ec7b418""]",8.13,smpc_product_substance_to_guideline_mention,exact,1.0,"[{""evidence_id"": ""ru-050447f6d167eaa4c5c2d737"", ""pdf_pages_1based"": [20], ""printed_page_label"": ""20"", ""source_document_id"": ""src-abraxane-epar-product-information-de-0af3b0c0c510"", ""source_file_name"": ""abraxane-epar-product-information_de.pdf"", ""source_native_item_number"": null, ""source_role"": ""smPC"", ""source_status"": ""current_at_snapshot"", ""source_version_id"": ""sv-0af3b0c0c51064a253c83685""}, {""evidence_id"": ""ru-084569799cb5a4c5a7519db1"", ""pdf_pages_1based"": [19], ""printed_page_label"": ""19"", ""source_document_id"": ""src-abraxane-epar-product-information-de-0af3b0c0c510"", ""source_file_name"": ""abraxane-epar-product-information_de.pdf"", ""source_native_item_number"": null, ""source_role"": ""smPC"", ""source_status"": ""current_at_snapshot"", ""source_version_id"": ""sv-0af3b0c0c51064a253c83685""}, {""evidence_id"": ""ru-12ab026295534b8df0498a32"", ""pdf_pages_1based"": [10], ""printed_page_label"": ""10"", ""source_document_id"": ""src-abraxane-epar-product-information-de-0af3b0c0c510"", ""source_file_name"": ""abraxane-epar-product-information_de.pdf"", ""source_native_item_number"": null, ""source_role"": ""smPC"", ""source_status"": ""current_at_snapshot"", ""source_version_id"": ""sv-0af3b0c0c51064a253c83685""}]","{""evidence_id"": ""ru-d8e490ea51dbf36405e93458"", ""pdf_pages_1based"": [165], ""printed_page_label"": null, ""source_document_id"": ""src-032-010oll-exokrines-pankreaskarzinom-2025-06-44df7e615f31"", ""source_file_name"": ""032-010OLl_Exokrines-Pankreaskarzinom_2025-06.pdf"", ""source_native_item_number"": ""8.13"", ""source_role"": ""guideline"", ""source_status"": ""final"", ""source_version_id"": ""sv-44df7e615f31f73867061691""}","[""ru-050447f6d167eaa4c5c2d737"", ""ru-084569799cb5a4c5a7519db1"", ""ru-12ab026295534b8df0498a32"", ""ru-d8e490ea51dbf36405e93458""]",True,True,active_validated,[]
smpc-guideline-bridge-1.0.0,bridge-1b8d1857450b0b370e0fa962,cs-f61b3d4e90089c1b890c23cb,smPC_to_guideline,src-abraxane-epar-product-information-de-0af3b0c0c510,sv-0af3b0c0c51064a253c83685,abraxane-epar-product-information_de.pdf,"Abraxane, INN-paclitaxel",Abraxane,"[""product-09e893e8435b9ca960304d2c"", ""product-16fe8ca71ed9b27b2585b717""]","[""Abraxane""]",substance-ae60c17c30d4b269054c83d4,Paclitaxel,"[""Paclitaxel""]",Paclitaxel,ru-e06301b79e7e9bf27b44c435,src-032-010oll-exokrines-pankreaskarzinom-2025-06-44df7e615f31,"[""rec-09460a4c9b278edf329cf40a""]",[],,smpc_product_substance_to_guideline_mention,exact,1.0,"[{""evidence_id"": ""ru-050447f6d167eaa4c5c2d737"", ""pdf_pages_1based"": [20], ""printed_page_label"": ""20"", ""source_document_id"": ""src-abraxane-epar-product-information-de-0af3b0c0c510"", ""source_file_name"": ""abraxane-epar-product-information_de.pdf"", ""source_native_item_number"": null, ""source_role"": ""smPC"", ""source_status"": ""current_at_snapshot"", ""source_version_id"": ""sv-0af3b0c0c51064a253c83685""}, {""evidence_id"": ""ru-084569799cb5a4c5a7519db1"", ""pdf_pages_1based"": [19], ""printed_page_label"": ""19"", ""source_document_id"": ""src-abraxane-epar-product-information-de-0af3b0c0c510"", ""source_file_name"": ""abraxane-epar-product-information_de.pdf"", ""source_native_item_number"": null, ""source_role"": ""smPC"", ""source_status"": ""current_at_snapshot"", ""source_version_id"": ""sv-0af3b0c0c51064a253c83685""}, {""evidence_id"": ""ru-12ab026295534b8df0498a32"", ""pdf_pages_1based"": [10], ""printed_page_label"": ""10"", ""source_document_id"": ""src-abraxane-epar-product-information-de-0af3b0c0c510"", ""source_file_name"": ""abraxane-epar-product-information_de.pdf"", ""source_native_item_number"": null, ""source_role"": ""smPC"", ""source_status"": ""current_at_snapshot"", ""source_version_id"": ""sv-0af3b0c0c51064a253c83685""}]","{""evidence_id"": ""ru-e06301b79e7e9bf27b44c435"", ""pdf_pages_1based"": [30], ""printed_page_label"": ""30"", ""source_document_id"": ""src-032-010oll-exokrines-pankreaskarzinom-2025-06-44df7e615f31"", ""source_file_name"": ""032-010OLl_Exokrines-Pankreaskarzinom_2025-06.pdf"", ""source_native_item_number"": null, ""source_role"": ""guideline"", ""source_status"": ""final"", ""source_version_id"": ""sv-44df7e615f31f73867061691""}","[""ru-050447f6d167eaa4c5c2d737"", ""ru-084569799cb5a4c5a7519db1"", ""ru-12ab026295534b8df0498a32"", ""ru-e06301b79e7e9bf27b44c435""]",True,True,active_validated,[]
smpc-guideline-bridge-1.0.0,bridge-4bd3a9391837e0510da735d2,cs-f61b3d4e90089c1b890c23cb,smPC_to_guideline,src-abraxane-epar-product-information-de-0af3b0c0c510,sv-0af3b0c0c51064a253c83685,abraxane-epar-product-information_de.pdf,"Abraxane, INN-paclitaxel",Abraxane,"[""product-09e893e8435b9ca960304d2c"", ""product-16fe8ca71ed9b27b2585b717""]","[""Abraxane""]",substance-ae60c17c30d4b269054c83d4,Paclitaxel,"[""Paclitaxel""]",Paclitaxel,ru-f3c18b4190a0cb0d72b77ea7,src-032-010oll-exokrines-pankreaskarzinom-2025-06-44df7e615f31,"[""rec-fa28419d56a63e431a13aea9""]","[""formal-400cd2e668d1370d93965dc9""]",7.17,smpc_product_substance_to_guideline_mention,exact,1.0,"[{""evidence_id"": ""ru-050447f6d167eaa4c5c2d737"", ""pdf_pages_1based"": [20], ""printed_page_label"": ""20"", ""source_document_id"": ""src-abraxane-epar-product-information-de-0af3b0c0c510"", ""source_file_name"": ""abraxane-epar-product-information_de.pdf"", ""source_native_item_number"": null, ""source_role"": ""smPC"", ""source_status"": ""current_at_snapshot"", ""source_version_id"": ""sv-0af3b0c0c51064a253c83685""}, {""evidence_id"": ""ru-084569799cb5a4c5a7519db1"", ""pdf_pages_1based"": [19], ""printed_page_label"": ""19"", ""source_document_id"": ""src-abraxane-epar-product-information-de-0af3b0c0c510"", ""source_file_name"": ""abraxane-epar-product-information_de.pdf"", ""source_native_item_number"": null, ""source_role"": ""smPC"", ""source_status"": ""current_at_snapshot"", ""source_version_id"": ""sv-0af3b0c0c51064a253c83685""}, {""evidence_id"": ""ru-12ab026295534b8df0498a32"", ""pdf_pages_1based"": [10], ""printed_page_label"": ""10"", ""source_document_id"": ""src-abraxane-epar-product-information-de-0af3b0c0c510"", ""source_file_name"": ""abraxane-epar-product-information_de.pdf"", ""source_native_item_number"": null, ""source_role"": ""smPC"", ""source_status"": ""current_at_snapshot"", ""source_version_id"": ""sv-0af3b0c0c51064a253c83685""}]","{""evidence_id"": ""ru-f3c18b4190a0cb0d72b77ea7"", ""pdf_pages_1based"": [150], ""printed_page_label"": ""150"", ""source_document_id"": ""src-032-010oll-exokrines-pankreaskarzinom-2025-06-44df7e615f31"", ""source_file_name"": ""032-010OLl_Exokrines-Pankreaskarzinom_2025-06.pdf"", ""source_native_item_number"": ""7.17"", ""source_role"": ""guideline"", ""source_status"": ""final"", ""source_version_id"": ""sv-44df7e615f31f73867061691""}","[""ru-050447f6d167eaa4c5c2d737"", ""ru-084569799cb5a4c5a7519db1"", ""ru-12ab026295534b8df0498a32"", ""ru-f3c18b4190a0cb0d72b77ea7""]",True,True,active_validated,[]
smpc-guideline-bridge-1.0.0,bridge-0e89bb36301001367697d210,cs-f61b3d4e90089c1b890c23cb,smPC_to_guideline,src-abraxane-epar-product-information-de-0af3b0c0c510,sv-0af3b0c0c51064a253c83685,abraxane-epar-product-information_de.pdf,"Abraxane, INN-paclitaxel",Abraxane,"[""product-09e893e8435b9ca960304d2c"", ""product-16fe8ca71ed9b27b2585b717""]","[""Abraxane""]",substance-ae60c17c30d4b269054c83d4,Paclitaxel,"[""Paclitaxel""]",Paclitaxel,ru-f7106cfbc673d2c57066cc91,src-032-010oll-exokrines-pankreaskarzinom-2025-06-44df7e615f31,"[""rec-55fe2037d9d1a181a3f025a4""]",[],,smpc_product_substance_to_guideline_mention,exact,1.0,"[{""evidence_id"": ""ru-050447f6d167eaa4c5c2d737"", ""pdf_pages_1based"": [20], ""printed_page_label"": ""20"", ""source_document_id"": ""src-abraxane-epar-product-information-de-0af3b0c0c510"", ""source_file_name"": ""abraxane-epar-product-information_de.pdf"", ""source_native_item_number"": null, ""source_role"": ""smPC"", ""source_status"": ""current_at_snapshot"", ""source_version_id"": ""sv-0af3b0c0c51064a253c83685""}, {""evidence_id"": ""ru-084569799cb5a4c5a7519db1"", ""pdf_pages_1based"": [19], ""printed_page_label"": ""19"", ""source_document_id"": ""src-abraxane-epar-product-information-de-0af3b0c0c510"", ""source_file_name"": ""abraxane-epar-product-information_de.pdf"", ""source_native_item_number"": null, ""source_role"": ""smPC"", ""source_status"": ""current_at_snapshot"", ""source_version_id"": ""sv-0af3b0c0c51064a253c83685""}, {""evidence_id"": ""ru-12ab026295534b8df0498a32"", ""pdf_pages_1based"": [10], ""printed_page_label"": ""10"", ""source_document_id"": ""src-abraxane-epar-product-information-de-0af3b0c0c510"", ""source_file_name"": ""abraxane-epar-product-information_de.pdf"", ""source_native_item_number"": null, ""source_role"": ""smPC"", ""source_status"": ""current_at_snapshot"", ""source_version_id"": ""sv-0af3b0c0c51064a253c83685""}]","{""evidence_id"": ""ru-f7106cfbc673d2c57066cc91"", ""pdf_pages_1based"": [165], ""printed_page_label"": null, ""source_document_id"": ""src-032-010oll-exokrines-pankreaskarzinom-2025-06-44df7e615f31"", ""source_file_name"": ""032-010OLl_Exokrines-Pankreaskarzinom_2025-06.pdf"", ""source_native_item_number"": null, ""source_role"": ""guideline"", ""source_status"": ""final"", ""source_version_id"": ""sv-44df7e615f31f73867061691""}","[""ru-050447f6d167eaa4c5c2d737"", ""ru-084569799cb5a4c5a7519db1"", ""ru-12ab026295534b8df0498a32"", ""ru-f7106cfbc673d2c57066cc91""]",True,True,active_validated,[]
smpc-guideline-bridge-1.0.0,bridge-08499c1fb46b489973e80bd2,cs-f61b3d4e90089c1b890c23cb,smPC_to_guideline,src-cisplatin-teva-r-1-mg-ml-konzentrat-661ce7c738c4,sv-661ce7c738c450ccbbab5e54,cisplatin-teva-r-1-mg-ml-konzentrat.pdf,Fachinformation: Cisplatin Teva<sup>®</sup> 1 mg/ml Konzentrat <br>zur Herstellung einer Infusionslösung,Cisplatin Teva,"[""product-32421504e2b6a3aa86bedd03"", ""product-afc4c2e7ff3739b2ef52666e"", ""product-f88b748218d158adbeb8f64b""]","[""Cisplatin Teva"", ""Cisplatin Teva 1 mg/ml Konzentrat zur Herstellung einer Infusionslösung"", ""Cisplatin Teva® 1 mg/ml Konzentrat zur Herstellung einer Infusionslösung""]",substance-fa21cdeeef59638b786efae2,Cisplatin,"[""Cisplatin""]",Cisplatin,ru-1f1714f3dd38f7edf3978f33,src-s3-ll-hcc-und-bcc-konsultationsfassung-langversion-6-01-1-c1996068a815,"[""rec-c4e9d42e94f70a9145800e5b""]",[],,smpc_product_substance_to_guideline_mention,exact,1.0,"[{""evidence_id"": ""ru-0285cccc558181ceb54128c7"", ""pdf_pages_1based"": [5], ""printed_page_label"": ""5"", ""source_document_id"": ""src-cisplatin-teva-r-1-mg-ml-konzentrat-661ce7c738c4"", ""source_file_name"": ""cisplatin-teva-r-1-mg-ml-konzentrat.pdf"", ""source_native_item_number"": null, ""source_role"": ""smPC"", ""source_status"": ""current_at_snapshot"", ""source_version_id"": ""sv-661ce7c738c450ccbbab5e54""}, {""evidence_id"": ""ru-03441e54c60d9a84ff33cc70"", ""pdf_pages_1based"": [7], ""printed_page_label"": ""7"", ""source_document_id"": ""src-cisplatin-teva-r-1-mg-ml-konzentrat-661ce7c738c4"", ""source_file_name"": ""cisplatin-teva-r-1-mg-ml-konzentrat.pdf"", ""source_native_item_number"": null, ""source_role"": ""smPC"", ""source_status"": ""current_at_snapshot"", ""source_version_id"": ""sv-661ce7c738c450ccbbab5e54""}, {""evidence_id"": ""ru-04a52b6fd891a68dd03a6c03"", ""pdf_pages_1based"": [10], ""printed_page_label"": ""10"", ""source_document_id"": ""src-cisplatin-teva-r-1-mg-ml-konzentrat-661ce7c738c4"", ""source_file_name"": ""cisplatin-teva-r-1-mg-ml-konzentrat.pdf"", ""source_native_item_number"": null, ""source_role"": ""smPC"", ""source_status"": ""current_at_snapshot"", ""source_version_id"": ""sv-661ce7c738c450ccbbab5e54""}]","{""evidence_id"": ""ru-1f1714f3dd38f7edf3978f33"", ""pdf_pages_1based"": [117, 118], ""printed_page_label"": ""117"", ""source_document_id"": ""src-s3-ll-hcc-und-bcc-konsultationsfassung-langversion-6-01-1-c1996068a815"", ""source_file_name"": ""S3_LL_HCC_und_BCC_Konsultationsfassung_Langversion_6.01 (1).pdf"", ""source_native_item_number"": null, ""source_role"": ""guideline"", ""source_status"": ""consultation_draft"", ""source_version_id"": ""sv-c1996068a81551f2fd14a9f4""}","[""ru-0285cccc558181ceb54128c7"", ""ru-03441e54c60d9a84ff33cc70"", ""ru-04a52b6fd891a68dd03a6c03"", ""ru-1f1714f3dd38f7edf3978f33""]",True,True,active_source_status_review,"[""guideline_source_not_final""]"
smpc-guideline-bridge-1.0.0,bridge-29218d4e958d42194aacf63b,cs-f61b3d4e90089c1b890c23cb,smPC_to_guideline,src-cisplatin-teva-r-1-mg-ml-konzentrat-661ce7c738c4,sv-661ce7c738c450ccbbab5e54,cisplatin-teva-r-1-mg-ml-konzentrat.pdf,Fachinformation: Cisplatin Teva<sup>®</sup> 1 mg/ml Konzentrat <br>zur Herstellung einer Infusionslösung,Cisplatin Teva,"[""product-32421504e2b6a3aa86bedd03"", ""product-afc4c2e7ff3739b2ef52666e"", ""product-f88b748218d158adbeb8f64b""]","[""Cisplatin Teva"", ""Cisplatin Teva 1 mg/ml Konzentrat zur Herstellung einer Infusionslösung"", ""Cisplatin Teva® 1 mg/ml Konzentrat zur Herstellung einer Infusionslösung""]",substance-fa21cdeeef59638b786efae2,Cisplatin,"[""Cisplatin""]",Cisplatin,ru-3fe59d3effe701466998f916,src-032-010oll-exokrines-pankreaskarzinom-2025-06-44df7e615f31,"[""rec-9d00d243e740de97bdf12449""]",[],,smpc_product_substance_to_guideline_mention,exact,1.0,"[{""evidence_id"": ""ru-0285cccc558181ceb54128c7"", ""pdf_pages_1based"": [5], ""printed_page_label"": ""5"", ""source_document_id"": ""src-cisplatin-teva-r-1-mg-ml-konzentrat-661ce7c738c4"", ""source_file_name"": ""cisplatin-teva-r-1-mg-ml-konzentrat.pdf"", ""source_native_item_number"": null, ""source_role"": ""smPC"", ""source_status"": ""current_at_snapshot"", ""source_version_id"": ""sv-661ce7c738c450ccbbab5e54""}, {""evidence_id"": ""ru-03441e54c60d9a84ff33cc70"", ""pdf_pages_1based"": [7], ""printed_page_label"": ""7"", ""source_document_id"": ""src-cisplatin-teva-r-1-mg-ml-konzentrat-661ce7c738c4"", ""source_file_name"": ""cisplatin-teva-r-1-mg-ml-konzentrat.pdf"", ""source_native_item_number"": null, ""source_role"": ""smPC"", ""source_status"": ""current_at_snapshot"", ""source_version_id"": ""sv-661ce7c738c450ccbbab5e54""}, {""evidence_id"": ""ru-04a52b6fd891a68dd03a6c03"", ""pdf_pages_1based"": [10], ""printed_page_label"": ""10"", ""source_document_id"": ""src-cisplatin-teva-r-1-mg-ml-konzentrat-661ce7c738c4"", ""source_file_name"": ""cisplatin-teva-r-1-mg-ml-konzentrat.pdf"", ""source_native_item_number"": null, ""source_role"": ""smPC"", ""source_status"": ""current_at_snapshot"", ""source_version_id"": ""sv-661ce7c738c450ccbbab5e54""}]","{""evidence_id"": ""ru-3fe59d3effe701466998f916"", ""pdf_pages_1based"": [171], ""printed_page_label"": ""171"", ""source_document_id"": ""src-032-010oll-exokrines-pankreaskarzinom-2025-06-44df7e615f31"", ""source_file_name"": ""032-010OLl_Exokrines-Pankreaskarzinom_2025-06.pdf"", ""source_native_item_number"": null, ""source_role"": ""guideline"", ""source_status"": ""final"", ""source_version_id"": ""sv-44df7e615f31f73867061691""}","[""ru-0285cccc558181ceb54128c7"", ""ru-03441e54c60d9a84ff33cc70"", ""ru-04a52b6fd891a68dd03a6c03"", ""ru-3fe59d3effe701466998f916""]",True,True,active_validated,[]
smpc-guideline-bridge-1.0.0,bridge-01cb8cbd216befaf7943845c,cs-f61b3d4e90089c1b890c23cb,smPC_to_guideline,src-cisplatin-teva-r-1-mg-ml-konzentrat-661ce7c738c4,sv-661ce7c738c450ccbbab5e54,cisplatin-teva-r-1-mg-ml-konzentrat.pdf,Fachinformation: Cisplatin Teva<sup>®</sup> 1 mg/ml Konzentrat <br>zur Herstellung einer Infusionslösung,Cisplatin Teva,"[""product-32421504e2b6a3aa86bedd03"", ""product-afc4c2e7ff3739b2ef52666e"", ""product-f88b748218d158adbeb8f64b""]","[""Cisplatin Teva"", ""Cisplatin Teva 1 mg/ml Konzentrat zur Herstellung einer Infusionslösung"", ""Cisplatin Teva® 1 mg/ml Konzentrat zur Herstellung einer Infusionslösung""]",substance-fa21cdeeef59638b786efae2,Cisplatin,"[""Cisplatin""]",Cisplatin,ru-4f82710d5daa9596367005a3,src-s3-ll-hcc-und-bcc-konsultationsfassung-langversion-6-01-1-c1996068a815,"[""rec-b849d6980125fe0432e3e811""]",[],,smpc_product_substance_to_guideline_mention,exact,1.0,"[{""evidence_id"": ""ru-0285cccc558181ceb54128c7"", ""pdf_pages_1based"": [5], ""printed_page_label"": ""5"", ""source_document_id"": ""src-cisplatin-teva-r-1-mg-ml-konzentrat-661ce7c738c4"", ""source_file_name"": ""cisplatin-teva-r-1-mg-ml-konzentrat.pdf"", ""source_native_item_number"": null, ""source_role"": ""smPC"", ""source_status"": ""current_at_snapshot"", ""source_version_id"": ""sv-661ce7c738c450ccbbab5e54""}, {""evidence_id"": ""ru-03441e54c60d9a84ff33cc70"", ""pdf_pages_1based"": [7], ""printed_page_label"": ""7"", ""source_document_id"": ""src-cisplatin-teva-r-1-mg-ml-konzentrat-661ce7c738c4"", ""source_file_name"": ""cisplatin-teva-r-1-mg-ml-konzentrat.pdf"", ""source_native_item_number"": null, ""source_role"": ""smPC"", ""source_status"": ""current_at_snapshot"", ""source_version_id"": ""sv-661ce7c738c450ccbbab5e54""}, {""evidence_id"": ""ru-04a52b6fd891a68dd03a6c03"", ""pdf_pages_1based"": [10], ""printed_page_label"": ""10"", ""source_document_id"": ""src-cisplatin-teva-r-1-mg-ml-konzentrat-661ce7c738c4"", ""source_file_name"": ""cisplatin-teva-r-1-mg-ml-konzentrat.pdf"", ""source_native_item_number"": null, ""source_role"": ""smPC"", ""source_status"": ""current_at_snapshot"", ""source_version_id"": ""sv-661ce7c738c450ccbbab5e54""}]","{""evidence_id"": ""ru-4f82710d5daa9596367005a3"", ""pdf_pages_1based"": [172, 173], ""printed_page_label"": ""172"", ""source_document_id"": ""src-s3-ll-hcc-und-bcc-konsultationsfassung-langversion-6-01-1-c1996068a815"", ""source_file_name"": ""S3_LL_HCC_und_BCC_Konsultationsfassung_Langversion_6.01 (1).pdf"", ""source_native_item_number"": null, ""source_role"": ""guideline"", ""source_status"": ""consultation_draft"", ""source_version_id"": ""sv-c1996068a81551f2fd14a9f4""}","[""ru-0285cccc558181ceb54128c7"", ""ru-03441e54c60d9a84ff33cc70"", ""ru-04a52b6fd891a68dd03a6c03"", ""ru-4f82710d5daa9596367005a3""]",True,True,active_source_status_review,"[""guideline_source_not_final""]"
smpc-guideline-bridge-1.0.0,bridge-7eb312c68c40f43c06c45731,cs-f61b3d4e90089c1b890c23cb,smPC_to_guideline,src-cisplatin-teva-r-1-mg-ml-konzentrat-661ce7c738c4,sv-661ce7c738c450ccbbab5e54,cisplatin-teva-r-1-mg-ml-konzentrat.pdf,Fachinformation: Cisplatin Teva<sup>®</sup> 1 mg/ml Konzentrat <br>zur Herstellung einer Infusionslösung,Cisplatin Teva,"[""product-32421504e2b6a3aa86bedd03"", ""product-afc4c2e7ff3739b2ef52666e"", ""product-f88b748218d158adbeb8f64b""]","[""Cisplatin Teva"", ""Cisplatin Teva 1 mg/ml Konzentrat zur Herstellung einer Infusionslösung"", ""Cisplatin Teva® 1 mg/ml Konzentrat zur Herstellung einer Infusionslösung""]",substance-fa21cdeeef59638b786efae2,Cisplatin,"[""Cisplatin""]",Cisplatin,ru-54aa3b914024918961af20dc,src-032-010oll-exokrines-pankreaskarzinom-2025-06-44df7e615f31,"[""rec-e68a8c85986c5e5258b25b2a""]",[],,smpc_product_substance_to_guideline_mention,exact,1.0,"[{""evidence_id"": ""ru-0285cccc558181ceb54128c7"", ""pdf_pages_1based"": [5], ""printed_page_label"": ""5"", ""source_document_id"": ""src-cisplatin-teva-r-1-mg-ml-konzentrat-661ce7c738c4"", ""source_file_name"": ""cisplatin-teva-r-1-mg-ml-konzentrat.pdf"", ""source_native_item_number"": null, ""source_role"": ""smPC"", ""source_status"": ""current_at_snapshot"", ""source_version_id"": ""sv-661ce7c738c450ccbbab5e54""}, {""evidence_id"": ""ru-03441e54c60d9a84ff33cc70"", ""pdf_pages_1based"": [7], ""printed_page_label"": ""7"", ""source_document_id"": ""src-cisplatin-teva-r-1-mg-ml-konzentrat-661ce7c738c4"", ""source_file_name"": ""cisplatin-teva-r-1-mg-ml-konzentrat.pdf"", ""source_native_item_number"": null, ""source_role"": ""smPC"", ""source_status"": ""current_at_snapshot"", ""source_version_id"": ""sv-661ce7c738c450ccbbab5e54""}, {""evidence_id"": ""ru-04a52b6fd891a68dd03a6c03"", ""pdf_pages_1based"": [10], ""printed_page_label"": ""10"", ""source_document_id"": ""src-cisplatin-teva-r-1-mg-ml-konzentrat-661ce7c738c4"", ""source_file_name"": ""cisplatin-teva-r-1-mg-ml-konzentrat.pdf"", ""source_native_item_number"": null, ""source_role"": ""smPC"", ""source_status"": ""current_at_snapshot"", ""source_version_id"": ""sv-661ce7c738c450ccbbab5e54""}]","{""evidence_id"": ""ru-54aa3b914024918961af20dc"", ""pdf_pages_1based"": [182, 183], ""printed_page_label"": ""182-183"", ""source_document_id"": ""src-032-010oll-exokrines-pankreaskarzinom-2025-06-44df7e615f31"", ""source_file_name"": ""032-010OLl_Exokrines-Pankreaskarzinom_2025-06.pdf"", ""source_native_item_number"": null, ""source_role"": ""guideline"", ""source_status"": ""final"", ""source_version_id"": ""sv-44df7e615f31f73867061691""}","[""ru-0285cccc558181ceb54128c7"", ""ru-03441e54c60d9a84ff33cc70"", ""ru-04a52b6fd891a68dd03a6c03"", ""ru-54aa3b914024918961af20dc""]",True,True,active_validated,[]
smpc-guideline-bridge-1.0.0,bridge-db91722bc266bedc9c3d3324,cs-f61b3d4e90089c1b890c23cb,smPC_to_guideline,src-cisplatin-teva-r-1-mg-ml-konzentrat-661ce7c738c4,sv-661ce7c738c450ccbbab5e54,cisplatin-teva-r-1-mg-ml-konzentrat.pdf,Fachinformation: Cisplatin Teva<sup>®</sup> 1 mg/ml Konzentrat <br>zur Herstellung einer Infusionslösung,Cisplatin Teva,"[""product-32421504e2b6a3aa86bedd03"", ""product-afc4c2e7ff3739b2ef52666e"", ""product-f88b748218d158adbeb8f64b""]","[""Cisplatin Teva"", ""Cisplatin Teva 1 mg/ml Konzentrat zur Herstellung einer Infusionslösung"", ""Cisplatin Teva® 1 mg/ml Konzentrat zur Herstellung einer Infusionslösung""]",substance-fa21cdeeef59638b786efae2,Cisplatin,"[""Cisplatin""]",Cisplatin,ru-5d74d62a0635340313709653,src-032-010oll-exokrines-pankreaskarzinom-2025-06-44df7e615f31,"[""rec-5f1e3c22c17c6d6cf53884f0""]","[""formal-a912a7f5428145865abf59ab""]",8.15,smpc_product_substance_to_guideline_mention,exact,1.0,"[{""evidence_id"": ""ru-0285cccc558181ceb54128c7"", ""pdf_pages_1based"": [5], ""printed_page_label"": ""5"", ""source_document_id"": ""src-cisplatin-teva-r-1-mg-ml-konzentrat-661ce7c738c4"", ""source_file_name"": ""cisplatin-teva-r-1-mg-ml-konzentrat.pdf"", ""source_native_item_number"": null, ""source_role"": ""smPC"", ""source_status"": ""current_at_snapshot"", ""source_version_id"": ""sv-661ce7c738c450ccbbab5e54""}, {""evidence_id"": ""ru-03441e54c60d9a84ff33cc70"", ""pdf_pages_1based"": [7], ""printed_page_label"": ""7"", ""source_document_id"": ""src-cisplatin-teva-r-1-mg-ml-konzentrat-661ce7c738c4"", ""source_file_name"": ""cisplatin-teva-r-1-mg-ml-konzentrat.pdf"", ""source_native_item_number"": null, ""source_role"": ""smPC"", ""source_status"": ""current_at_snapshot"", ""source_version_id"": ""sv-661ce7c738c450ccbbab5e54""}, {""evidence_id"": ""ru-04a52b6fd891a68dd03a6c03"", ""pdf_pages_1based"": [10], ""printed_page_label"": ""10"", ""source_document_id"": ""src-cisplatin-teva-r-1-mg-ml-konzentrat-661ce7c738c4"", ""source_file_name"": ""cisplatin-teva-r-1-mg-ml-konzentrat.pdf"", ""source_native_item_number"": null, ""source_role"": ""smPC"", ""source_status"": ""current_at_snapshot"", ""source_version_id"": ""sv-661ce7c738c450ccbbab5e54""}]","{""evidence_id"": ""ru-5d74d62a0635340313709653"", ""pdf_pages_1based"": [167], ""printed_page_label"": null, ""source_document_id"": ""src-032-010oll-exokrines-pankreaskarzinom-2025-06-44df7e615f31"", ""source_file_name"": ""032-010OLl_Exokrines-Pankreaskarzinom_2025-06.pdf"", ""source_native_item_number"": ""8.15"", ""source_role"": ""guideline"", ""source_status"": ""final"", ""source_version_id"": ""sv-44df7e615f31f73867061691""}","[""ru-0285cccc558181ceb54128c7"", ""ru-03441e54c60d9a84ff33cc70"", ""ru-04a52b6fd891a68dd03a6c03"", ""ru-5d74d62a0635340313709653""]",True,True,active_validated,[]
smpc-guideline-bridge-1.0.0,bridge-c670f9214b2e05152c11f874,cs-f61b3d4e90089c1b890c23cb,smPC_to_guideline,src-cisplatin-teva-r-1-mg-ml-konzentrat-661ce7c738c4,sv-661ce7c738c450ccbbab5e54,cisplatin-teva-r-1-mg-ml-konzentrat.pdf,Fachinformation: Cisplatin Teva<sup>®</sup> 1 mg/ml Konzentrat <br>zur Herstellung einer Infusionslösung,Cisplatin Teva,"[""product-32421504e2b6a3aa86bedd03"", ""product-afc4c2e7ff3739b2ef52666e"", ""product-f88b748218d158adbeb8f64b""]","[""Cisplatin Teva"", ""Cisplatin Teva 1 mg/ml Konzentrat zur Herstellung einer Infusionslösung"", ""Cisplatin Teva® 1 mg/ml Konzentrat zur Herstellung einer Infusionslösung""]",substance-fa21cdeeef59638b786efae2,Cisplatin,"[""Cisplatin""]",Cisplatin,ru-7d9d2f6e38314f4c9c9f29c5,src-032-010oll-exokrines-pankreaskarzinom-2025-06-44df7e615f31,"[""rec-8c5597fe27c8a582cef024dd""]",[],,smpc_product_substance_to_guideline_mention,exact,1.0,"[{""evidence_id"": ""ru-0285cccc558181ceb54128c7"", ""pdf_pages_1based"": [5], ""printed_page_label"": ""5"", ""source_document_id"": ""src-cisplatin-teva-r-1-mg-ml-konzentrat-661ce7c738c4"", ""source_file_name"": ""cisplatin-teva-r-1-mg-ml-konzentrat.pdf"", ""source_native_item_number"": null, ""source_role"": ""smPC"", ""source_status"": ""current_at_snapshot"", ""source_version_id"": ""sv-661ce7c738c450ccbbab5e54""}, {""evidence_id"": ""ru-03441e54c60d9a84ff33cc70"", ""pdf_pages_1based"": [7], ""printed_page_label"": ""7"", ""source_document_id"": ""src-cisplatin-teva-r-1-mg-ml-konzentrat-661ce7c738c4"", ""source_file_name"": ""cisplatin-teva-r-1-mg-ml-konzentrat.pdf"", ""source_native_item_number"": null, ""source_role"": ""smPC"", ""source_status"": ""current_at_snapshot"", ""source_version_id"": ""sv-661ce7c738c450ccbbab5e54""}, {""evidence_id"": ""ru-04a52b6fd891a68dd03a6c03"", ""pdf_pages_1based"": [10], ""printed_page_label"": ""10"", ""source_document_id"": ""src-cisplatin-teva-r-1-mg-ml-konzentrat-661ce7c738c4"", ""source_file_name"": ""cisplatin-teva-r-1-mg-ml-konzentrat.pdf"", ""source_native_item_number"": null, ""source_role"": ""smPC"", ""source_status"": ""current_at_snapshot"", ""source_version_id"": ""sv-661ce7c738c450ccbbab5e54""}]","{""evidence_id"": ""ru-7d9d2f6e38314f4c9c9f29c5"", ""pdf_pages_1based"": [172], ""printed_page_label"": ""172"", ""source_document_id"": ""src-032-010oll-exokrines-pankreaskarzinom-2025-06-44df7e615f31"", ""source_file_name"": ""032-010OLl_Exokrines-Pankreaskarzinom_2025-06.pdf"", ""source_native_item_number"": null, ""source_role"": ""guideline"", ""source_status"": ""final"", ""source_version_id"": ""sv-44df7e615f31f73867061691""}","[""ru-0285cccc558181ceb54128c7"", ""ru-03441e54c60d9a84ff33cc70"", ""ru-04a52b6fd891a68dd03a6c03"", ""ru-7d9d2f6e38314f4c9c9f29c5""]",True,True,active_validated,[]
smpc-guideline-bridge-1.0.0,bridge-d3687e9ece0f6c4f4b49e412,cs-f61b3d4e90089c1b890c23cb,smPC_to_guideline,src-cisplatin-teva-r-1-mg-ml-konzentrat-661ce7c738c4,sv-661ce7c738c450ccbbab5e54,cisplatin-teva-r-1-mg-ml-konzentrat.pdf,Fachinformation: Cisplatin Teva<sup>®</sup> 1 mg/ml Konzentrat <br>zur Herstellung einer Infusionslösung,Cisplatin Teva,"[""product-32421504e2b6a3aa86bedd03"", ""product-afc4c2e7ff3739b2ef52666e"", ""product-f88b748218d158adbeb8f64b""]","[""Cisplatin Teva"", ""Cisplatin Teva 1 mg/ml Konzentrat zur Herstellung einer Infusionslösung"", ""Cisplatin Teva® 1 mg/ml Konzentrat zur Herstellung einer Infusionslösung""]",substance-fa21cdeeef59638b786efae2,Cisplatin,"[""Cisplatin""]",Cisplatin,ru-824953fb228ca43a8f9c59af,src-032-010oll-exokrines-pankreaskarzinom-2025-06-44df7e615f31,"[""rec-055bb8d954d56db12097e73b""]",[],,smpc_product_substance_to_guideline_mention,exact,1.0,"[{""evidence_id"": ""ru-0285cccc558181ceb54128c7"", ""pdf_pages_1based"": [5], ""printed_page_label"": ""5"", ""source_document_id"": ""src-cisplatin-teva-r-1-mg-ml-konzentrat-661ce7c738c4"", ""source_file_name"": ""cisplatin-teva-r-1-mg-ml-konzentrat.pdf"", ""source_native_item_number"": null, ""source_role"": ""smPC"", ""source_status"": ""current_at_snapshot"", ""source_version_id"": ""sv-661ce7c738c450ccbbab5e54""}, {""evidence_id"": ""ru-03441e54c60d9a84ff33cc70"", ""pdf_pages_1based"": [7], ""printed_page_label"": ""7"", ""source_document_id"": ""src-cisplatin-teva-r-1-mg-ml-konzentrat-661ce7c738c4"", ""source_file_name"": ""cisplatin-teva-r-1-mg-ml-konzentrat.pdf"", ""source_native_item_number"": null, ""source_role"": ""smPC"", ""source_status"": ""current_at_snapshot"", ""source_version_id"": ""sv-661ce7c738c450ccbbab5e54""}, {""evidence_id"": ""ru-04a52b6fd891a68dd03a6c03"", ""pdf_pages_1based"": [10], ""printed_page_label"": ""10"", ""source_document_id"": ""src-cisplatin-teva-r-1-mg-ml-konzentrat-661ce7c738c4"", ""source_file_name"": ""cisplatin-teva-r-1-mg-ml-konzentrat.pdf"", ""source_native_item_number"": null, ""source_role"": ""smPC"", ""source_status"": ""current_at_snapshot"", ""source_version_id"": ""sv-661ce7c738c450ccbbab5e54""}]","{""evidence_id"": ""ru-824953fb228ca43a8f9c59af"", ""pdf_pages_1based"": [167], ""printed_page_label"": null, ""source_document_id"": ""src-032-010oll-exokrines-pankreaskarzinom-2025-06-44df7e615f31"", ""source_file_name"": ""032-010OLl_Exokrines-Pankreaskarzinom_2025-06.pdf"", ""source_native_item_number"": null, ""source_role"": ""guideline"", ""source_status"": ""final"", ""source_version_id"": ""sv-44df7e615f31f73867061691""}","[""ru-0285cccc558181ceb54128c7"", ""ru-03441e54c60d9a84ff33cc70"", ""ru-04a52b6fd891a68dd03a6c03"", ""ru-824953fb228ca43a8f9c59af""]",True,True,active_validated,[]
smpc-guideline-bridge-1.0.0,bridge-a04f6098f8ad83cfaadc591d,cs-f61b3d4e90089c1b890c23cb,smPC_to_guideline,src-cisplatin-teva-r-1-mg-ml-konzentrat-661ce7c738c4,sv-661ce7c738c450ccbbab5e54,cisplatin-teva-r-1-mg-ml-konzentrat.pdf,Fachinformation: Cisplatin Teva<sup>®</sup> 1 mg/ml Konzentrat <br>zur Herstellung einer Infusionslösung,Cisplatin Teva,"[""product-32421504e2b6a3aa86bedd03"", ""product-afc4c2e7ff3739b2ef52666e"", ""product-f88b748218d158adbeb8f64b""]","[""Cisplatin Teva"", ""Cisplatin Teva 1 mg/ml Konzentrat zur Herstellung einer Infusionslösung"", ""Cisplatin Teva® 1 mg/ml Konzentrat zur Herstellung einer Infusionslösung""]",substance-fa21cdeeef59638b786efae2,Cisplatin,"[""Cisplatin""]",Cisplatin,ru-9186af94ec2712a1c3d05aaa,src-s3-ll-hcc-und-bcc-konsultationsfassung-langversion-6-01-1-c1996068a815,"[""rec-79d38f34f4f22df83c0471e5""]",[],,smpc_product_substance_to_guideline_mention,exact,1.0,"[{""evidence_id"": ""ru-0285cccc558181ceb54128c7"", ""pdf_pages_1based"": [5], ""printed_page_label"": ""5"", ""source_document_id"": ""src-cisplatin-teva-r-1-mg-ml-konzentrat-661ce7c738c4"", ""source_file_name"": ""cisplatin-teva-r-1-mg-ml-konzentrat.pdf"", ""source_native_item_number"": null, ""source_role"": ""smPC"", ""source_status"": ""current_at_snapshot"", ""source_version_id"": ""sv-661ce7c738c450ccbbab5e54""}, {""evidence_id"": ""ru-03441e54c60d9a84ff33cc70"", ""pdf_pages_1based"": [7], ""printed_page_label"": ""7"", ""source_document_id"": ""src-cisplatin-teva-r-1-mg-ml-konzentrat-661ce7c738c4"", ""source_file_name"": ""cisplatin-teva-r-1-mg-ml-konzentrat.pdf"", ""source_native_item_number"": null, ""source_role"": ""smPC"", ""source_status"": ""current_at_snapshot"", ""source_version_id"": ""sv-661ce7c738c450ccbbab5e54""}, {""evidence_id"": ""ru-04a52b6fd891a68dd03a6c03"", ""pdf_pages_1based"": [10], ""printed_page_label"": ""10"", ""source_document_id"": ""src-cisplatin-teva-r-1-mg-ml-konzentrat-661ce7c738c4"", ""source_file_name"": ""cisplatin-teva-r-1-mg-ml-konzentrat.pdf"", ""source_native_item_number"": null, ""source_role"": ""smPC"", ""source_status"": ""current_at_snapshot"", ""source_version_id"": ""sv-661ce7c738c450ccbbab5e54""}]","{""evidence_id"": ""ru-9186af94ec2712a1c3d05aaa"", ""pdf_pages_1based"": [155], ""printed_page_label"": ""155"", ""source_document_id"": ""src-s3-ll-hcc-und-bcc-konsultationsfassung-langversion-6-01-1-c1996068a815"", ""source_file_name"": ""S3_LL_HCC_und_BCC_Konsultationsfassung_Langversion_6.01 (1).pdf"", ""source_native_item_number"": null, ""source_role"": ""guideline"", ""source_status"": ""consultation_draft"", ""source_version_id"": ""sv-c1996068a81551f2fd14a9f4""}","[""ru-0285cccc558181ceb54128c7"", ""ru-03441e54c60d9a84ff33cc70"", ""ru-04a52b6fd891a68dd03a6c03"", ""ru-9186af94ec2712a1c3d05aaa""]",True,True,active_source_status_review,"[""guideline_source_not_final""]"
smpc-guideline-bridge-1.0.0,bridge-5005ce88c9eed9ab0f538080,cs-f61b3d4e90089c1b890c23cb,smPC_to_guideline,src-cisplatin-teva-r-1-mg-ml-konzentrat-661ce7c738c4,sv-661ce7c738c450ccbbab5e54,cisplatin-teva-r-1-mg-ml-konzentrat.pdf,Fachinformation: Cisplatin Teva<sup>®</sup> 1 mg/ml Konzentrat <br>zur Herstellung einer Infusionslösung,Cisplatin Teva,"[""product-32421504e2b6a3aa86bedd03"", ""product-afc4c2e7ff3739b2ef52666e"", ""product-f88b748218d158adbeb8f64b""]","[""Cisplatin Teva"", ""Cisplatin Teva 1 mg/ml Konzentrat zur Herstellung einer Infusionslösung"", ""Cisplatin Teva® 1 mg/ml Konzentrat zur Herstellung einer Infusionslösung""]",substance-fa21cdeeef59638b786efae2,Cisplatin,"[""Cisplatin""]",Cisplatin,ru-946f922146854ccfaabcbf0f,src-032-010oll-exokrines-pankreaskarzinom-2025-06-44df7e615f31,"[""rec-86a033c03ac2bb312f58586e""]",[],,smpc_product_substance_to_guideline_mention,exact,1.0,"[{""evidence_id"": ""ru-0285cccc558181ceb54128c7"", ""pdf_pages_1based"": [5], ""printed_page_label"": ""5"", ""source_document_id"": ""src-cisplatin-teva-r-1-mg-ml-konzentrat-661ce7c738c4"", ""source_file_name"": ""cisplatin-teva-r-1-mg-ml-konzentrat.pdf"", ""source_native_item_number"": null, ""source_role"": ""smPC"", ""source_status"": ""current_at_snapshot"", ""source_version_id"": ""sv-661ce7c738c450ccbbab5e54""}, {""evidence_id"": ""ru-03441e54c60d9a84ff33cc70"", ""pdf_pages_1based"": [7], ""printed_page_label"": ""7"", ""source_document_id"": ""src-cisplatin-teva-r-1-mg-ml-konzentrat-661ce7c738c4"", ""source_file_name"": ""cisplatin-teva-r-1-mg-ml-konzentrat.pdf"", ""source_native_item_number"": null, ""source_role"": ""smPC"", ""source_status"": ""current_at_snapshot"", ""source_version_id"": ""sv-661ce7c738c450ccbbab5e54""}, {""evidence_id"": ""ru-04a52b6fd891a68dd03a6c03"", ""pdf_pages_1based"": [10], ""printed_page_label"": ""10"", ""source_document_id"": ""src-cisplatin-teva-r-1-mg-ml-konzentrat-661ce7c738c4"", ""source_file_name"": ""cisplatin-teva-r-1-mg-ml-konzentrat.pdf"", ""source_native_item_number"": null, ""source_role"": ""smPC"", ""source_status"": ""current_at_snapshot"", ""source_version_id"": ""sv-661ce7c738c450ccbbab5e54""}]","{""evidence_id"": ""ru-946f922146854ccfaabcbf0f"", ""pdf_pages_1based"": [163, 164], ""printed_page_label"": null, ""source_document_id"": ""src-032-010oll-exokrines-pankreaskarzinom-2025-06-44df7e615f31"", ""source_file_name"": ""032-010OLl_Exokrines-Pankreaskarzinom_2025-06.pdf"", ""source_native_item_number"": null, ""source_role"": ""guideline"", ""source_status"": ""final"", ""source_version_id"": ""sv-44df7e615f31f73867061691""}","[""ru-0285cccc558181ceb54128c7"", ""ru-03441e54c60d9a84ff33cc70"", ""ru-04a52b6fd891a68dd03a6c03"", ""ru-946f922146854ccfaabcbf0f""]",True,True,active_validated,[]
smpc-guideline-bridge-1.0.0,bridge-bbdd176bc9656429146457d5,cs-f61b3d4e90089c1b890c23cb,smPC_to_guideline,src-cisplatin-teva-r-1-mg-ml-konzentrat-661ce7c738c4,sv-661ce7c738c450ccbbab5e54,cisplatin-teva-r-1-mg-ml-konzentrat.pdf,Fachinformation: Cisplatin Teva<sup>®</sup> 1 mg/ml Konzentrat <br>zur Herstellung einer Infusionslösung,Cisplatin Teva,"[""product-32421504e2b6a3aa86bedd03"", ""product-afc4c2e7ff3739b2ef52666e"", ""product-f88b748218d158adbeb8f64b""]","[""Cisplatin Teva"", ""Cisplatin Teva 1 mg/ml Konzentrat zur Herstellung einer Infusionslösung"", ""Cisplatin Teva® 1 mg/ml Konzentrat zur Herstellung einer Infusionslösung""]",substance-fa21cdeeef59638b786efae2,Cisplatin,"[""Cisplatin""]",Cisplatin,ru-9ec48170518cdcde347831e3,src-s3-ll-hcc-und-bcc-konsultationsfassung-langversion-6-01-1-c1996068a815,"[""rec-5b2fa9cc845b728cb70adf22""]",[],,smpc_product_substance_to_guideline_mention,exact,1.0,"[{""evidence_id"": ""ru-0285cccc558181ceb54128c7"", ""pdf_pages_1based"": [5], ""printed_page_label"": ""5"", ""source_document_id"": ""src-cisplatin-teva-r-1-mg-ml-konzentrat-661ce7c738c4"", ""source_file_name"": ""cisplatin-teva-r-1-mg-ml-konzentrat.pdf"", ""source_native_item_number"": null, ""source_role"": ""smPC"", ""source_status"": ""current_at_snapshot"", ""source_version_id"": ""sv-661ce7c738c450ccbbab5e54""}, {""evidence_id"": ""ru-03441e54c60d9a84ff33cc70"", ""pdf_pages_1based"": [7], ""printed_page_label"": ""7"", ""source_document_id"": ""src-cisplatin-teva-r-1-mg-ml-konzentrat-661ce7c738c4"", ""source_file_name"": ""cisplatin-teva-r-1-mg-ml-konzentrat.pdf"", ""source_native_item_number"": null, ""source_role"": ""smPC"", ""source_status"": ""current_at_snapshot"", ""source_version_id"": ""sv-661ce7c738c450ccbbab5e54""}, {""evidence_id"": ""ru-04a52b6fd891a68dd03a6c03"", ""pdf_pages_1based"": [10], ""printed_page_label"": ""10"", ""source_document_id"": ""src-cisplatin-teva-r-1-mg-ml-konzentrat-661ce7c738c4"", ""source_file_name"": ""cisplatin-teva-r-1-mg-ml-konzentrat.pdf"", ""source_native_item_number"": null, ""source_role"": ""smPC"", ""source_status"": ""current_at_snapshot"", ""source_version_id"": ""sv-661ce7c738c450ccbbab5e54""}]","{""evidence_id"": ""ru-9ec48170518cdcde347831e3"", ""pdf_pages_1based"": [164], ""printed_page_label"": ""164"", ""source_document_id"": ""src-s3-ll-hcc-und-bcc-konsultationsfassung-langversion-6-01-1-c1996068a815"", ""source_file_name"": ""S3_LL_HCC_und_BCC_Konsultationsfassung_Langversion_6.01 (1).pdf"", ""source_native_item_number"": null, ""source_role"": ""guideline"", ""source_status"": ""consultation_draft"", ""source_version_id"": ""sv-c1996068a81551f2fd14a9f4""}","[""ru-0285cccc558181ceb54128c7"", ""ru-03441e54c60d9a84ff33cc70"", ""ru-04a52b6fd891a68dd03a6c03"", ""ru-9ec48170518cdcde347831e3""]",True,True,active_source_status_review,"[""guideline_source_not_final""]"
smpc-guideline-bridge-1.0.0,bridge-29bfb5b2bc5c850160b484e1,cs-f61b3d4e90089c1b890c23cb,smPC_to_guideline,src-cisplatin-teva-r-1-mg-ml-konzentrat-661ce7c738c4,sv-661ce7c738c450ccbbab5e54,cisplatin-teva-r-1-mg-ml-konzentrat.pdf,Fachinformation: Cisplatin Teva<sup>®</sup> 1 mg/ml Konzentrat <br>zur Herstellung einer Infusionslösung,Cisplatin Teva,"[""product-32421504e2b6a3aa86bedd03"", ""product-afc4c2e7ff3739b2ef52666e"", ""product-f88b748218d158adbeb8f64b""]","[""Cisplatin Teva"", ""Cisplatin Teva 1 mg/ml Konzentrat zur Herstellung einer Infusionslösung"", ""Cisplatin Teva® 1 mg/ml Konzentrat zur Herstellung einer Infusionslösung""]",substance-fa21cdeeef59638b786efae2,Cisplatin,"[""Cisplatin""]",Cisplatin,ru-cb45a38c9e670a179efddf22,src-s3-ll-hcc-und-bcc-konsultationsfassung-langversion-6-01-1-c1996068a815,"[""rec-6b4449ee7663aff56548939b""]",[],,smpc_product_substance_to_guideline_mention,exact,1.0,"[{""evidence_id"": ""ru-0285cccc558181ceb54128c7"", ""pdf_pages_1based"": [5], ""printed_page_label"": ""5"", ""source_document_id"": ""src-cisplatin-teva-r-1-mg-ml-konzentrat-661ce7c738c4"", ""source_file_name"": ""cisplatin-teva-r-1-mg-ml-konzentrat.pdf"", ""source_native_item_number"": null, ""source_role"": ""smPC"", ""source_status"": ""current_at_snapshot"", ""source_version_id"": ""sv-661ce7c738c450ccbbab5e54""}, {""evidence_id"": ""ru-03441e54c60d9a84ff33cc70"", ""pdf_pages_1based"": [7], ""printed_page_label"": ""7"", ""source_document_id"": ""src-cisplatin-teva-r-1-mg-ml-konzentrat-661ce7c738c4"", ""source_file_name"": ""cisplatin-teva-r-1-mg-ml-konzentrat.pdf"", ""source_native_item_number"": null, ""source_role"": ""smPC"", ""source_status"": ""current_at_snapshot"", ""source_version_id"": ""sv-661ce7c738c450ccbbab5e54""}, {""evidence_id"": ""ru-04a52b6fd891a68dd03a6c03"", ""pdf_pages_1based"": [10], ""printed_page_label"": ""10"", ""source_document_id"": ""src-cisplatin-teva-r-1-mg-ml-konzentrat-661ce7c738c4"", ""source_file_name"": ""cisplatin-teva-r-1-mg-ml-konzentrat.pdf"", ""source_native_item_number"": null, ""source_role"": ""smPC"", ""source_status"": ""current_at_snapshot"", ""source_version_id"": ""sv-661ce7c738c450ccbbab5e54""}]","{""evidence_id"": ""ru-cb45a38c9e670a179efddf22"", ""pdf_pages_1based"": [166], ""printed_page_label"": ""166"", ""source_document_id"": ""src-s3-ll-hcc-und-bcc-konsultationsfassung-langversion-6-01-1-c1996068a815"", ""source_file_name"": ""S3_LL_HCC_und_BCC_Konsultationsfassung_Langversion_6.01 (1).pdf"", ""source_native_item_number"": null, ""source_role"": ""guideline"", ""source_status"": ""consultation_draft"", ""source_version_id"": ""sv-c1996068a81551f2fd14a9f4""}","[""ru-0285cccc558181ceb54128c7"", ""ru-03441e54c60d9a84ff33cc70"", ""ru-04a52b6fd891a68dd03a6c03"", ""ru-cb45a38c9e670a179efddf22""]",True,True,active_source_status_review,"[""guideline_source_not_final""]"
smpc-guideline-bridge-1.0.0,bridge-36ff2ff74fe7935be8b2a9c9,cs-f61b3d4e90089c1b890c23cb,smPC_to_guideline,src-cisplatin-teva-r-1-mg-ml-konzentrat-661ce7c738c4,sv-661ce7c738c450ccbbab5e54,cisplatin-teva-r-1-mg-ml-konzentrat.pdf,Fachinformation: Cisplatin Teva<sup>®</sup> 1 mg/ml Konzentrat <br>zur Herstellung einer Infusionslösung,Cisplatin Teva,"[""product-32421504e2b6a3aa86bedd03"", ""product-afc4c2e7ff3739b2ef52666e"", ""product-f88b748218d158adbeb8f64b""]","[""Cisplatin Teva"", ""Cisplatin Teva 1 mg/ml Konzentrat zur Herstellung einer Infusionslösung"", ""Cisplatin Teva® 1 mg/ml Konzentrat zur Herstellung einer Infusionslösung""]",substance-fa21cdeeef59638b786efae2,Cisplatin,"[""Cisplatin""]",Cisplatin,ru-d966b4bcb07faaf8182f0cb9,src-s3-ll-hcc-und-bcc-konsultationsfassung-langversion-6-01-1-c1996068a815,"[""rec-b32d27b9b81170f275dee2d3""]",[],,smpc_product_substance_to_guideline_mention,exact,1.0,"[{""evidence_id"": ""ru-0285cccc558181ceb54128c7"", ""pdf_pages_1based"": [5], ""printed_page_label"": ""5"", ""source_document_id"": ""src-cisplatin-teva-r-1-mg-ml-konzentrat-661ce7c738c4"", ""source_file_name"": ""cisplatin-teva-r-1-mg-ml-konzentrat.pdf"", ""source_native_item_number"": null, ""source_role"": ""smPC"", ""source_status"": ""current_at_snapshot"", ""source_version_id"": ""sv-661ce7c738c450ccbbab5e54""}, {""evidence_id"": ""ru-03441e54c60d9a84ff33cc70"", ""pdf_pages_1based"": [7], ""printed_page_label"": ""7"", ""source_document_id"": ""src-cisplatin-teva-r-1-mg-ml-konzentrat-661ce7c738c4"", ""source_file_name"": ""cisplatin-teva-r-1-mg-ml-konzentrat.pdf"", ""source_native_item_number"": null, ""source_role"": ""smPC"", ""source_status"": ""current_at_snapshot"", ""source_version_id"": ""sv-661ce7c738c450ccbbab5e54""}, {""evidence_id"": ""ru-04a52b6fd891a68dd03a6c03"", ""pdf_pages_1based"": [10], ""printed_page_label"": ""10"", ""source_document_id"": ""src-cisplatin-teva-r-1-mg-ml-konzentrat-661ce7c738c4"", ""source_file_name"": ""cisplatin-teva-r-1-mg-ml-konzentrat.pdf"", ""source_native_item_number"": null, ""source_role"": ""smPC"", ""source_status"": ""current_at_snapshot"", ""source_version_id"": ""sv-661ce7c738c450ccbbab5e54""}]","{""evidence_id"": ""ru-d966b4bcb07faaf8182f0cb9"", ""pdf_pages_1based"": [123], ""printed_page_label"": ""123"", ""source_document_id"": ""src-s3-ll-hcc-und-bcc-konsultationsfassung-langversion-6-01-1-c1996068a815"", ""source_file_name"": ""S3_LL_HCC_und_BCC_Konsultationsfassung_Langversion_6.01 (1).pdf"", ""source_native_item_number"": null, ""source_role"": ""guideline"", ""source_status"": ""consultation_draft"", ""source_version_id"": ""sv-c1996068a81551f2fd14a9f4""}","[""ru-0285cccc558181ceb54128c7"", ""ru-03441e54c60d9a84ff33cc70"", ""ru-04a52b6fd891a68dd03a6c03"", ""ru-d966b4bcb07faaf8182f0cb9""]",True,True,active_source_status_review,"[""guideline_source_not_final""]"
smpc-guideline-bridge-1.0.0,bridge-2f10d56cd9ee7bc38e29ded6,cs-f61b3d4e90089c1b890c23cb,smPC_to_guideline,src-cisplatin-teva-r-1-mg-ml-konzentrat-661ce7c738c4,sv-661ce7c738c450ccbbab5e54,cisplatin-teva-r-1-mg-ml-konzentrat.pdf,Fachinformation: Cisplatin Teva<sup>®</sup> 1 mg/ml Konzentrat <br>zur Herstellung einer Infusionslösung,Cisplatin Teva,"[""product-32421504e2b6a3aa86bedd03"", ""product-afc4c2e7ff3739b2ef52666e"", ""product-f88b748218d158adbeb8f64b""]","[""Cisplatin Teva"", ""Cisplatin Teva 1 mg/ml Konzentrat zur Herstellung einer Infusionslösung"", ""Cisplatin Teva® 1 mg/ml Konzentrat zur Herstellung einer Infusionslösung""]",substance-fa21cdeeef59638b786efae2,Cisplatin,"[""Cisplatin""]",Cisplatin,ru-dc6319116f9926ee344c6ce5,src-s3-ll-hcc-und-bcc-konsultationsfassung-langversion-6-01-1-c1996068a815,"[""rec-ba48036cfd78c93c1b4e9afb""]",[],,smpc_product_substance_to_guideline_mention,exact,1.0,"[{""evidence_id"": ""ru-0285cccc558181ceb54128c7"", ""pdf_pages_1based"": [5], ""printed_page_label"": ""5"", ""source_document_id"": ""src-cisplatin-teva-r-1-mg-ml-konzentrat-661ce7c738c4"", ""source_file_name"": ""cisplatin-teva-r-1-mg-ml-konzentrat.pdf"", ""source_native_item_number"": null, ""source_role"": ""smPC"", ""source_status"": ""current_at_snapshot"", ""source_version_id"": ""sv-661ce7c738c450ccbbab5e54""}, {""evidence_id"": ""ru-03441e54c60d9a84ff33cc70"", ""pdf_pages_1based"": [7], ""printed_page_label"": ""7"", ""source_document_id"": ""src-cisplatin-teva-r-1-mg-ml-konzentrat-661ce7c738c4"", ""source_file_name"": ""cisplatin-teva-r-1-mg-ml-konzentrat.pdf"", ""source_native_item_number"": null, ""source_role"": ""smPC"", ""source_status"": ""current_at_snapshot"", ""source_version_id"": ""sv-661ce7c738c450ccbbab5e54""}, {""evidence_id"": ""ru-04a52b6fd891a68dd03a6c03"", ""pdf_pages_1based"": [10], ""printed_page_label"": ""10"", ""source_document_id"": ""src-cisplatin-teva-r-1-mg-ml-konzentrat-661ce7c738c4"", ""source_file_name"": ""cisplatin-teva-r-1-mg-ml-konzentrat.pdf"", ""source_native_item_number"": null, ""source_role"": ""smPC"", ""source_status"": ""current_at_snapshot"", ""source_version_id"": ""sv-661ce7c738c450ccbbab5e54""}]","{""evidence_id"": ""ru-dc6319116f9926ee344c6ce5"", ""pdf_pages_1based"": [163], ""printed_page_label"": ""163"", ""source_document_id"": ""src-s3-ll-hcc-und-bcc-konsultationsfassung-langversion-6-01-1-c1996068a815"", ""source_file_name"": ""S3_LL_HCC_und_BCC_Konsultationsfassung_Langversion_6.01 (1).pdf"", ""source_native_item_number"": null, ""source_role"": ""guideline"", ""source_status"": ""consultation_draft"", ""source_version_id"": ""sv-c1996068a81551f2fd14a9f4""}","[""ru-0285cccc558181ceb54128c7"", ""ru-03441e54c60d9a84ff33cc70"", ""ru-04a52b6fd891a68dd03a6c03"", ""ru-dc6319116f9926ee344c6ce5""]",True,True,active_source_status_review,"[""guideline_source_not_final""]"
smpc-guideline-bridge-1.0.0,bridge-d3a3c228a24b82e4903c1920,cs-f61b3d4e90089c1b890c23cb,smPC_to_guideline,src-cisplatin-teva-r-1-mg-ml-konzentrat-661ce7c738c4,sv-661ce7c738c450ccbbab5e54,cisplatin-teva-r-1-mg-ml-konzentrat.pdf,Fachinformation: Cisplatin Teva<sup>®</sup> 1 mg/ml Konzentrat <br>zur Herstellung einer Infusionslösung,Cisplatin Teva,"[""product-32421504e2b6a3aa86bedd03"", ""product-afc4c2e7ff3739b2ef52666e"", ""product-f88b748218d158adbeb8f64b""]","[""Cisplatin Teva"", ""Cisplatin Teva 1 mg/ml Konzentrat zur Herstellung einer Infusionslösung"", ""Cisplatin Teva® 1 mg/ml Konzentrat zur Herstellung einer Infusionslösung""]",substance-fa21cdeeef59638b786efae2,Cisplatin,"[""Cisplatin""]",Cisplatin,ru-dda741dac2a5eb5973ba3524,src-s3-ll-hcc-und-bcc-konsultationsfassung-langversion-6-01-1-c1996068a815,"[""rec-1f1d3da969441f3eac13fad4""]","[""formal-170025a9b4e17d44f21e844d""]",4.42,smpc_product_substance_to_guideline_mention,exact,1.0,"[{""evidence_id"": ""ru-0285cccc558181ceb54128c7"", ""pdf_pages_1based"": [5], ""printed_page_label"": ""5"", ""source_document_id"": ""src-cisplatin-teva-r-1-mg-ml-konzentrat-661ce7c738c4"", ""source_file_name"": ""cisplatin-teva-r-1-mg-ml-konzentrat.pdf"", ""source_native_item_number"": null, ""source_role"": ""smPC"", ""source_status"": ""current_at_snapshot"", ""source_version_id"": ""sv-661ce7c738c450ccbbab5e54""}, {""evidence_id"": ""ru-03441e54c60d9a84ff33cc70"", ""pdf_pages_1based"": [7], ""printed_page_label"": ""7"", ""source_document_id"": ""src-cisplatin-teva-r-1-mg-ml-konzentrat-661ce7c738c4"", ""source_file_name"": ""cisplatin-teva-r-1-mg-ml-konzentrat.pdf"", ""source_native_item_number"": null, ""source_role"": ""smPC"", ""source_status"": ""current_at_snapshot"", ""source_version_id"": ""sv-661ce7c738c450ccbbab5e54""}, {""evidence_id"": ""ru-04a52b6fd891a68dd03a6c03"", ""pdf_pages_1based"": [10], ""printed_page_label"": ""10"", ""source_document_id"": ""src-cisplatin-teva-r-1-mg-ml-konzentrat-661ce7c738c4"", ""source_file_name"": ""cisplatin-teva-r-1-mg-ml-konzentrat.pdf"", ""source_native_item_number"": null, ""source_role"": ""smPC"", ""source_status"": ""current_at_snapshot"", ""source_version_id"": ""sv-661ce7c738c450ccbbab5e54""}]","{""evidence_id"": ""ru-dda741dac2a5eb5973ba3524"", ""pdf_pages_1based"": [165], ""printed_page_label"": ""165"", ""source_document_id"": ""src-s3-ll-hcc-und-bcc-konsultationsfassung-langversion-6-01-1-c1996068a815"", ""source_file_name"": ""S3_LL_HCC_und_BCC_Konsultationsfassung_Langversion_6.01 (1).pdf"", ""source_native_item_number"": ""4.42"", ""source_role"": ""guideline"", ""source_status"": ""consultation_draft"", ""source_version_id"": ""sv-c1996068a81551f2fd14a9f4""}","[""ru-0285cccc558181ceb54128c7"", ""ru-03441e54c60d9a84ff33cc70"", ""ru-04a52b6fd891a68dd03a6c03"", ""ru-dda741dac2a5eb5973ba3524""]",True,True,active_source_status_review,"[""guideline_source_not_final""]"
smpc-guideline-bridge-1.0.0,bridge-e7eec284df9a90f9fbb98ca8,cs-f61b3d4e90089c1b890c23cb,smPC_to_guideline,src-cisplatin-teva-r-1-mg-ml-konzentrat-661ce7c738c4,sv-661ce7c738c450ccbbab5e54,cisplatin-teva-r-1-mg-ml-konzentrat.pdf,Fachinformation: Cisplatin Teva<sup>®</sup> 1 mg/ml Konzentrat <br>zur Herstellung einer Infusionslösung,Cisplatin Teva,"[""product-32421504e2b6a3aa86bedd03"", ""product-afc4c2e7ff3739b2ef52666e"", ""product-f88b748218d158adbeb8f64b""]","[""Cisplatin Teva"", ""Cisplatin Teva 1 mg/ml Konzentrat zur Herstellung einer Infusionslösung"", ""Cisplatin Teva® 1 mg/ml Konzentrat zur Herstellung einer Infusionslösung""]",substance-fa21cdeeef59638b786efae2,Cisplatin,"[""Cisplatin""]",Cisplatin,ru-e8525a8cf54182c9afbfbdb1,src-s3-ll-hcc-und-bcc-konsultationsfassung-langversion-6-01-1-c1996068a815,"[""rec-c4e9d42e94f70a9145800e5b""]",[],,smpc_product_substance_to_guideline_mention,exact,1.0,"[{""evidence_id"": ""ru-0285cccc558181ceb54128c7"", ""pdf_pages_1based"": [5], ""printed_page_label"": ""5"", ""source_document_id"": ""src-cisplatin-teva-r-1-mg-ml-konzentrat-661ce7c738c4"", ""source_file_name"": ""cisplatin-teva-r-1-mg-ml-konzentrat.pdf"", ""source_native_item_number"": null, ""source_role"": ""smPC"", ""source_status"": ""current_at_snapshot"", ""source_version_id"": ""sv-661ce7c738c450ccbbab5e54""}, {""evidence_id"": ""ru-03441e54c60d9a84ff33cc70"", ""pdf_pages_1based"": [7], ""printed_page_label"": ""7"", ""source_document_id"": ""src-cisplatin-teva-r-1-mg-ml-konzentrat-661ce7c738c4"", ""source_file_name"": ""cisplatin-teva-r-1-mg-ml-konzentrat.pdf"", ""source_native_item_number"": null, ""source_role"": ""smPC"", ""source_status"": ""current_at_snapshot"", ""source_version_id"": ""sv-661ce7c738c450ccbbab5e54""}, {""evidence_id"": ""ru-04a52b6fd891a68dd03a6c03"", ""pdf_pages_1based"": [10], ""printed_page_label"": ""10"", ""source_document_id"": ""src-cisplatin-teva-r-1-mg-ml-konzentrat-661ce7c738c4"", ""source_file_name"": ""cisplatin-teva-r-1-mg-ml-konzentrat.pdf"", ""source_native_item_number"": null, ""source_role"": ""smPC"", ""source_status"": ""current_at_snapshot"", ""source_version_id"": ""sv-661ce7c738c450ccbbab5e54""}]","{""evidence_id"": ""ru-e8525a8cf54182c9afbfbdb1"", ""pdf_pages_1based"": [117, 118], ""printed_page_label"": ""117"", ""source_document_id"": ""src-s3-ll-hcc-und-bcc-konsultationsfassung-langversion-6-01-1-c1996068a815"", ""source_file_name"": ""S3_LL_HCC_und_BCC_Konsultationsfassung_Langversion_6.01 (1).pdf"", ""source_native_item_number"": null, ""source_role"": ""guideline"", ""source_status"": ""consultation_draft"", ""source_version_id"": ""sv-c1996068a81551f2fd14a9f4""}","[""ru-0285cccc558181ceb54128c7"", ""ru-03441e54c60d9a84ff33cc70"", ""ru-04a52b6fd891a68dd03a6c03"", ""ru-e8525a8cf54182c9afbfbdb1""]",True,True,active_source_status_review,"[""guideline_source_not_final""]"
smpc-guideline-bridge-1.0.0,bridge-54c239314647338ccb7275b6,cs-f61b3d4e90089c1b890c23cb,smPC_to_guideline,src-cisplatin-teva-r-1-mg-ml-konzentrat-661ce7c738c4,sv-661ce7c738c450ccbbab5e54,cisplatin-teva-r-1-mg-ml-konzentrat.pdf,Fachinformation: Cisplatin Teva<sup>®</sup> 1 mg/ml Konzentrat <br>zur Herstellung einer Infusionslösung,Cisplatin Teva,"[""product-32421504e2b6a3aa86bedd03"", ""product-afc4c2e7ff3739b2ef52666e"", ""product-f88b748218d158adbeb8f64b""]","[""Cisplatin Teva"", ""Cisplatin Teva 1 mg/ml Konzentrat zur Herstellung einer Infusionslösung"", ""Cisplatin Teva® 1 mg/ml Konzentrat zur Herstellung einer Infusionslösung""]",substance-fa21cdeeef59638b786efae2,Cisplatin,"[""Cisplatin""]",Cisplatin,ru-f6e6c9fe2eb7ff239e511ff7,src-s3-ll-hcc-und-bcc-konsultationsfassung-langversion-6-01-1-c1996068a815,"[""rec-3d97e80fcf69f8a22e54044e""]",[],,smpc_product_substance_to_guideline_mention,exact,1.0,"[{""evidence_id"": ""ru-0285cccc558181ceb54128c7"", ""pdf_pages_1based"": [5], ""printed_page_label"": ""5"", ""source_document_id"": ""src-cisplatin-teva-r-1-mg-ml-konzentrat-661ce7c738c4"", ""source_file_name"": ""cisplatin-teva-r-1-mg-ml-konzentrat.pdf"", ""source_native_item_number"": null, ""source_role"": ""smPC"", ""source_status"": ""current_at_snapshot"", ""source_version_id"": ""sv-661ce7c738c450ccbbab5e54""}, {""evidence_id"": ""ru-03441e54c60d9a84ff33cc70"", ""pdf_pages_1based"": [7], ""printed_page_label"": ""7"", ""source_document_id"": ""src-cisplatin-teva-r-1-mg-ml-konzentrat-661ce7c738c4"", ""source_file_name"": ""cisplatin-teva-r-1-mg-ml-konzentrat.pdf"", ""source_native_item_number"": null, ""source_role"": ""smPC"", ""source_status"": ""current_at_snapshot"", ""source_version_id"": ""sv-661ce7c738c450ccbbab5e54""}, {""evidence_id"": ""ru-04a52b6fd891a68dd03a6c03"", ""pdf_pages_1based"": [10], ""printed_page_label"": ""10"", ""source_document_id"": ""src-cisplatin-teva-r-1-mg-ml-konzentrat-661ce7c738c4"", ""source_file_name"": ""cisplatin-teva-r-1-mg-ml-konzentrat.pdf"", ""source_native_item_number"": null, ""source_role"": ""smPC"", ""source_status"": ""current_at_snapshot"", ""source_version_id"": ""sv-661ce7c738c450ccbbab5e54""}]","{""evidence_id"": ""ru-f6e6c9fe2eb7ff239e511ff7"", ""pdf_pages_1based"": [165], ""printed_page_label"": ""165"", ""source_document_id"": ""src-s3-ll-hcc-und-bcc-konsultationsfassung-langversion-6-01-1-c1996068a815"", ""source_file_name"": ""S3_LL_HCC_und_BCC_Konsultationsfassung_Langversion_6.01 (1).pdf"", ""source_native_item_number"": null, ""source_role"": ""guideline"", ""source_status"": ""consultation_draft"", ""source_version_id"": ""sv-c1996068a81551f2fd14a9f4""}","[""ru-0285cccc558181ceb54128c7"", ""ru-03441e54c60d9a84ff33cc70"", ""ru-04a52b6fd891a68dd03a6c03"", ""ru-f6e6c9fe2eb7ff239e511ff7""]",True,True,active_source_status_review,"[""guideline_source_not_final""]"
smpc-guideline-bridge-1.0.0,bridge-20ceebcdaf2beffef75be788,cs-f61b3d4e90089c1b890c23cb,smPC_to_guideline,src-eliquis-epar-product-information-de-030922bd0124,sv-030922bd0124b6db2d0b5261,eliquis-epar-product-information_de.pdf,"Eliquis, INN-apixaban",Eliquis,"[""product-7285149d687c8d4ecf3e5a52"", ""product-85be05e7ce90116e957d6a69"", ""product-c0ed91695a98e9fea80a55e1"", ""product-d1ccf30287ef001ae3fa4254""]","[""Eliquis""]",substance-377df00b1c296114c6f14396,Apixaban,"[""Apixaban""]",Apixaban,ru-0371fd9c7dc454ba15b57c07,src-003-001l-s3-prophylaxe-venoese-thromboembolie-vte-2026-04-f82c5686f6b7,"[""rec-a821448802fb4b09d6bd030d""]",[],,smpc_product_substance_to_guideline_mention,exact,1.0,"[{""evidence_id"": ""ru-00d9c52da65c56313a9ee010"", ""pdf_pages_1based"": [80], ""printed_page_label"": ""80"", ""source_document_id"": ""src-eliquis-epar-product-information-de-030922bd0124"", ""source_file_name"": ""eliquis-epar-product-information_de.pdf"", ""source_native_item_number"": null, ""source_role"": ""smPC"", ""source_status"": ""current_at_snapshot"", ""source_version_id"": ""sv-030922bd0124b6db2d0b5261""}, {""evidence_id"": ""ru-02f39bfe4bf71ae8ebf162bd"", ""pdf_pages_1based"": [8], ""printed_page_label"": ""8"", ""source_document_id"": ""src-eliquis-epar-product-information-de-030922bd0124"", ""source_file_name"": ""eliquis-epar-product-information_de.pdf"", ""source_native_item_number"": null, ""source_role"": ""smPC"", ""source_status"": ""current_at_snapshot"", ""source_version_id"": ""sv-030922bd0124b6db2d0b5261""}, {""evidence_id"": ""ru-0438a74222b3ca6975483f6f"", ""pdf_pages_1based"": [101], ""printed_page_label"": ""101"", ""source_document_id"": ""src-eliquis-epar-product-information-de-030922bd0124"", ""source_file_name"": ""eliquis-epar-product-information_de.pdf"", ""source_native_item_number"": null, ""source_role"": ""smPC"", ""source_status"": ""current_at_snapshot"", ""source_version_id"": ""sv-030922bd0124b6db2d0b5261""}]","{""evidence_id"": ""ru-0371fd9c7dc454ba15b57c07"", ""pdf_pages_1based"": [143, 144], ""printed_page_label"": ""141-142"", ""source_document_id"": ""src-003-001l-s3-prophylaxe-venoese-thromboembolie-vte-2026-04-f82c5686f6b7"", ""source_file_name"": ""003-001l_S3_Prophylaxe-venoese-Thromboembolie-VTE_2026-04.pdf"", ""source_native_item_number"": null, ""source_role"": ""guideline"", ""source_status"": ""final"", ""source_version_id"": ""sv-f82c5686f6b71d42a7a43dcc""}","[""ru-00d9c52da65c56313a9ee010"", ""ru-02f39bfe4bf71ae8ebf162bd"", ""ru-0438a74222b3ca6975483f6f"", ""ru-0371fd9c7dc454ba15b57c07""]",True,True,active_validated,[]
smpc-guideline-bridge-1.0.0,bridge-0d3182238fbb256324bc19dd,cs-f61b3d4e90089c1b890c23cb,smPC_to_guideline,src-eliquis-epar-product-information-de-030922bd0124,sv-030922bd0124b6db2d0b5261,eliquis-epar-product-information_de.pdf,"Eliquis, INN-apixaban",Eliquis,"[""product-7285149d687c8d4ecf3e5a52"", ""product-85be05e7ce90116e957d6a69"", ""product-c0ed91695a98e9fea80a55e1"", ""product-d1ccf30287ef001ae3fa4254""]","[""Eliquis""]",substance-377df00b1c296114c6f14396,Apixaban,"[""Apixaban""]",Apixaban,ru-06cd1762b2fd8d34611978f5,src-003-001l-s3-prophylaxe-venoese-thromboembolie-vte-2026-04-f82c5686f6b7,"[""rec-e8d4612162e6425ac23dec68""]",[],,smpc_product_substance_to_guideline_mention,exact,1.0,"[{""evidence_id"": ""ru-00d9c52da65c56313a9ee010"", ""pdf_pages_1based"": [80], ""printed_page_label"": ""80"", ""source_document_id"": ""src-eliquis-epar-product-information-de-030922bd0124"", ""source_file_name"": ""eliquis-epar-product-information_de.pdf"", ""source_native_item_number"": null, ""source_role"": ""smPC"", ""source_status"": ""current_at_snapshot"", ""source_version_id"": ""sv-030922bd0124b6db2d0b5261""}, {""evidence_id"": ""ru-02f39bfe4bf71ae8ebf162bd"", ""pdf_pages_1based"": [8], ""printed_page_label"": ""8"", ""source_document_id"": ""src-eliquis-epar-product-information-de-030922bd0124"", ""source_file_name"": ""eliquis-epar-product-information_de.pdf"", ""source_native_item_number"": null, ""source_role"": ""smPC"", ""source_status"": ""current_at_snapshot"", ""source_version_id"": ""sv-030922bd0124b6db2d0b5261""}, {""evidence_id"": ""ru-0438a74222b3ca6975483f6f"", ""pdf_pages_1based"": [101], ""printed_page_label"": ""101"", ""source_document_id"": ""src-eliquis-epar-product-information-de-030922bd0124"", ""source_file_name"": ""eliquis-epar-product-information_de.pdf"", ""source_native_item_number"": null, ""source_role"": ""smPC"", ""source_status"": ""current_at_snapshot"", ""source_version_id"": ""sv-030922bd0124b6db2d0b5261""}]","{""evidence_id"": ""ru-06cd1762b2fd8d34611978f5"", ""pdf_pages_1based"": [150, 151], ""printed_page_label"": ""148-149"", ""source_document_id"": ""src-003-001l-s3-prophylaxe-venoese-thromboembolie-vte-2026-04-f82c5686f6b7"", ""source_file_name"": ""003-001l_S3_Prophylaxe-venoese-Thromboembolie-VTE_2026-04.pdf"", ""source_native_item_number"": null, ""source_role"": ""guideline"", ""source_status"": ""final"", ""source_version_id"": ""sv-f82c5686f6b71d42a7a43dcc""}","[""ru-00d9c52da65c56313a9ee010"", ""ru-02f39bfe4bf71ae8ebf162bd"", ""ru-0438a74222b3ca6975483f6f"", ""ru-06cd1762b2fd8d34611978f5""]",True,True,active_validated,[]
smpc-guideline-bridge-1.0.0,bridge-40e98d8170c1d2afdc6e2334,cs-f61b3d4e90089c1b890c23cb,smPC_to_guideline,src-eliquis-epar-product-information-de-030922bd0124,sv-030922bd0124b6db2d0b5261,eliquis-epar-product-information_de.pdf,"Eliquis, INN-apixaban",Eliquis,"[""product-7285149d687c8d4ecf3e5a52"", ""product-85be05e7ce90116e957d6a69"", ""product-c0ed91695a98e9fea80a55e1"", ""product-d1ccf30287ef001ae3fa4254""]","[""Eliquis""]",substance-377df00b1c296114c6f14396,Apixaban,"[""Apixaban""]",Apixaban,ru-1eceadd0ed1dbe3b1b732f4c,src-003-001l-s3-prophylaxe-venoese-thromboembolie-vte-2026-04-f82c5686f6b7,"[""rec-9fd5a15e45408783f564da16""]",[],,smpc_product_substance_to_guideline_mention,exact,1.0,"[{""evidence_id"": ""ru-00d9c52da65c56313a9ee010"", ""pdf_pages_1based"": [80], ""printed_page_label"": ""80"", ""source_document_id"": ""src-eliquis-epar-product-information-de-030922bd0124"", ""source_file_name"": ""eliquis-epar-product-information_de.pdf"", ""source_native_item_number"": null, ""source_role"": ""smPC"", ""source_status"": ""current_at_snapshot"", ""source_version_id"": ""sv-030922bd0124b6db2d0b5261""}, {""evidence_id"": ""ru-02f39bfe4bf71ae8ebf162bd"", ""pdf_pages_1based"": [8], ""printed_page_label"": ""8"", ""source_document_id"": ""src-eliquis-epar-product-information-de-030922bd0124"", ""source_file_name"": ""eliquis-epar-product-information_de.pdf"", ""source_native_item_number"": null, ""source_role"": ""smPC"", ""source_status"": ""current_at_snapshot"", ""source_version_id"": ""sv-030922bd0124b6db2d0b5261""}, {""evidence_id"": ""ru-0438a74222b3ca6975483f6f"", ""pdf_pages_1based"": [101], ""printed_page_label"": ""101"", ""source_document_id"": ""src-eliquis-epar-product-information-de-030922bd0124"", ""source_file_name"": ""eliquis-epar-product-information_de.pdf"", ""source_native_item_number"": null, ""source_role"": ""smPC"", ""source_status"": ""current_at_snapshot"", ""source_version_id"": ""sv-030922bd0124b6db2d0b5261""}]","{""evidence_id"": ""ru-1eceadd0ed1dbe3b1b732f4c"", ""pdf_pages_1based"": [57], ""printed_page_label"": ""55"", ""source_document_id"": ""src-003-001l-s3-prophylaxe-venoese-thromboembolie-vte-2026-04-f82c5686f6b7"", ""source_file_name"": ""003-001l_S3_Prophylaxe-venoese-Thromboembolie-VTE_2026-04.pdf"", ""source_native_item_number"": null, ""source_role"": ""guideline"", ""source_status"": ""final"", ""source_version_id"": ""sv-f82c5686f6b71d42a7a43dcc""}","[""ru-00d9c52da65c56313a9ee010"", ""ru-02f39bfe4bf71ae8ebf162bd"", ""ru-0438a74222b3ca6975483f6f"", ""ru-1eceadd0ed1dbe3b1b732f4c""]",True,True,active_validated,[]
smpc-guideline-bridge-1.0.0,bridge-be44b1a447155099d6cdb5f0,cs-f61b3d4e90089c1b890c23cb,smPC_to_guideline,src-eliquis-epar-product-information-de-030922bd0124,sv-030922bd0124b6db2d0b5261,eliquis-epar-product-information_de.pdf,"Eliquis, INN-apixaban",Eliquis,"[""product-7285149d687c8d4ecf3e5a52"", ""product-85be05e7ce90116e957d6a69"", ""product-c0ed91695a98e9fea80a55e1"", ""product-d1ccf30287ef001ae3fa4254""]","[""Eliquis""]",substance-377df00b1c296114c6f14396,Apixaban,"[""Apixaban""]",Apixaban,ru-24e2bf911917d1a129de127e,src-003-001l-s3-prophylaxe-venoese-thromboembolie-vte-2026-04-f82c5686f6b7,"[""rec-db144dbe91746dc2f3f2cd8c""]",[],,smpc_product_substance_to_guideline_mention,exact,1.0,"[{""evidence_id"": ""ru-00d9c52da65c56313a9ee010"", ""pdf_pages_1based"": [80], ""printed_page_label"": ""80"", ""source_document_id"": ""src-eliquis-epar-product-information-de-030922bd0124"", ""source_file_name"": ""eliquis-epar-product-information_de.pdf"", ""source_native_item_number"": null, ""source_role"": ""smPC"", ""source_status"": ""current_at_snapshot"", ""source_version_id"": ""sv-030922bd0124b6db2d0b5261""}, {""evidence_id"": ""ru-02f39bfe4bf71ae8ebf162bd"", ""pdf_pages_1based"": [8], ""printed_page_label"": ""8"", ""source_document_id"": ""src-eliquis-epar-product-information-de-030922bd0124"", ""source_file_name"": ""eliquis-epar-product-information_de.pdf"", ""source_native_item_number"": null, ""source_role"": ""smPC"", ""source_status"": ""current_at_snapshot"", ""source_version_id"": ""sv-030922bd0124b6db2d0b5261""}, {""evidence_id"": ""ru-0438a74222b3ca6975483f6f"", ""pdf_pages_1based"": [101], ""printed_page_label"": ""101"", ""source_document_id"": ""src-eliquis-epar-product-information-de-030922bd0124"", ""source_file_name"": ""eliquis-epar-product-information_de.pdf"", ""source_native_item_number"": null, ""source_role"": ""smPC"", ""source_status"": ""current_at_snapshot"", ""source_version_id"": ""sv-030922bd0124b6db2d0b5261""}]","{""evidence_id"": ""ru-24e2bf911917d1a129de127e"", ""pdf_pages_1based"": [86, 87], ""printed_page_label"": ""84-85"", ""source_document_id"": ""src-003-001l-s3-prophylaxe-venoese-thromboembolie-vte-2026-04-f82c5686f6b7"", ""source_file_name"": ""003-001l_S3_Prophylaxe-venoese-Thromboembolie-VTE_2026-04.pdf"", ""source_native_item_number"": null, ""source_role"": ""guideline"", ""source_status"": ""final"", ""source_version_id"": ""sv-f82c5686f6b71d42a7a43dcc""}","[""ru-00d9c52da65c56313a9ee010"", ""ru-02f39bfe4bf71ae8ebf162bd"", ""ru-0438a74222b3ca6975483f6f"", ""ru-24e2bf911917d1a129de127e""]",True,True,active_validated,[]
smpc-guideline-bridge-1.0.0,bridge-8310890c2feb0abf050a0ab3,cs-f61b3d4e90089c1b890c23cb,smPC_to_guideline,src-eliquis-epar-product-information-de-030922bd0124,sv-030922bd0124b6db2d0b5261,eliquis-epar-product-information_de.pdf,"Eliquis, INN-apixaban",Eliquis,"[""product-7285149d687c8d4ecf3e5a52"", ""product-85be05e7ce90116e957d6a69"", ""product-c0ed91695a98e9fea80a55e1"", ""product-d1ccf30287ef001ae3fa4254""]","[""Eliquis""]",substance-377df00b1c296114c6f14396,Apixaban,"[""Apixaban""]",Apixaban,ru-2930b7b5bb315a75c5ab0397,src-003-001l-s3-prophylaxe-venoese-thromboembolie-vte-2026-04-f82c5686f6b7,"[""rec-579d11c0de9b069f37b11b54""]",[],,smpc_product_substance_to_guideline_mention,exact,1.0,"[{""evidence_id"": ""ru-00d9c52da65c56313a9ee010"", ""pdf_pages_1based"": [80], ""printed_page_label"": ""80"", ""source_document_id"": ""src-eliquis-epar-product-information-de-030922bd0124"", ""source_file_name"": ""eliquis-epar-product-information_de.pdf"", ""source_native_item_number"": null, ""source_role"": ""smPC"", ""source_status"": ""current_at_snapshot"", ""source_version_id"": ""sv-030922bd0124b6db2d0b5261""}, {""evidence_id"": ""ru-02f39bfe4bf71ae8ebf162bd"", ""pdf_pages_1based"": [8], ""printed_page_label"": ""8"", ""source_document_id"": ""src-eliquis-epar-product-information-de-030922bd0124"", ""source_file_name"": ""eliquis-epar-product-information_de.pdf"", ""source_native_item_number"": null, ""source_role"": ""smPC"", ""source_status"": ""current_at_snapshot"", ""source_version_id"": ""sv-030922bd0124b6db2d0b5261""}, {""evidence_id"": ""ru-0438a74222b3ca6975483f6f"", ""pdf_pages_1based"": [101], ""printed_page_label"": ""101"", ""source_document_id"": ""src-eliquis-epar-product-information-de-030922bd0124"", ""source_file_name"": ""eliquis-epar-product-information_de.pdf"", ""source_native_item_number"": null, ""source_role"": ""smPC"", ""source_status"": ""current_at_snapshot"", ""source_version_id"": ""sv-030922bd0124b6db2d0b5261""}]","{""evidence_id"": ""ru-2930b7b5bb315a75c5ab0397"", ""pdf_pages_1based"": [50], ""printed_page_label"": ""48"", ""source_document_id"": ""src-003-001l-s3-prophylaxe-venoese-thromboembolie-vte-2026-04-f82c5686f6b7"", ""source_file_name"": ""003-001l_S3_Prophylaxe-venoese-Thromboembolie-VTE_2026-04.pdf"", ""source_native_item_number"": null, ""source_role"": ""guideline"", ""source_status"": ""final"", ""source_version_id"": ""sv-f82c5686f6b71d42a7a43dcc""}","[""ru-00d9c52da65c56313a9ee010"", ""ru-02f39bfe4bf71ae8ebf162bd"", ""ru-0438a74222b3ca6975483f6f"", ""ru-2930b7b5bb315a75c5ab0397""]",True,True,active_validated,[]
smpc-guideline-bridge-1.0.0,bridge-ccfe48cef3dcd4739da40c31,cs-f61b3d4e90089c1b890c23cb,smPC_to_guideline,src-eliquis-epar-product-information-de-030922bd0124,sv-030922bd0124b6db2d0b5261,eliquis-epar-product-information_de.pdf,"Eliquis, INN-apixaban",Eliquis,"[""product-7285149d687c8d4ecf3e5a52"", ""product-85be05e7ce90116e957d6a69"", ""product-c0ed91695a98e9fea80a55e1"", ""product-d1ccf30287ef001ae3fa4254""]","[""Eliquis""]",substance-377df00b1c296114c6f14396,Apixaban,"[""Apixaban""]",Apixaban,ru-3597f7eb4e8a120e04dd5640,src-003-001l-s3-prophylaxe-venoese-thromboembolie-vte-2026-04-f82c5686f6b7,"[""rec-e2acc26f3f395113204614cc""]",[],,smpc_product_substance_to_guideline_mention,exact,1.0,"[{""evidence_id"": ""ru-00d9c52da65c56313a9ee010"", ""pdf_pages_1based"": [80], ""printed_page_label"": ""80"", ""source_document_id"": ""src-eliquis-epar-product-information-de-030922bd0124"", ""source_file_name"": ""eliquis-epar-product-information_de.pdf"", ""source_native_item_number"": null, ""source_role"": ""smPC"", ""source_status"": ""current_at_snapshot"", ""source_version_id"": ""sv-030922bd0124b6db2d0b5261""}, {""evidence_id"": ""ru-02f39bfe4bf71ae8ebf162bd"", ""pdf_pages_1based"": [8], ""printed_page_label"": ""8"", ""source_document_id"": ""src-eliquis-epar-product-information-de-030922bd0124"", ""source_file_name"": ""eliquis-epar-product-information_de.pdf"", ""source_native_item_number"": null, ""source_role"": ""smPC"", ""source_status"": ""current_at_snapshot"", ""source_version_id"": ""sv-030922bd0124b6db2d0b5261""}, {""evidence_id"": ""ru-0438a74222b3ca6975483f6f"", ""pdf_pages_1based"": [101], ""printed_page_label"": ""101"", ""source_document_id"": ""src-eliquis-epar-product-information-de-030922bd0124"", ""source_file_name"": ""eliquis-epar-product-information_de.pdf"", ""source_native_item_number"": null, ""source_role"": ""smPC"", ""source_status"": ""current_at_snapshot"", ""source_version_id"": ""sv-030922bd0124b6db2d0b5261""}]","{""evidence_id"": ""ru-3597f7eb4e8a120e04dd5640"", ""pdf_pages_1based"": [65], ""printed_page_label"": ""63"", ""source_document_id"": ""src-003-001l-s3-prophylaxe-venoese-thromboembolie-vte-2026-04-f82c5686f6b7"", ""source_file_name"": ""003-001l_S3_Prophylaxe-venoese-Thromboembolie-VTE_2026-04.pdf"", ""source_native_item_number"": null, ""source_role"": ""guideline"", ""source_status"": ""final"", ""source_version_id"": ""sv-f82c5686f6b71d42a7a43dcc""}","[""ru-00d9c52da65c56313a9ee010"", ""ru-02f39bfe4bf71ae8ebf162bd"", ""ru-0438a74222b3ca6975483f6f"", ""ru-3597f7eb4e8a120e04dd5640""]",True,True,active_validated,[]
smpc-guideline-bridge-1.0.0,bridge-8744b363ce3db8545c4d9175,cs-f61b3d4e90089c1b890c23cb,smPC_to_guideline,src-eliquis-epar-product-information-de-030922bd0124,sv-030922bd0124b6db2d0b5261,eliquis-epar-product-information_de.pdf,"Eliquis, INN-apixaban",Eliquis,"[""product-7285149d687c8d4ecf3e5a52"", ""product-85be05e7ce90116e957d6a69"", ""product-c0ed91695a98e9fea80a55e1"", ""product-d1ccf30287ef001ae3fa4254""]","[""Eliquis""]",substance-377df00b1c296114c6f14396,Apixaban,"[""Apixaban""]",Apixaban,ru-39debf28cb11f82cdb151662,src-003-001l-s3-prophylaxe-venoese-thromboembolie-vte-2026-04-f82c5686f6b7,"[""rec-18b51ac73c0043d1930f3853""]",[],,smpc_product_substance_to_guideline_mention,exact,1.0,"[{""evidence_id"": ""ru-00d9c52da65c56313a9ee010"", ""pdf_pages_1based"": [80], ""printed_page_label"": ""80"", ""source_document_id"": ""src-eliquis-epar-product-information-de-030922bd0124"", ""source_file_name"": ""eliquis-epar-product-information_de.pdf"", ""source_native_item_number"": null, ""source_role"": ""smPC"", ""source_status"": ""current_at_snapshot"", ""source_version_id"": ""sv-030922bd0124b6db2d0b5261""}, {""evidence_id"": ""ru-02f39bfe4bf71ae8ebf162bd"", ""pdf_pages_1based"": [8], ""printed_page_label"": ""8"", ""source_document_id"": ""src-eliquis-epar-product-information-de-030922bd0124"", ""source_file_name"": ""eliquis-epar-product-information_de.pdf"", ""source_native_item_number"": null, ""source_role"": ""smPC"", ""source_status"": ""current_at_snapshot"", ""source_version_id"": ""sv-030922bd0124b6db2d0b5261""}, {""evidence_id"": ""ru-0438a74222b3ca6975483f6f"", ""pdf_pages_1based"": [101], ""printed_page_label"": ""101"", ""source_document_id"": ""src-eliquis-epar-product-information-de-030922bd0124"", ""source_file_name"": ""eliquis-epar-product-information_de.pdf"", ""source_native_item_number"": null, ""source_role"": ""smPC"", ""source_status"": ""current_at_snapshot"", ""source_version_id"": ""sv-030922bd0124b6db2d0b5261""}]","{""evidence_id"": ""ru-39debf28cb11f82cdb151662"", ""pdf_pages_1based"": [111], ""printed_page_label"": ""109"", ""source_document_id"": ""src-003-001l-s3-prophylaxe-venoese-thromboembolie-vte-2026-04-f82c5686f6b7"", ""source_file_name"": ""003-001l_S3_Prophylaxe-venoese-Thromboembolie-VTE_2026-04.pdf"", ""source_native_item_number"": null, ""source_role"": ""guideline"", ""source_status"": ""final"", ""source_version_id"": ""sv-f82c5686f6b71d42a7a43dcc""}","[""ru-00d9c52da65c56313a9ee010"", ""ru-02f39bfe4bf71ae8ebf162bd"", ""ru-0438a74222b3ca6975483f6f"", ""ru-39debf28cb11f82cdb151662""]",True,True,active_validated,[]
smpc-guideline-bridge-1.0.0,bridge-d0d473ba9b3763b4e1cef903,cs-f61b3d4e90089c1b890c23cb,smPC_to_guideline,src-eliquis-epar-product-information-de-030922bd0124,sv-030922bd0124b6db2d0b5261,eliquis-epar-product-information_de.pdf,"Eliquis, INN-apixaban",Eliquis,"[""product-7285149d687c8d4ecf3e5a52"", ""product-85be05e7ce90116e957d6a69"", ""product-c0ed91695a98e9fea80a55e1"", ""product-d1ccf30287ef001ae3fa4254""]","[""Eliquis""]",substance-377df00b1c296114c6f14396,Apixaban,"[""Apixaban""]",Apixaban,ru-42ca77dd2f8b555cc0f6d92f,src-003-001l-s3-prophylaxe-venoese-thromboembolie-vte-2026-04-f82c5686f6b7,"[""rec-00e732085e5cacfcb98396d8""]",[],,smpc_product_substance_to_guideline_mention,exact,1.0,"[{""evidence_id"": ""ru-00d9c52da65c56313a9ee010"", ""pdf_pages_1based"": [80], ""printed_page_label"": ""80"", ""source_document_id"": ""src-eliquis-epar-product-information-de-030922bd0124"", ""source_file_name"": ""eliquis-epar-product-information_de.pdf"", ""source_native_item_number"": null, ""source_role"": ""smPC"", ""source_status"": ""current_at_snapshot"", ""source_version_id"": ""sv-030922bd0124b6db2d0b5261""}, {""evidence_id"": ""ru-02f39bfe4bf71ae8ebf162bd"", ""pdf_pages_1based"": [8], ""printed_page_label"": ""8"", ""source_document_id"": ""src-eliquis-epar-product-information-de-030922bd0124"", ""source_file_name"": ""eliquis-epar-product-information_de.pdf"", ""source_native_item_number"": null, ""source_role"": ""smPC"", ""source_status"": ""current_at_snapshot"", ""source_version_id"": ""sv-030922bd0124b6db2d0b5261""}, {""evidence_id"": ""ru-0438a74222b3ca6975483f6f"", ""pdf_pages_1based"": [101], ""printed_page_label"": ""101"", ""source_document_id"": ""src-eliquis-epar-product-information-de-030922bd0124"", ""source_file_name"": ""eliquis-epar-product-information_de.pdf"", ""source_native_item_number"": null, ""source_role"": ""smPC"", ""source_status"": ""current_at_snapshot"", ""source_version_id"": ""sv-030922bd0124b6db2d0b5261""}]","{""evidence_id"": ""ru-42ca77dd2f8b555cc0f6d92f"", ""pdf_pages_1based"": [64], ""printed_page_label"": ""62"", ""source_document_id"": ""src-003-001l-s3-prophylaxe-venoese-thromboembolie-vte-2026-04-f82c5686f6b7"", ""source_file_name"": ""003-001l_S3_Prophylaxe-venoese-Thromboembolie-VTE_2026-04.pdf"", ""source_native_item_number"": null, ""source_role"": ""guideline"", ""source_status"": ""final"", ""source_version_id"": ""sv-f82c5686f6b71d42a7a43dcc""}","[""ru-00d9c52da65c56313a9ee010"", ""ru-02f39bfe4bf71ae8ebf162bd"", ""ru-0438a74222b3ca6975483f6f"", ""ru-42ca77dd2f8b555cc0f6d92f""]",True,True,active_validated,[]
smpc-guideline-bridge-1.0.0,bridge-7538539e72634caf698f4df1,cs-f61b3d4e90089c1b890c23cb,smPC_to_guideline,src-eliquis-epar-product-information-de-030922bd0124,sv-030922bd0124b6db2d0b5261,eliquis-epar-product-information_de.pdf,"Eliquis, INN-apixaban",Eliquis,"[""product-7285149d687c8d4ecf3e5a52"", ""product-85be05e7ce90116e957d6a69"", ""product-c0ed91695a98e9fea80a55e1"", ""product-d1ccf30287ef001ae3fa4254""]","[""Eliquis""]",substance-377df00b1c296114c6f14396,Apixaban,"[""Apixaban""]",Apixaban,ru-5680e97cbd443c754572d2b1,src-003-001l-s3-prophylaxe-venoese-thromboembolie-vte-2026-04-f82c5686f6b7,"[""rec-52cfe4e5535e0c0eac24859b""]",[],,smpc_product_substance_to_guideline_mention,exact,1.0,"[{""evidence_id"": ""ru-00d9c52da65c56313a9ee010"", ""pdf_pages_1based"": [80], ""printed_page_label"": ""80"", ""source_document_id"": ""src-eliquis-epar-product-information-de-030922bd0124"", ""source_file_name"": ""eliquis-epar-product-information_de.pdf"", ""source_native_item_number"": null, ""source_role"": ""smPC"", ""source_status"": ""current_at_snapshot"", ""source_version_id"": ""sv-030922bd0124b6db2d0b5261""}, {""evidence_id"": ""ru-02f39bfe4bf71ae8ebf162bd"", ""pdf_pages_1based"": [8], ""printed_page_label"": ""8"", ""source_document_id"": ""src-eliquis-epar-product-information-de-030922bd0124"", ""source_file_name"": ""eliquis-epar-product-information_de.pdf"", ""source_native_item_number"": null, ""source_role"": ""smPC"", ""source_status"": ""current_at_snapshot"", ""source_version_id"": ""sv-030922bd0124b6db2d0b5261""}, {""evidence_id"": ""ru-0438a74222b3ca6975483f6f"", ""pdf_pages_1based"": [101], ""printed_page_label"": ""101"", ""source_document_id"": ""src-eliquis-epar-product-information-de-030922bd0124"", ""source_file_name"": ""eliquis-epar-product-information_de.pdf"", ""source_native_item_number"": null, ""source_role"": ""smPC"", ""source_status"": ""current_at_snapshot"", ""source_version_id"": ""sv-030922bd0124b6db2d0b5261""}]","{""evidence_id"": ""ru-5680e97cbd443c754572d2b1"", ""pdf_pages_1based"": [44], ""printed_page_label"": ""42"", ""source_document_id"": ""src-003-001l-s3-prophylaxe-venoese-thromboembolie-vte-2026-04-f82c5686f6b7"", ""source_file_name"": ""003-001l_S3_Prophylaxe-venoese-Thromboembolie-VTE_2026-04.pdf"", ""source_native_item_number"": null, ""source_role"": ""guideline"", ""source_status"": ""final"", ""source_version_id"": ""sv-f82c5686f6b71d42a7a43dcc""}","[""ru-00d9c52da65c56313a9ee010"", ""ru-02f39bfe4bf71ae8ebf162bd"", ""ru-0438a74222b3ca6975483f6f"", ""ru-5680e97cbd443c754572d2b1""]",True,True,active_validated,[]
smpc-guideline-bridge-1.0.0,bridge-485a342f8ef43ff463433e68,cs-f61b3d4e90089c1b890c23cb,smPC_to_guideline,src-eliquis-epar-product-information-de-030922bd0124,sv-030922bd0124b6db2d0b5261,eliquis-epar-product-information_de.pdf,"Eliquis, INN-apixaban",Eliquis,"[""product-7285149d687c8d4ecf3e5a52"", ""product-85be05e7ce90116e957d6a69"", ""product-c0ed91695a98e9fea80a55e1"", ""product-d1ccf30287ef001ae3fa4254""]","[""Eliquis""]",substance-377df00b1c296114c6f14396,Apixaban,"[""Apixaban""]",Apixaban,ru-82e99417c5794c69d1096b37,src-003-001l-s3-prophylaxe-venoese-thromboembolie-vte-2026-04-f82c5686f6b7,"[""rec-7cb7e0755823a82f8add0960""]",[],,smpc_product_substance_to_guideline_mention,exact,1.0,"[{""evidence_id"": ""ru-00d9c52da65c56313a9ee010"", ""pdf_pages_1based"": [80], ""printed_page_label"": ""80"", ""source_document_id"": ""src-eliquis-epar-product-information-de-030922bd0124"", ""source_file_name"": ""eliquis-epar-product-information_de.pdf"", ""source_native_item_number"": null, ""source_role"": ""smPC"", ""source_status"": ""current_at_snapshot"", ""source_version_id"": ""sv-030922bd0124b6db2d0b5261""}, {""evidence_id"": ""ru-02f39bfe4bf71ae8ebf162bd"", ""pdf_pages_1based"": [8], ""printed_page_label"": ""8"", ""source_document_id"": ""src-eliquis-epar-product-information-de-030922bd0124"", ""source_file_name"": ""eliquis-epar-product-information_de.pdf"", ""source_native_item_number"": null, ""source_role"": ""smPC"", ""source_status"": ""current_at_snapshot"", ""source_version_id"": ""sv-030922bd0124b6db2d0b5261""}, {""evidence_id"": ""ru-0438a74222b3ca6975483f6f"", ""pdf_pages_1based"": [101], ""printed_page_label"": ""101"", ""source_document_id"": ""src-eliquis-epar-product-information-de-030922bd0124"", ""source_file_name"": ""eliquis-epar-product-information_de.pdf"", ""source_native_item_number"": null, ""source_role"": ""smPC"", ""source_status"": ""current_at_snapshot"", ""source_version_id"": ""sv-030922bd0124b6db2d0b5261""}]","{""evidence_id"": ""ru-82e99417c5794c69d1096b37"", ""pdf_pages_1based"": [117], ""printed_page_label"": ""115"", ""source_document_id"": ""src-003-001l-s3-prophylaxe-venoese-thromboembolie-vte-2026-04-f82c5686f6b7"", ""source_file_name"": ""003-001l_S3_Prophylaxe-venoese-Thromboembolie-VTE_2026-04.pdf"", ""source_native_item_number"": null, ""source_role"": ""guideline"", ""source_status"": ""final"", ""source_version_id"": ""sv-f82c5686f6b71d42a7a43dcc""}","[""ru-00d9c52da65c56313a9ee010"", ""ru-02f39bfe4bf71ae8ebf162bd"", ""ru-0438a74222b3ca6975483f6f"", ""ru-82e99417c5794c69d1096b37""]",True,True,active_validated,[]
smpc-guideline-bridge-1.0.0,bridge-1be6c2a1a70875e47fcc1426,cs-f61b3d4e90089c1b890c23cb,smPC_to_guideline,src-eliquis-epar-product-information-de-030922bd0124,sv-030922bd0124b6db2d0b5261,eliquis-epar-product-information_de.pdf,"Eliquis, INN-apixaban",Eliquis,"[""product-7285149d687c8d4ecf3e5a52"", ""product-85be05e7ce90116e957d6a69"", ""product-c0ed91695a98e9fea80a55e1"", ""product-d1ccf30287ef001ae3fa4254""]","[""Eliquis""]",substance-377df00b1c296114c6f14396,Apixaban,"[""Apixaban""]",Apixaban,ru-94a89092604d443c04349437,src-003-001l-s3-prophylaxe-venoese-thromboembolie-vte-2026-04-f82c5686f6b7,"[""rec-10c68032a27add7723cf96fb""]",[],,smpc_product_substance_to_guideline_mention,exact,1.0,"[{""evidence_id"": ""ru-00d9c52da65c56313a9ee010"", ""pdf_pages_1based"": [80], ""printed_page_label"": ""80"", ""source_document_id"": ""src-eliquis-epar-product-information-de-030922bd0124"", ""source_file_name"": ""eliquis-epar-product-information_de.pdf"", ""source_native_item_number"": null, ""source_role"": ""smPC"", ""source_status"": ""current_at_snapshot"", ""source_version_id"": ""sv-030922bd0124b6db2d0b5261""}, {""evidence_id"": ""ru-02f39bfe4bf71ae8ebf162bd"", ""pdf_pages_1based"": [8], ""printed_page_label"": ""8"", ""source_document_id"": ""src-eliquis-epar-product-information-de-030922bd0124"", ""source_file_name"": ""eliquis-epar-product-information_de.pdf"", ""source_native_item_number"": null, ""source_role"": ""smPC"", ""source_status"": ""current_at_snapshot"", ""source_version_id"": ""sv-030922bd0124b6db2d0b5261""}, {""evidence_id"": ""ru-0438a74222b3ca6975483f6f"", ""pdf_pages_1based"": [101], ""printed_page_label"": ""101"", ""source_document_id"": ""src-eliquis-epar-product-information-de-030922bd0124"", ""source_file_name"": ""eliquis-epar-product-information_de.pdf"", ""source_native_item_number"": null, ""source_role"": ""smPC"", ""source_status"": ""current_at_snapshot"", ""source_version_id"": ""sv-030922bd0124b6db2d0b5261""}]","{""evidence_id"": ""ru-94a89092604d443c04349437"", ""pdf_pages_1based"": [268], ""printed_page_label"": ""266"", ""source_document_id"": ""src-003-001l-s3-prophylaxe-venoese-thromboembolie-vte-2026-04-f82c5686f6b7"", ""source_file_name"": ""003-001l_S3_Prophylaxe-venoese-Thromboembolie-VTE_2026-04.pdf"", ""source_native_item_number"": null, ""source_role"": ""guideline"", ""source_status"": ""final"", ""source_version_id"": ""sv-f82c5686f6b71d42a7a43dcc""}","[""ru-00d9c52da65c56313a9ee010"", ""ru-02f39bfe4bf71ae8ebf162bd"", ""ru-0438a74222b3ca6975483f6f"", ""ru-94a89092604d443c04349437""]",True,True,active_validated,[]
smpc-guideline-bridge-1.0.0,bridge-594cee98cc0e00a8dce3476f,cs-f61b3d4e90089c1b890c23cb,smPC_to_guideline,src-eliquis-epar-product-information-de-030922bd0124,sv-030922bd0124b6db2d0b5261,eliquis-epar-product-information_de.pdf,"Eliquis, INN-apixaban",Eliquis,"[""product-7285149d687c8d4ecf3e5a52"", ""product-85be05e7ce90116e957d6a69"", ""product-c0ed91695a98e9fea80a55e1"", ""product-d1ccf30287ef001ae3fa4254""]","[""Eliquis""]",substance-377df00b1c296114c6f14396,Apixaban,"[""Apixaban""]",Apixaban,ru-9a7bb5c6bf8596ad69a91c51,src-003-001l-s3-prophylaxe-venoese-thromboembolie-vte-2026-04-f82c5686f6b7,"[""rec-107ec386f8bd7851ed9be0d7""]",[],,smpc_product_substance_to_guideline_mention,exact,1.0,"[{""evidence_id"": ""ru-00d9c52da65c56313a9ee010"", ""pdf_pages_1based"": [80], ""printed_page_label"": ""80"", ""source_document_id"": ""src-eliquis-epar-product-information-de-030922bd0124"", ""source_file_name"": ""eliquis-epar-product-information_de.pdf"", ""source_native_item_number"": null, ""source_role"": ""smPC"", ""source_status"": ""current_at_snapshot"", ""source_version_id"": ""sv-030922bd0124b6db2d0b5261""}, {""evidence_id"": ""ru-02f39bfe4bf71ae8ebf162bd"", ""pdf_pages_1based"": [8], ""printed_page_label"": ""8"", ""source_document_id"": ""src-eliquis-epar-product-information-de-030922bd0124"", ""source_file_name"": ""eliquis-epar-product-information_de.pdf"", ""source_native_item_number"": null, ""source_role"": ""smPC"", ""source_status"": ""current_at_snapshot"", ""source_version_id"": ""sv-030922bd0124b6db2d0b5261""}, {""evidence_id"": ""ru-0438a74222b3ca6975483f6f"", ""pdf_pages_1based"": [101], ""printed_page_label"": ""101"", ""source_document_id"": ""src-eliquis-epar-product-information-de-030922bd0124"", ""source_file_name"": ""eliquis-epar-product-information_de.pdf"", ""source_native_item_number"": null, ""source_role"": ""smPC"", ""source_status"": ""current_at_snapshot"", ""source_version_id"": ""sv-030922bd0124b6db2d0b5261""}]","{""evidence_id"": ""ru-9a7bb5c6bf8596ad69a91c51"", ""pdf_pages_1based"": [261], ""printed_page_label"": ""259"", ""source_document_id"": ""src-003-001l-s3-prophylaxe-venoese-thromboembolie-vte-2026-04-f82c5686f6b7"", ""source_file_name"": ""003-001l_S3_Prophylaxe-venoese-Thromboembolie-VTE_2026-04.pdf"", ""source_native_item_number"": null, ""source_role"": ""guideline"", ""source_status"": ""final"", ""source_version_id"": ""sv-f82c5686f6b71d42a7a43dcc""}","[""ru-00d9c52da65c56313a9ee010"", ""ru-02f39bfe4bf71ae8ebf162bd"", ""ru-0438a74222b3ca6975483f6f"", ""ru-9a7bb5c6bf8596ad69a91c51""]",True,True,active_validated,[]
smpc-guideline-bridge-1.0.0,bridge-33d99ee89223ae75a4bea435,cs-f61b3d4e90089c1b890c23cb,smPC_to_guideline,src-eliquis-epar-product-information-de-030922bd0124,sv-030922bd0124b6db2d0b5261,eliquis-epar-product-information_de.pdf,"Eliquis, INN-apixaban",Eliquis,"[""product-7285149d687c8d4ecf3e5a52"", ""product-85be05e7ce90116e957d6a69"", ""product-c0ed91695a98e9fea80a55e1"", ""product-d1ccf30287ef001ae3fa4254""]","[""Eliquis""]",substance-377df00b1c296114c6f14396,Apixaban,"[""Apixaban""]",Apixaban,ru-a92a748160b9bdda3aa378a5,src-003-001l-s3-prophylaxe-venoese-thromboembolie-vte-2026-04-f82c5686f6b7,"[""rec-0ecadc60871a5a25bfb8a08a""]",[],,smpc_product_substance_to_guideline_mention,exact,1.0,"[{""evidence_id"": ""ru-00d9c52da65c56313a9ee010"", ""pdf_pages_1based"": [80], ""printed_page_label"": ""80"", ""source_document_id"": ""src-eliquis-epar-product-information-de-030922bd0124"", ""source_file_name"": ""eliquis-epar-product-information_de.pdf"", ""source_native_item_number"": null, ""source_role"": ""smPC"", ""source_status"": ""current_at_snapshot"", ""source_version_id"": ""sv-030922bd0124b6db2d0b5261""}, {""evidence_id"": ""ru-02f39bfe4bf71ae8ebf162bd"", ""pdf_pages_1based"": [8], ""printed_page_label"": ""8"", ""source_document_id"": ""src-eliquis-epar-product-information-de-030922bd0124"", ""source_file_name"": ""eliquis-epar-product-information_de.pdf"", ""source_native_item_number"": null, ""source_role"": ""smPC"", ""source_status"": ""current_at_snapshot"", ""source_version_id"": ""sv-030922bd0124b6db2d0b5261""}, {""evidence_id"": ""ru-0438a74222b3ca6975483f6f"", ""pdf_pages_1based"": [101], ""printed_page_label"": ""101"", ""source_document_id"": ""src-eliquis-epar-product-information-de-030922bd0124"", ""source_file_name"": ""eliquis-epar-product-information_de.pdf"", ""source_native_item_number"": null, ""source_role"": ""smPC"", ""source_status"": ""current_at_snapshot"", ""source_version_id"": ""sv-030922bd0124b6db2d0b5261""}]","{""evidence_id"": ""ru-a92a748160b9bdda3aa378a5"", ""pdf_pages_1based"": [55], ""printed_page_label"": ""53"", ""source_document_id"": ""src-003-001l-s3-prophylaxe-venoese-thromboembolie-vte-2026-04-f82c5686f6b7"", ""source_file_name"": ""003-001l_S3_Prophylaxe-venoese-Thromboembolie-VTE_2026-04.pdf"", ""source_native_item_number"": null, ""source_role"": ""guideline"", ""source_status"": ""final"", ""source_version_id"": ""sv-f82c5686f6b71d42a7a43dcc""}","[""ru-00d9c52da65c56313a9ee010"", ""ru-02f39bfe4bf71ae8ebf162bd"", ""ru-0438a74222b3ca6975483f6f"", ""ru-a92a748160b9bdda3aa378a5""]",True,True,active_validated,[]
smpc-guideline-bridge-1.0.0,bridge-36d208fb74755ebb5820a283,cs-f61b3d4e90089c1b890c23cb,smPC_to_guideline,src-eliquis-epar-product-information-de-030922bd0124,sv-030922bd0124b6db2d0b5261,eliquis-epar-product-information_de.pdf,"Eliquis, INN-apixaban",Eliquis,"[""product-7285149d687c8d4ecf3e5a52"", ""product-85be05e7ce90116e957d6a69"", ""product-c0ed91695a98e9fea80a55e1"", ""product-d1ccf30287ef001ae3fa4254""]","[""Eliquis""]",substance-377df00b1c296114c6f14396,Apixaban,"[""Apixaban""]",Apixaban,ru-d19cd0ef0a400f848b693c91,src-003-001l-s3-prophylaxe-venoese-thromboembolie-vte-2026-04-f82c5686f6b7,"[""rec-3cc941799b255eafe744e513""]",[],,smpc_product_substance_to_guideline_mention,exact,1.0,"[{""evidence_id"": ""ru-00d9c52da65c56313a9ee010"", ""pdf_pages_1based"": [80], ""printed_page_label"": ""80"", ""source_document_id"": ""src-eliquis-epar-product-information-de-030922bd0124"", ""source_file_name"": ""eliquis-epar-product-information_de.pdf"", ""source_native_item_number"": null, ""source_role"": ""smPC"", ""source_status"": ""current_at_snapshot"", ""source_version_id"": ""sv-030922bd0124b6db2d0b5261""}, {""evidence_id"": ""ru-02f39bfe4bf71ae8ebf162bd"", ""pdf_pages_1based"": [8], ""printed_page_label"": ""8"", ""source_document_id"": ""src-eliquis-epar-product-information-de-030922bd0124"", ""source_file_name"": ""eliquis-epar-product-information_de.pdf"", ""source_native_item_number"": null, ""source_role"": ""smPC"", ""source_status"": ""current_at_snapshot"", ""source_version_id"": ""sv-030922bd0124b6db2d0b5261""}, {""evidence_id"": ""ru-0438a74222b3ca6975483f6f"", ""pdf_pages_1based"": [101], ""printed_page_label"": ""101"", ""source_document_id"": ""src-eliquis-epar-product-information-de-030922bd0124"", ""source_file_name"": ""eliquis-epar-product-information_de.pdf"", ""source_native_item_number"": null, ""source_role"": ""smPC"", ""source_status"": ""current_at_snapshot"", ""source_version_id"": ""sv-030922bd0124b6db2d0b5261""}]","{""evidence_id"": ""ru-d19cd0ef0a400f848b693c91"", ""pdf_pages_1based"": [49], ""printed_page_label"": ""47"", ""source_document_id"": ""src-003-001l-s3-prophylaxe-venoese-thromboembolie-vte-2026-04-f82c5686f6b7"", ""source_file_name"": ""003-001l_S3_Prophylaxe-venoese-Thromboembolie-VTE_2026-04.pdf"", ""source_native_item_number"": null, ""source_role"": ""guideline"", ""source_status"": ""final"", ""source_version_id"": ""sv-f82c5686f6b71d42a7a43dcc""}","[""ru-00d9c52da65c56313a9ee010"", ""ru-02f39bfe4bf71ae8ebf162bd"", ""ru-0438a74222b3ca6975483f6f"", ""ru-d19cd0ef0a400f848b693c91""]",True,True,active_validated,[]
smpc-guideline-bridge-1.0.0,bridge-de86c5e5016fd332d9d5ba04,cs-f61b3d4e90089c1b890c23cb,smPC_to_guideline,src-eliquis-epar-product-information-de-030922bd0124,sv-030922bd0124b6db2d0b5261,eliquis-epar-product-information_de.pdf,"Eliquis, INN-apixaban",Eliquis,"[""product-7285149d687c8d4ecf3e5a52"", ""product-85be05e7ce90116e957d6a69"", ""product-c0ed91695a98e9fea80a55e1"", ""product-d1ccf30287ef001ae3fa4254""]","[""Eliquis""]",substance-377df00b1c296114c6f14396,Apixaban,"[""Apixaban""]",Apixaban,ru-dc8ada4dca8f67ce2a0f1406,src-003-001l-s3-prophylaxe-venoese-thromboembolie-vte-2026-04-f82c5686f6b7,"[""rec-ef68d84ef07d9ed14a19729d""]","[""formal-1f4573ec82e85dbc5c63e8b4""]",8.1,smpc_product_substance_to_guideline_mention,exact,1.0,"[{""evidence_id"": ""ru-00d9c52da65c56313a9ee010"", ""pdf_pages_1based"": [80], ""printed_page_label"": ""80"", ""source_document_id"": ""src-eliquis-epar-product-information-de-030922bd0124"", ""source_file_name"": ""eliquis-epar-product-information_de.pdf"", ""source_native_item_number"": null, ""source_role"": ""smPC"", ""source_status"": ""current_at_snapshot"", ""source_version_id"": ""sv-030922bd0124b6db2d0b5261""}, {""evidence_id"": ""ru-02f39bfe4bf71ae8ebf162bd"", ""pdf_pages_1based"": [8], ""printed_page_label"": ""8"", ""source_document_id"": ""src-eliquis-epar-product-information-de-030922bd0124"", ""source_file_name"": ""eliquis-epar-product-information_de.pdf"", ""source_native_item_number"": null, ""source_role"": ""smPC"", ""source_status"": ""current_at_snapshot"", ""source_version_id"": ""sv-030922bd0124b6db2d0b5261""}, {""evidence_id"": ""ru-0438a74222b3ca6975483f6f"", ""pdf_pages_1based"": [101], ""printed_page_label"": ""101"", ""source_document_id"": ""src-eliquis-epar-product-information-de-030922bd0124"", ""source_file_name"": ""eliquis-epar-product-information_de.pdf"", ""source_native_item_number"": null, ""source_role"": ""smPC"", ""source_status"": ""current_at_snapshot"", ""source_version_id"": ""sv-030922bd0124b6db2d0b5261""}]","{""evidence_id"": ""ru-dc8ada4dca8f67ce2a0f1406"", ""pdf_pages_1based"": [44], ""printed_page_label"": ""42"", ""source_document_id"": ""src-003-001l-s3-prophylaxe-venoese-thromboembolie-vte-2026-04-f82c5686f6b7"", ""source_file_name"": ""003-001l_S3_Prophylaxe-venoese-Thromboembolie-VTE_2026-04.pdf"", ""source_native_item_number"": ""8.1"", ""source_role"": ""guideline"", ""source_status"": ""final"", ""source_version_id"": ""sv-f82c5686f6b71d42a7a43dcc""}","[""ru-00d9c52da65c56313a9ee010"", ""ru-02f39bfe4bf71ae8ebf162bd"", ""ru-0438a74222b3ca6975483f6f"", ""ru-dc8ada4dca8f67ce2a0f1406""]",True,True,active_validated,[]
smpc-guideline-bridge-1.0.0,bridge-6fb68d50bd9d44dac75b9ae5,cs-f61b3d4e90089c1b890c23cb,smPC_to_guideline,src-eliquis-epar-product-information-de-030922bd0124,sv-030922bd0124b6db2d0b5261,eliquis-epar-product-information_de.pdf,"Eliquis, INN-apixaban",Eliquis,"[""product-7285149d687c8d4ecf3e5a52"", ""product-85be05e7ce90116e957d6a69"", ""product-c0ed91695a98e9fea80a55e1"", ""product-d1ccf30287ef001ae3fa4254""]","[""Eliquis""]",substance-377df00b1c296114c6f14396,Apixaban,"[""Apixaban""]",Apixaban,ru-e4463db1ed2962cae783f602,src-003-001l-s3-prophylaxe-venoese-thromboembolie-vte-2026-04-f82c5686f6b7,"[""rec-a821448802fb4b09d6bd030d""]",[],,smpc_product_substance_to_guideline_mention,exact,1.0,"[{""evidence_id"": ""ru-00d9c52da65c56313a9ee010"", ""pdf_pages_1based"": [80], ""printed_page_label"": ""80"", ""source_document_id"": ""src-eliquis-epar-product-information-de-030922bd0124"", ""source_file_name"": ""eliquis-epar-product-information_de.pdf"", ""source_native_item_number"": null, ""source_role"": ""smPC"", ""source_status"": ""current_at_snapshot"", ""source_version_id"": ""sv-030922bd0124b6db2d0b5261""}, {""evidence_id"": ""ru-02f39bfe4bf71ae8ebf162bd"", ""pdf_pages_1based"": [8], ""printed_page_label"": ""8"", ""source_document_id"": ""src-eliquis-epar-product-information-de-030922bd0124"", ""source_file_name"": ""eliquis-epar-product-information_de.pdf"", ""source_native_item_number"": null, ""source_role"": ""smPC"", ""source_status"": ""current_at_snapshot"", ""source_version_id"": ""sv-030922bd0124b6db2d0b5261""}, {""evidence_id"": ""ru-0438a74222b3ca6975483f6f"", ""pdf_pages_1based"": [101], ""printed_page_label"": ""101"", ""source_document_id"": ""src-eliquis-epar-product-information-de-030922bd0124"", ""source_file_name"": ""eliquis-epar-product-information_de.pdf"", ""source_native_item_number"": null, ""source_role"": ""smPC"", ""source_status"": ""current_at_snapshot"", ""source_version_id"": ""sv-030922bd0124b6db2d0b5261""}]","{""evidence_id"": ""ru-e4463db1ed2962cae783f602"", ""pdf_pages_1based"": [143, 144], ""printed_page_label"": ""141-142"", ""source_document_id"": ""src-003-001l-s3-prophylaxe-venoese-thromboembolie-vte-2026-04-f82c5686f6b7"", ""source_file_name"": ""003-001l_S3_Prophylaxe-venoese-Thromboembolie-VTE_2026-04.pdf"", ""source_native_item_number"": null, ""source_role"": ""guideline"", ""source_status"": ""final"", ""source_version_id"": ""sv-f82c5686f6b71d42a7a43dcc""}","[""ru-00d9c52da65c56313a9ee010"", ""ru-02f39bfe4bf71ae8ebf162bd"", ""ru-0438a74222b3ca6975483f6f"", ""ru-e4463db1ed2962cae783f602""]",True,True,active_validated,[]
smpc-guideline-bridge-1.0.0,bridge-1b793b2bb72aec70b96c6b68,cs-f61b3d4e90089c1b890c23cb,smPC_to_guideline,src-eliquis-epar-product-information-de-030922bd0124,sv-030922bd0124b6db2d0b5261,eliquis-epar-product-information_de.pdf,"Eliquis, INN-apixaban",Eliquis,"[""product-7285149d687c8d4ecf3e5a52"", ""product-85be05e7ce90116e957d6a69"", ""product-c0ed91695a98e9fea80a55e1"", ""product-d1ccf30287ef001ae3fa4254""]","[""Eliquis""]",substance-377df00b1c296114c6f14396,Apixaban,"[""Apixaban""]",Apixaban,ru-e797038dbdb2ef417ee5ef9a,src-003-001l-s3-prophylaxe-venoese-thromboembolie-vte-2026-04-f82c5686f6b7,"[""rec-e4bc243db4e859cde7e32598""]",[],,smpc_product_substance_to_guideline_mention,exact,1.0,"[{""evidence_id"": ""ru-00d9c52da65c56313a9ee010"", ""pdf_pages_1based"": [80], ""printed_page_label"": ""80"", ""source_document_id"": ""src-eliquis-epar-product-information-de-030922bd0124"", ""source_file_name"": ""eliquis-epar-product-information_de.pdf"", ""source_native_item_number"": null, ""source_role"": ""smPC"", ""source_status"": ""current_at_snapshot"", ""source_version_id"": ""sv-030922bd0124b6db2d0b5261""}, {""evidence_id"": ""ru-02f39bfe4bf71ae8ebf162bd"", ""pdf_pages_1based"": [8], ""printed_page_label"": ""8"", ""source_document_id"": ""src-eliquis-epar-product-information-de-030922bd0124"", ""source_file_name"": ""eliquis-epar-product-information_de.pdf"", ""source_native_item_number"": null, ""source_role"": ""smPC"", ""source_status"": ""current_at_snapshot"", ""source_version_id"": ""sv-030922bd0124b6db2d0b5261""}, {""evidence_id"": ""ru-0438a74222b3ca6975483f6f"", ""pdf_pages_1based"": [101], ""printed_page_label"": ""101"", ""source_document_id"": ""src-eliquis-epar-product-information-de-030922bd0124"", ""source_file_name"": ""eliquis-epar-product-information_de.pdf"", ""source_native_item_number"": null, ""source_role"": ""smPC"", ""source_status"": ""current_at_snapshot"", ""source_version_id"": ""sv-030922bd0124b6db2d0b5261""}]","{""evidence_id"": ""ru-e797038dbdb2ef417ee5ef9a"", ""pdf_pages_1based"": [118], ""printed_page_label"": ""116"", ""source_document_id"": ""src-003-001l-s3-prophylaxe-venoese-thromboembolie-vte-2026-04-f82c5686f6b7"", ""source_file_name"": ""003-001l_S3_Prophylaxe-venoese-Thromboembolie-VTE_2026-04.pdf"", ""source_native_item_number"": null, ""source_role"": ""guideline"", ""source_status"": ""final"", ""source_version_id"": ""sv-f82c5686f6b71d42a7a43dcc""}","[""ru-00d9c52da65c56313a9ee010"", ""ru-02f39bfe4bf71ae8ebf162bd"", ""ru-0438a74222b3ca6975483f6f"", ""ru-e797038dbdb2ef417ee5ef9a""]",True,True,active_validated,[]
smpc-guideline-bridge-1.0.0,bridge-0d339807511bc3e897eca4e2,cs-f61b3d4e90089c1b890c23cb,smPC_to_guideline,src-eliquis-epar-product-information-de-030922bd0124,sv-030922bd0124b6db2d0b5261,eliquis-epar-product-information_de.pdf,"Eliquis, INN-apixaban",Eliquis,"[""product-7285149d687c8d4ecf3e5a52"", ""product-85be05e7ce90116e957d6a69"", ""product-c0ed91695a98e9fea80a55e1"", ""product-d1ccf30287ef001ae3fa4254""]","[""Eliquis""]",substance-377df00b1c296114c6f14396,Apixaban,"[""Apixaban""]",Apixaban,ru-eadfb7cbeaecd02b612e4357,src-003-001l-s3-prophylaxe-venoese-thromboembolie-vte-2026-04-f82c5686f6b7,"[""rec-3cf4e86c68865bc58d65f7d1""]",[],,smpc_product_substance_to_guideline_mention,exact,1.0,"[{""evidence_id"": ""ru-00d9c52da65c56313a9ee010"", ""pdf_pages_1based"": [80], ""printed_page_label"": ""80"", ""source_document_id"": ""src-eliquis-epar-product-information-de-030922bd0124"", ""source_file_name"": ""eliquis-epar-product-information_de.pdf"", ""source_native_item_number"": null, ""source_role"": ""smPC"", ""source_status"": ""current_at_snapshot"", ""source_version_id"": ""sv-030922bd0124b6db2d0b5261""}, {""evidence_id"": ""ru-02f39bfe4bf71ae8ebf162bd"", ""pdf_pages_1based"": [8], ""printed_page_label"": ""8"", ""source_document_id"": ""src-eliquis-epar-product-information-de-030922bd0124"", ""source_file_name"": ""eliquis-epar-product-information_de.pdf"", ""source_native_item_number"": null, ""source_role"": ""smPC"", ""source_status"": ""current_at_snapshot"", ""source_version_id"": ""sv-030922bd0124b6db2d0b5261""}, {""evidence_id"": ""ru-0438a74222b3ca6975483f6f"", ""pdf_pages_1based"": [101], ""printed_page_label"": ""101"", ""source_document_id"": ""src-eliquis-epar-product-information-de-030922bd0124"", ""source_file_name"": ""eliquis-epar-product-information_de.pdf"", ""source_native_item_number"": null, ""source_role"": ""smPC"", ""source_status"": ""current_at_snapshot"", ""source_version_id"": ""sv-030922bd0124b6db2d0b5261""}]","{""evidence_id"": ""ru-eadfb7cbeaecd02b612e4357"", ""pdf_pages_1based"": [275], ""printed_page_label"": ""273"", ""source_document_id"": ""src-003-001l-s3-prophylaxe-venoese-thromboembolie-vte-2026-04-f82c5686f6b7"", ""source_file_name"": ""003-001l_S3_Prophylaxe-venoese-Thromboembolie-VTE_2026-04.pdf"", ""source_native_item_number"": null, ""source_role"": ""guideline"", ""source_status"": ""final"", ""source_version_id"": ""sv-f82c5686f6b71d42a7a43dcc""}","[""ru-00d9c52da65c56313a9ee010"", ""ru-02f39bfe4bf71ae8ebf162bd"", ""ru-0438a74222b3ca6975483f6f"", ""ru-eadfb7cbeaecd02b612e4357""]",True,True,active_validated,[]
smpc-guideline-bridge-1.0.0,bridge-1893efcaec1471d6b98f729c,cs-f61b3d4e90089c1b890c23cb,smPC_to_guideline,src-eliquis-epar-product-information-de-030922bd0124,sv-030922bd0124b6db2d0b5261,eliquis-epar-product-information_de.pdf,"Eliquis, INN-apixaban",Eliquis,"[""product-7285149d687c8d4ecf3e5a52"", ""product-85be05e7ce90116e957d6a69"", ""product-c0ed91695a98e9fea80a55e1"", ""product-d1ccf30287ef001ae3fa4254""]","[""Eliquis""]",substance-377df00b1c296114c6f14396,Apixaban,"[""Apixaban""]",Apixaban,ru-ec4402d3609f6f5e30fe1c5a,src-003-001l-s3-prophylaxe-venoese-thromboembolie-vte-2026-04-f82c5686f6b7,"[""rec-90c53889648bf9ca3b38330e""]",[],,smpc_product_substance_to_guideline_mention,exact,1.0,"[{""evidence_id"": ""ru-00d9c52da65c56313a9ee010"", ""pdf_pages_1based"": [80], ""printed_page_label"": ""80"", ""source_document_id"": ""src-eliquis-epar-product-information-de-030922bd0124"", ""source_file_name"": ""eliquis-epar-product-information_de.pdf"", ""source_native_item_number"": null, ""source_role"": ""smPC"", ""source_status"": ""current_at_snapshot"", ""source_version_id"": ""sv-030922bd0124b6db2d0b5261""}, {""evidence_id"": ""ru-02f39bfe4bf71ae8ebf162bd"", ""pdf_pages_1based"": [8], ""printed_page_label"": ""8"", ""source_document_id"": ""src-eliquis-epar-product-information-de-030922bd0124"", ""source_file_name"": ""eliquis-epar-product-information_de.pdf"", ""source_native_item_number"": null, ""source_role"": ""smPC"", ""source_status"": ""current_at_snapshot"", ""source_version_id"": ""sv-030922bd0124b6db2d0b5261""}, {""evidence_id"": ""ru-0438a74222b3ca6975483f6f"", ""pdf_pages_1based"": [101], ""printed_page_label"": ""101"", ""source_document_id"": ""src-eliquis-epar-product-information-de-030922bd0124"", ""source_file_name"": ""eliquis-epar-product-information_de.pdf"", ""source_native_item_number"": null, ""source_role"": ""smPC"", ""source_status"": ""current_at_snapshot"", ""source_version_id"": ""sv-030922bd0124b6db2d0b5261""}]","{""evidence_id"": ""ru-ec4402d3609f6f5e30fe1c5a"", ""pdf_pages_1based"": [269], ""printed_page_label"": ""267"", ""source_document_id"": ""src-003-001l-s3-prophylaxe-venoese-thromboembolie-vte-2026-04-f82c5686f6b7"", ""source_file_name"": ""003-001l_S3_Prophylaxe-venoese-Thromboembolie-VTE_2026-04.pdf"", ""source_native_item_number"": null, ""source_role"": ""guideline"", ""source_status"": ""final"", ""source_version_id"": ""sv-f82c5686f6b71d42a7a43dcc""}","[""ru-00d9c52da65c56313a9ee010"", ""ru-02f39bfe4bf71ae8ebf162bd"", ""ru-0438a74222b3ca6975483f6f"", ""ru-ec4402d3609f6f5e30fe1c5a""]",True,True,active_validated,[]
smpc-guideline-bridge-1.0.0,bridge-7c0052efef29d358fd98d602,cs-f61b3d4e90089c1b890c23cb,smPC_to_guideline,src-eliquis-epar-product-information-de-030922bd0124,sv-030922bd0124b6db2d0b5261,eliquis-epar-product-information_de.pdf,"Eliquis, INN-apixaban",Eliquis,"[""product-7285149d687c8d4ecf3e5a52"", ""product-85be05e7ce90116e957d6a69"", ""product-c0ed91695a98e9fea80a55e1"", ""product-d1ccf30287ef001ae3fa4254""]","[""Eliquis""]",substance-377df00b1c296114c6f14396,Apixaban,"[""Apixaban""]",Apixaban,ru-f1e6a27f123f735e25ca37c4,src-003-001l-s3-prophylaxe-venoese-thromboembolie-vte-2026-04-f82c5686f6b7,"[""rec-db144dbe91746dc2f3f2cd8c""]",[],,smpc_product_substance_to_guideline_mention,exact,1.0,"[{""evidence_id"": ""ru-00d9c52da65c56313a9ee010"", ""pdf_pages_1based"": [80], ""printed_page_label"": ""80"", ""source_document_id"": ""src-eliquis-epar-product-information-de-030922bd0124"", ""source_file_name"": ""eliquis-epar-product-information_de.pdf"", ""source_native_item_number"": null, ""source_role"": ""smPC"", ""source_status"": ""current_at_snapshot"", ""source_version_id"": ""sv-030922bd0124b6db2d0b5261""}, {""evidence_id"": ""ru-02f39bfe4bf71ae8ebf162bd"", ""pdf_pages_1based"": [8], ""printed_page_label"": ""8"", ""source_document_id"": ""src-eliquis-epar-product-information-de-030922bd0124"", ""source_file_name"": ""eliquis-epar-product-information_de.pdf"", ""source_native_item_number"": null, ""source_role"": ""smPC"", ""source_status"": ""current_at_snapshot"", ""source_version_id"": ""sv-030922bd0124b6db2d0b5261""}, {""evidence_id"": ""ru-0438a74222b3ca6975483f6f"", ""pdf_pages_1based"": [101], ""printed_page_label"": ""101"", ""source_document_id"": ""src-eliquis-epar-product-information-de-030922bd0124"", ""source_file_name"": ""eliquis-epar-product-information_de.pdf"", ""source_native_item_number"": null, ""source_role"": ""smPC"", ""source_status"": ""current_at_snapshot"", ""source_version_id"": ""sv-030922bd0124b6db2d0b5261""}]","{""evidence_id"": ""ru-f1e6a27f123f735e25ca37c4"", ""pdf_pages_1based"": [86, 87], ""printed_page_label"": ""84-85"", ""source_document_id"": ""src-003-001l-s3-prophylaxe-venoese-thromboembolie-vte-2026-04-f82c5686f6b7"", ""source_file_name"": ""003-001l_S3_Prophylaxe-venoese-Thromboembolie-VTE_2026-04.pdf"", ""source_native_item_number"": null, ""source_role"": ""guideline"", ""source_status"": ""final"", ""source_version_id"": ""sv-f82c5686f6b71d42a7a43dcc""}","[""ru-00d9c52da65c56313a9ee010"", ""ru-02f39bfe4bf71ae8ebf162bd"", ""ru-0438a74222b3ca6975483f6f"", ""ru-f1e6a27f123f735e25ca37c4""]",True,True,active_validated,[]
smpc-guideline-bridge-1.0.0,bridge-8ca1102516fe282d01bbbcc6,cs-f61b3d4e90089c1b890c23cb,smPC_to_guideline,src-enhertu-epar-product-information-de-2aebd083c6f9,sv-2aebd083c6f91390cfa4e6bd,enhertu-epar-product-information_de.pdf,"Enhertu, INN-trastuzumab deruxtecan",Enhertu,"[""product-30299bd6eaca56009f437e67"", ""product-95add0ab3c5c3b50197b664e""]","[""Enhertu""]",substance-f6e76a9cfab61e165607d1ab,Trastuzumab deruxtecan,"[""Trastuzumab deruxtecan""]",Trastuzumab deruxtecan,ru-9020622ed6db3bad8a83f4c3,src-s3-ll-hcc-und-bcc-konsultationsfassung-langversion-6-01-1-c1996068a815,"[""rec-7a8ef64b3398f0ba5b89565e""]",[],,smpc_product_substance_to_guideline_mention,exact,1.0,"[{""evidence_id"": ""ru-036f8bb60129a124fd259bf8"", ""pdf_pages_1based"": [4], ""printed_page_label"": ""4"", ""source_document_id"": ""src-enhertu-epar-product-information-de-2aebd083c6f9"", ""source_file_name"": ""enhertu-epar-product-information_de.pdf"", ""source_native_item_number"": null, ""source_role"": ""smPC"", ""source_status"": ""current_at_snapshot"", ""source_version_id"": ""sv-2aebd083c6f91390cfa4e6bd""}, {""evidence_id"": ""ru-0bfb5175d165285f27274226"", ""pdf_pages_1based"": [24], ""printed_page_label"": ""24"", ""source_document_id"": ""src-enhertu-epar-product-information-de-2aebd083c6f9"", ""source_file_name"": ""enhertu-epar-product-information_de.pdf"", ""source_native_item_number"": null, ""source_role"": ""smPC"", ""source_status"": ""current_at_snapshot"", ""source_version_id"": ""sv-2aebd083c6f91390cfa4e6bd""}, {""evidence_id"": ""ru-0c1649809069efd0c4ff50e6"", ""pdf_pages_1based"": [34, 35], ""printed_page_label"": ""34"", ""source_document_id"": ""src-enhertu-epar-product-information-de-2aebd083c6f9"", ""source_file_name"": ""enhertu-epar-product-information_de.pdf"", ""source_native_item_number"": null, ""source_role"": ""smPC"", ""source_status"": ""current_at_snapshot"", ""source_version_id"": ""sv-2aebd083c6f91390cfa4e6bd""}]","{""evidence_id"": ""ru-9020622ed6db3bad8a83f4c3"", ""pdf_pages_1based"": [169], ""printed_page_label"": ""169"", ""source_document_id"": ""src-s3-ll-hcc-und-bcc-konsultationsfassung-langversion-6-01-1-c1996068a815"", ""source_file_name"": ""S3_LL_HCC_und_BCC_Konsultationsfassung_Langversion_6.01 (1).pdf"", ""source_native_item_number"": null, ""source_role"": ""guideline"", ""source_status"": ""consultation_draft"", ""source_version_id"": ""sv-c1996068a81551f2fd14a9f4""}","[""ru-036f8bb60129a124fd259bf8"", ""ru-0bfb5175d165285f27274226"", ""ru-0c1649809069efd0c4ff50e6"", ""ru-9020622ed6db3bad8a83f4c3""]",True,True,active_source_status_review,"[""guideline_source_not_final""]"
smpc-guideline-bridge-1.0.0,bridge-19d1656015946944b64f54c2,cs-f61b3d4e90089c1b890c23cb,smPC_to_guideline,src-keytruda-epar-product-information-de-9ad38681767f,sv-9ad38681767fde22dd61e81f,keytruda-epar-product-information_de.pdf,"Keytruda, INN-pembrolizumab",KEYTRUDA,"[""product-2f76e0adce70e4abb5a66f9a"", ""product-48d190ea8a22ba63db40097f"", ""product-c5e6296dd0cc35b14392fc5b"", ""product-dd9963ee1ac52e7dd21cc7ff""]","[""KEYTRUDA"", ""Pembrolizumab""]",substance-ccd6cfd1db9dac2bda07482d,Berahyaluronidase alfa,"[""Berahyaluronidase alfa""]",,,,[],[],,smpc_product_substance_to_guideline_mention,,0.0,"[{""evidence_id"": ""ru-1caad537ea1f3f69aad0c127"", ""pdf_pages_1based"": [201], ""printed_page_label"": ""201"", ""source_document_id"": ""src-keytruda-epar-product-information-de-9ad38681767f"", ""source_file_name"": ""keytruda-epar-product-information_de.pdf"", ""source_native_item_number"": null, ""source_role"": ""smPC"", ""source_status"": ""current_at_snapshot"", ""source_version_id"": ""sv-9ad38681767fde22dd61e81f""}, {""evidence_id"": ""ru-9420aab708481132704f0128"", ""pdf_pages_1based"": [201], ""printed_page_label"": ""201"", ""source_document_id"": ""src-keytruda-epar-product-information-de-9ad38681767f"", ""source_file_name"": ""keytruda-epar-product-information_de.pdf"", ""source_native_item_number"": null, ""source_role"": ""smPC"", ""source_status"": ""current_at_snapshot"", ""source_version_id"": ""sv-9ad38681767fde22dd61e81f""}, {""evidence_id"": ""ru-b9b935ff40d78db54b2feda9"", ""pdf_pages_1based"": [345], ""printed_page_label"": ""345"", ""source_document_id"": ""src-keytruda-epar-product-information-de-9ad38681767f"", ""source_file_name"": ""keytruda-epar-product-information_de.pdf"", ""source_native_item_number"": null, ""source_role"": ""smPC"", ""source_status"": ""current_at_snapshot"", ""source_version_id"": ""sv-9ad38681767fde22dd61e81f""}]",,"[""ru-1caad537ea1f3f69aad0c127"", ""ru-9420aab708481132704f0128"", ""ru-b9b935ff40d78db54b2feda9""]",False,False,unmatched_no_error,"[""no_eligible_guideline_mention""]"
smpc-guideline-bridge-1.0.0,bridge-02c0e54360b75e6972efb412,cs-f61b3d4e90089c1b890c23cb,smPC_to_guideline,src-keytruda-epar-product-information-de-9ad38681767f,sv-9ad38681767fde22dd61e81f,keytruda-epar-product-information_de.pdf,"Keytruda, INN-pembrolizumab",KEYTRUDA,"[""product-2f76e0adce70e4abb5a66f9a"", ""product-48d190ea8a22ba63db40097f"", ""product-c5e6296dd0cc35b14392fc5b"", ""product-dd9963ee1ac52e7dd21cc7ff""]","[""KEYTRUDA"", ""Pembrolizumab""]",substance-c612091ae8c36aec3cd0492a,Pembrolizumab,"[""Pembrolizumab""]",Pembrolizumab,ru-0bde8c6cb66816445b79f2ad,src-s3-ll-hcc-und-bcc-konsultationsfassung-langversion-6-01-1-c1996068a815,"[""rec-03f9ef8c5c8193e3c3c53819""]","[""formal-7c5a4566400ef7e46e734c24""]",3.77,smpc_product_substance_to_guideline_mention,exact,1.0,"[{""evidence_id"": ""ru-0039d15263322ea0a55e240d"", ""pdf_pages_1based"": [49], ""printed_page_label"": ""49"", ""source_document_id"": ""src-keytruda-epar-product-information-de-9ad38681767f"", ""source_file_name"": ""keytruda-epar-product-information_de.pdf"", ""source_native_item_number"": null, ""source_role"": ""smPC"", ""source_status"": ""current_at_snapshot"", ""source_version_id"": ""sv-9ad38681767fde22dd61e81f""}, {""evidence_id"": ""ru-006a5db111e6027aab71b236"", ""pdf_pages_1based"": [180], ""printed_page_label"": ""180"", ""source_document_id"": ""src-keytruda-epar-product-information-de-9ad38681767f"", ""source_file_name"": ""keytruda-epar-product-information_de.pdf"", ""source_native_item_number"": null, ""source_role"": ""smPC"", ""source_status"": ""current_at_snapshot"", ""source_version_id"": ""sv-9ad38681767fde22dd61e81f""}, {""evidence_id"": ""ru-006c9dff4d27d6704351fccb"", ""pdf_pages_1based"": [13], ""printed_page_label"": ""13"", ""source_document_id"": ""src-keytruda-epar-product-information-de-9ad38681767f"", ""source_file_name"": ""keytruda-epar-product-information_de.pdf"", ""source_native_item_number"": null, ""source_role"": ""smPC"", ""source_status"": ""current_at_snapshot"", ""source_version_id"": ""sv-9ad38681767fde22dd61e81f""}]","{""evidence_id"": ""ru-0bde8c6cb66816445b79f2ad"", ""pdf_pages_1based"": [111], ""printed_page_label"": ""111"", ""source_document_id"": ""src-s3-ll-hcc-und-bcc-konsultationsfassung-langversion-6-01-1-c1996068a815"", ""source_file_name"": ""S3_LL_HCC_und_BCC_Konsultationsfassung_Langversion_6.01 (1).pdf"", ""source_native_item_number"": ""3.77"", ""source_role"": ""guideline"", ""source_status"": ""consultation_draft"", ""source_version_id"": ""sv-c1996068a81551f2fd14a9f4""}","[""ru-0039d15263322ea0a55e240d"", ""ru-006a5db111e6027aab71b236"", ""ru-006c9dff4d27d6704351fccb"", ""ru-0bde8c6cb66816445b79f2ad""]",True,True,active_source_status_review,"[""guideline_source_not_final""]"
smpc-guideline-bridge-1.0.0,bridge-d10c0d9e740dd00f408723fe,cs-f61b3d4e90089c1b890c23cb,smPC_to_guideline,src-keytruda-epar-product-information-de-9ad38681767f,sv-9ad38681767fde22dd61e81f,keytruda-epar-product-information_de.pdf,"Keytruda, INN-pembrolizumab",KEYTRUDA,"[""product-2f76e0adce70e4abb5a66f9a"", ""product-48d190ea8a22ba63db40097f"", ""product-c5e6296dd0cc35b14392fc5b"", ""product-dd9963ee1ac52e7dd21cc7ff""]","[""KEYTRUDA"", ""Pembrolizumab""]",substance-c612091ae8c36aec3cd0492a,Pembrolizumab,"[""Pembrolizumab""]",Pembrolizumab,ru-0cd8f2bfda4e8932d7b6bce4,src-032-010oll-exokrines-pankreaskarzinom-2025-06-44df7e615f31,"[""rec-16ff2f6b85fc09143a062ba1""]",[],,smpc_product_substance_to_guideline_mention,exact,1.0,"[{""evidence_id"": ""ru-0039d15263322ea0a55e240d"", ""pdf_pages_1based"": [49], ""printed_page_label"": ""49"", ""source_document_id"": ""src-keytruda-epar-product-information-de-9ad38681767f"", ""source_file_name"": ""keytruda-epar-product-information_de.pdf"", ""source_native_item_number"": null, ""source_role"": ""smPC"", ""source_status"": ""current_at_snapshot"", ""source_version_id"": ""sv-9ad38681767fde22dd61e81f""}, {""evidence_id"": ""ru-006a5db111e6027aab71b236"", ""pdf_pages_1based"": [180], ""printed_page_label"": ""180"", ""source_document_id"": ""src-keytruda-epar-product-information-de-9ad38681767f"", ""source_file_name"": ""keytruda-epar-product-information_de.pdf"", ""source_native_item_number"": null, ""source_role"": ""smPC"", ""source_status"": ""current_at_snapshot"", ""source_version_id"": ""sv-9ad38681767fde22dd61e81f""}, {""evidence_id"": ""ru-006c9dff4d27d6704351fccb"", ""pdf_pages_1based"": [13], ""printed_page_label"": ""13"", ""source_document_id"": ""src-keytruda-epar-product-information-de-9ad38681767f"", ""source_file_name"": ""keytruda-epar-product-information_de.pdf"", ""source_native_item_number"": null, ""source_role"": ""smPC"", ""source_status"": ""current_at_snapshot"", ""source_version_id"": ""sv-9ad38681767fde22dd61e81f""}]","{""evidence_id"": ""ru-0cd8f2bfda4e8932d7b6bce4"", ""pdf_pages_1based"": [176, 177], ""printed_page_label"": ""176"", ""source_document_id"": ""src-032-010oll-exokrines-pankreaskarzinom-2025-06-44df7e615f31"", ""source_file_name"": ""032-010OLl_Exokrines-Pankreaskarzinom_2025-06.pdf"", ""source_native_item_number"": null, ""source_role"": ""guideline"", ""source_status"": ""final"", ""source_version_id"": ""sv-44df7e615f31f73867061691""}","[""ru-0039d15263322ea0a55e240d"", ""ru-006a5db111e6027aab71b236"", ""ru-006c9dff4d27d6704351fccb"", ""ru-0cd8f2bfda4e8932d7b6bce4""]",True,True,active_validated,[]
smpc-guideline-bridge-1.0.0,bridge-efaa962908d0a133802bb5dd,cs-f61b3d4e90089c1b890c23cb,smPC_to_guideline,src-keytruda-epar-product-information-de-9ad38681767f,sv-9ad38681767fde22dd61e81f,keytruda-epar-product-information_de.pdf,"Keytruda, INN-pembrolizumab",KEYTRUDA,"[""product-2f76e0adce70e4abb5a66f9a"", ""product-48d190ea8a22ba63db40097f"", ""product-c5e6296dd0cc35b14392fc5b"", ""product-dd9963ee1ac52e7dd21cc7ff""]","[""KEYTRUDA"", ""Pembrolizumab""]",substance-c612091ae8c36aec3cd0492a,Pembrolizumab,"[""Pembrolizumab""]",Pembrolizumab,ru-199655e81a5ff49cf00432f5,src-s3-ll-hcc-und-bcc-konsultationsfassung-langversion-6-01-1-c1996068a815,"[""rec-24a0fd553074a09613b8f73f""]",[],,smpc_product_substance_to_guideline_mention,exact,1.0,"[{""evidence_id"": ""ru-0039d15263322ea0a55e240d"", ""pdf_pages_1based"": [49], ""printed_page_label"": ""49"", ""source_document_id"": ""src-keytruda-epar-product-information-de-9ad38681767f"", ""source_file_name"": ""keytruda-epar-product-information_de.pdf"", ""source_native_item_number"": null, ""source_role"": ""smPC"", ""source_status"": ""current_at_snapshot"", ""source_version_id"": ""sv-9ad38681767fde22dd61e81f""}, {""evidence_id"": ""ru-006a5db111e6027aab71b236"", ""pdf_pages_1based"": [180], ""printed_page_label"": ""180"", ""source_document_id"": ""src-keytruda-epar-product-information-de-9ad38681767f"", ""source_file_name"": ""keytruda-epar-product-information_de.pdf"", ""source_native_item_number"": null, ""source_role"": ""smPC"", ""source_status"": ""current_at_snapshot"", ""source_version_id"": ""sv-9ad38681767fde22dd61e81f""}, {""evidence_id"": ""ru-006c9dff4d27d6704351fccb"", ""pdf_pages_1based"": [13], ""printed_page_label"": ""13"", ""source_document_id"": ""src-keytruda-epar-product-information-de-9ad38681767f"", ""source_file_name"": ""keytruda-epar-product-information_de.pdf"", ""source_native_item_number"": null, ""source_role"": ""smPC"", ""source_status"": ""current_at_snapshot"", ""source_version_id"": ""sv-9ad38681767fde22dd61e81f""}]","{""evidence_id"": ""ru-199655e81a5ff49cf00432f5"", ""pdf_pages_1based"": [104], ""printed_page_label"": ""104"", ""source_document_id"": ""src-s3-ll-hcc-und-bcc-konsultationsfassung-langversion-6-01-1-c1996068a815"", ""source_file_name"": ""S3_LL_HCC_und_BCC_Konsultationsfassung_Langversion_6.01 (1).pdf"", ""source_native_item_number"": null, ""source_role"": ""guideline"", ""source_status"": ""consultation_draft"", ""source_version_id"": ""sv-c1996068a81551f2fd14a9f4""}","[""ru-0039d15263322ea0a55e240d"", ""ru-006a5db111e6027aab71b236"", ""ru-006c9dff4d27d6704351fccb"", ""ru-199655e81a5ff49cf00432f5""]",True,True,active_source_status_review,"[""guideline_source_not_final""]"
smpc-guideline-bridge-1.0.0,bridge-a6bbf2e14c5172ad5ec0c235,cs-f61b3d4e90089c1b890c23cb,smPC_to_guideline,src-keytruda-epar-product-information-de-9ad38681767f,sv-9ad38681767fde22dd61e81f,keytruda-epar-product-information_de.pdf,"Keytruda, INN-pembrolizumab",KEYTRUDA,"[""product-2f76e0adce70e4abb5a66f9a"", ""product-48d190ea8a22ba63db40097f"", ""product-c5e6296dd0cc35b14392fc5b"", ""product-dd9963ee1ac52e7dd21cc7ff""]","[""KEYTRUDA"", ""Pembrolizumab""]",substance-c612091ae8c36aec3cd0492a,Pembrolizumab,"[""Pembrolizumab""]",Pembrolizumab,ru-1f1714f3dd38f7edf3978f33,src-s3-ll-hcc-und-bcc-konsultationsfassung-langversion-6-01-1-c1996068a815,"[""rec-c4e9d42e94f70a9145800e5b""]",[],,smpc_product_substance_to_guideline_mention,exact,1.0,"[{""evidence_id"": ""ru-0039d15263322ea0a55e240d"", ""pdf_pages_1based"": [49], ""printed_page_label"": ""49"", ""source_document_id"": ""src-keytruda-epar-product-information-de-9ad38681767f"", ""source_file_name"": ""keytruda-epar-product-information_de.pdf"", ""source_native_item_number"": null, ""source_role"": ""smPC"", ""source_status"": ""current_at_snapshot"", ""source_version_id"": ""sv-9ad38681767fde22dd61e81f""}, {""evidence_id"": ""ru-006a5db111e6027aab71b236"", ""pdf_pages_1based"": [180], ""printed_page_label"": ""180"", ""source_document_id"": ""src-keytruda-epar-product-information-de-9ad38681767f"", ""source_file_name"": ""keytruda-epar-product-information_de.pdf"", ""source_native_item_number"": null, ""source_role"": ""smPC"", ""source_status"": ""current_at_snapshot"", ""source_version_id"": ""sv-9ad38681767fde22dd61e81f""}, {""evidence_id"": ""ru-006c9dff4d27d6704351fccb"", ""pdf_pages_1based"": [13], ""printed_page_label"": ""13"", ""source_document_id"": ""src-keytruda-epar-product-information-de-9ad38681767f"", ""source_file_name"": ""keytruda-epar-product-information_de.pdf"", ""source_native_item_number"": null, ""source_role"": ""smPC"", ""source_status"": ""current_at_snapshot"", ""source_version_id"": ""sv-9ad38681767fde22dd61e81f""}]","{""evidence_id"": ""ru-1f1714f3dd38f7edf3978f33"", ""pdf_pages_1based"": [117, 118], ""printed_page_label"": ""117"", ""source_document_id"": ""src-s3-ll-hcc-und-bcc-konsultationsfassung-langversion-6-01-1-c1996068a815"", ""source_file_name"": ""S3_LL_HCC_und_BCC_Konsultationsfassung_Langversion_6.01 (1).pdf"", ""source_native_item_number"": null, ""source_role"": ""guideline"", ""source_status"": ""consultation_draft"", ""source_version_id"": ""sv-c1996068a81551f2fd14a9f4""}","[""ru-0039d15263322ea0a55e240d"", ""ru-006a5db111e6027aab71b236"", ""ru-006c9dff4d27d6704351fccb"", ""ru-1f1714f3dd38f7edf3978f33""]",True,True,active_source_status_review,"[""guideline_source_not_final""]"
smpc-guideline-bridge-1.0.0,bridge-2c9a444e09c6774ff0d743b7,cs-f61b3d4e90089c1b890c23cb,smPC_to_guideline,src-keytruda-epar-product-information-de-9ad38681767f,sv-9ad38681767fde22dd61e81f,keytruda-epar-product-information_de.pdf,"Keytruda, INN-pembrolizumab",KEYTRUDA,"[""product-2f76e0adce70e4abb5a66f9a"", ""product-48d190ea8a22ba63db40097f"", ""product-c5e6296dd0cc35b14392fc5b"", ""product-dd9963ee1ac52e7dd21cc7ff""]","[""KEYTRUDA"", ""Pembrolizumab""]",substance-c612091ae8c36aec3cd0492a,Pembrolizumab,"[""Pembrolizumab""]",Pembrolizumab,ru-2194703ce2f8e959689f46a4,src-s3-ll-hcc-und-bcc-konsultationsfassung-langversion-6-01-1-c1996068a815,"[""rec-2e8d34f3521357d112e8107d""]",[],,smpc_product_substance_to_guideline_mention,exact,1.0,"[{""evidence_id"": ""ru-0039d15263322ea0a55e240d"", ""pdf_pages_1based"": [49], ""printed_page_label"": ""49"", ""source_document_id"": ""src-keytruda-epar-product-information-de-9ad38681767f"", ""source_file_name"": ""keytruda-epar-product-information_de.pdf"", ""source_native_item_number"": null, ""source_role"": ""smPC"", ""source_status"": ""current_at_snapshot"", ""source_version_id"": ""sv-9ad38681767fde22dd61e81f""}, {""evidence_id"": ""ru-006a5db111e6027aab71b236"", ""pdf_pages_1based"": [180], ""printed_page_label"": ""180"", ""source_document_id"": ""src-keytruda-epar-product-information-de-9ad38681767f"", ""source_file_name"": ""keytruda-epar-product-information_de.pdf"", ""source_native_item_number"": null, ""source_role"": ""smPC"", ""source_status"": ""current_at_snapshot"", ""source_version_id"": ""sv-9ad38681767fde22dd61e81f""}, {""evidence_id"": ""ru-006c9dff4d27d6704351fccb"", ""pdf_pages_1based"": [13], ""printed_page_label"": ""13"", ""source_document_id"": ""src-keytruda-epar-product-information-de-9ad38681767f"", ""source_file_name"": ""keytruda-epar-product-information_de.pdf"", ""source_native_item_number"": null, ""source_role"": ""smPC"", ""source_status"": ""current_at_snapshot"", ""source_version_id"": ""sv-9ad38681767fde22dd61e81f""}]","{""evidence_id"": ""ru-2194703ce2f8e959689f46a4"", ""pdf_pages_1based"": [168], ""printed_page_label"": ""168"", ""source_document_id"": ""src-s3-ll-hcc-und-bcc-konsultationsfassung-langversion-6-01-1-c1996068a815"", ""source_file_name"": ""S3_LL_HCC_und_BCC_Konsultationsfassung_Langversion_6.01 (1).pdf"", ""source_native_item_number"": null, ""source_role"": ""guideline"", ""source_status"": ""consultation_draft"", ""source_version_id"": ""sv-c1996068a81551f2fd14a9f4""}","[""ru-0039d15263322ea0a55e240d"", ""ru-006a5db111e6027aab71b236"", ""ru-006c9dff4d27d6704351fccb"", ""ru-2194703ce2f8e959689f46a4""]",True,True,active_source_status_review,"[""guideline_source_not_final""]"
smpc-guideline-bridge-1.0.0,bridge-935312a201bdcee47859d4af,cs-f61b3d4e90089c1b890c23cb,smPC_to_guideline,src-keytruda-epar-product-information-de-9ad38681767f,sv-9ad38681767fde22dd61e81f,keytruda-epar-product-information_de.pdf,"Keytruda, INN-pembrolizumab",KEYTRUDA,"[""product-2f76e0adce70e4abb5a66f9a"", ""product-48d190ea8a22ba63db40097f"", ""product-c5e6296dd0cc35b14392fc5b"", ""product-dd9963ee1ac52e7dd21cc7ff""]","[""KEYTRUDA"", ""Pembrolizumab""]",substance-c612091ae8c36aec3cd0492a,Pembrolizumab,"[""Pembrolizumab""]",Pembrolizumab,ru-4411816ab64c83bb1695a0c8,src-s3-ll-hcc-und-bcc-konsultationsfassung-langversion-6-01-1-c1996068a815,"[""rec-11135a87d209ae2bdca80a1f""]",[],,smpc_product_substance_to_guideline_mention,exact,1.0,"[{""evidence_id"": ""ru-0039d15263322ea0a55e240d"", ""pdf_pages_1based"": [49], ""printed_page_label"": ""49"", ""source_document_id"": ""src-keytruda-epar-product-information-de-9ad38681767f"", ""source_file_name"": ""keytruda-epar-product-information_de.pdf"", ""source_native_item_number"": null, ""source_role"": ""smPC"", ""source_status"": ""current_at_snapshot"", ""source_version_id"": ""sv-9ad38681767fde22dd61e81f""}, {""evidence_id"": ""ru-006a5db111e6027aab71b236"", ""pdf_pages_1based"": [180], ""printed_page_label"": ""180"", ""source_document_id"": ""src-keytruda-epar-product-information-de-9ad38681767f"", ""source_file_name"": ""keytruda-epar-product-information_de.pdf"", ""source_native_item_number"": null, ""source_role"": ""smPC"", ""source_status"": ""current_at_snapshot"", ""source_version_id"": ""sv-9ad38681767fde22dd61e81f""}, {""evidence_id"": ""ru-006c9dff4d27d6704351fccb"", ""pdf_pages_1based"": [13], ""printed_page_label"": ""13"", ""source_document_id"": ""src-keytruda-epar-product-information-de-9ad38681767f"", ""source_file_name"": ""keytruda-epar-product-information_de.pdf"", ""source_native_item_number"": null, ""source_role"": ""smPC"", ""source_status"": ""current_at_snapshot"", ""source_version_id"": ""sv-9ad38681767fde22dd61e81f""}]","{""evidence_id"": ""ru-4411816ab64c83bb1695a0c8"", ""pdf_pages_1based"": [111], ""printed_page_label"": ""111"", ""source_document_id"": ""src-s3-ll-hcc-und-bcc-konsultationsfassung-langversion-6-01-1-c1996068a815"", ""source_file_name"": ""S3_LL_HCC_und_BCC_Konsultationsfassung_Langversion_6.01 (1).pdf"", ""source_native_item_number"": null, ""source_role"": ""guideline"", ""source_status"": ""consultation_draft"", ""source_version_id"": ""sv-c1996068a81551f2fd14a9f4""}","[""ru-0039d15263322ea0a55e240d"", ""ru-006a5db111e6027aab71b236"", ""ru-006c9dff4d27d6704351fccb"", ""ru-4411816ab64c83bb1695a0c8""]",True,True,active_source_status_review,"[""guideline_source_not_final""]"
smpc-guideline-bridge-1.0.0,bridge-e8a501950a78293b3327ff27,cs-f61b3d4e90089c1b890c23cb,smPC_to_guideline,src-keytruda-epar-product-information-de-9ad38681767f,sv-9ad38681767fde22dd61e81f,keytruda-epar-product-information_de.pdf,"Keytruda, INN-pembrolizumab",KEYTRUDA,"[""product-2f76e0adce70e4abb5a66f9a"", ""product-48d190ea8a22ba63db40097f"", ""product-c5e6296dd0cc35b14392fc5b"", ""product-dd9963ee1ac52e7dd21cc7ff""]","[""KEYTRUDA"", ""Pembrolizumab""]",substance-c612091ae8c36aec3cd0492a,Pembrolizumab,"[""Pembrolizumab""]",Pembrolizumab,ru-4b7a269ffc689f4e8a9c2148,src-s3-ll-hcc-und-bcc-konsultationsfassung-langversion-6-01-1-c1996068a815,"[""rec-e08836a0b04885853567a1f5""]","[""formal-d8d140c330824ab5736b5060""]",4.46,smpc_product_substance_to_guideline_mention,exact,1.0,"[{""evidence_id"": ""ru-0039d15263322ea0a55e240d"", ""pdf_pages_1based"": [49], ""printed_page_label"": ""49"", ""source_document_id"": ""src-keytruda-epar-product-information-de-9ad38681767f"", ""source_file_name"": ""keytruda-epar-product-information_de.pdf"", ""source_native_item_number"": null, ""source_role"": ""smPC"", ""source_status"": ""current_at_snapshot"", ""source_version_id"": ""sv-9ad38681767fde22dd61e81f""}, {""evidence_id"": ""ru-006a5db111e6027aab71b236"", ""pdf_pages_1based"": [180], ""printed_page_label"": ""180"", ""source_document_id"": ""src-keytruda-epar-product-information-de-9ad38681767f"", ""source_file_name"": ""keytruda-epar-product-information_de.pdf"", ""source_native_item_number"": null, ""source_role"": ""smPC"", ""source_status"": ""current_at_snapshot"", ""source_version_id"": ""sv-9ad38681767fde22dd61e81f""}, {""evidence_id"": ""ru-006c9dff4d27d6704351fccb"", ""pdf_pages_1based"": [13], ""printed_page_label"": ""13"", ""source_document_id"": ""src-keytruda-epar-product-information-de-9ad38681767f"", ""source_file_name"": ""keytruda-epar-product-information_de.pdf"", ""source_native_item_number"": null, ""source_role"": ""smPC"", ""source_status"": ""current_at_snapshot"", ""source_version_id"": ""sv-9ad38681767fde22dd61e81f""}]","{""evidence_id"": ""ru-4b7a269ffc689f4e8a9c2148"", ""pdf_pages_1based"": [168], ""printed_page_label"": ""168"", ""source_document_id"": ""src-s3-ll-hcc-und-bcc-konsultationsfassung-langversion-6-01-1-c1996068a815"", ""source_file_name"": ""S3_LL_HCC_und_BCC_Konsultationsfassung_Langversion_6.01 (1).pdf"", ""source_native_item_number"": ""4.46"", ""source_role"": ""guideline"", ""source_status"": ""consultation_draft"", ""source_version_id"": ""sv-c1996068a81551f2fd14a9f4""}","[""ru-0039d15263322ea0a55e240d"", ""ru-006a5db111e6027aab71b236"", ""ru-006c9dff4d27d6704351fccb"", ""ru-4b7a269ffc689f4e8a9c2148""]",True,True,active_source_status_review,"[""guideline_source_not_final""]"
smpc-guideline-bridge-1.0.0,bridge-88cc07c32ac90b56ebe84210,cs-f61b3d4e90089c1b890c23cb,smPC_to_guideline,src-keytruda-epar-product-information-de-9ad38681767f,sv-9ad38681767fde22dd61e81f,keytruda-epar-product-information_de.pdf,"Keytruda, INN-pembrolizumab",KEYTRUDA,"[""product-2f76e0adce70e4abb5a66f9a"", ""product-48d190ea8a22ba63db40097f"", ""product-c5e6296dd0cc35b14392fc5b"", ""product-dd9963ee1ac52e7dd21cc7ff""]","[""KEYTRUDA"", ""Pembrolizumab""]",substance-c612091ae8c36aec3cd0492a,Pembrolizumab,"[""Pembrolizumab""]",Pembrolizumab,ru-7a3509e0539651b819741c55,src-s3-ll-hcc-und-bcc-konsultationsfassung-langversion-6-01-1-c1996068a815,"[""rec-37f9e4c88d8931208208bfca""]",[],,smpc_product_substance_to_guideline_mention,exact,1.0,"[{""evidence_id"": ""ru-0039d15263322ea0a55e240d"", ""pdf_pages_1based"": [49], ""printed_page_label"": ""49"", ""source_document_id"": ""src-keytruda-epar-product-information-de-9ad38681767f"", ""source_file_name"": ""keytruda-epar-product-information_de.pdf"", ""source_native_item_number"": null, ""source_role"": ""smPC"", ""source_status"": ""current_at_snapshot"", ""source_version_id"": ""sv-9ad38681767fde22dd61e81f""}, {""evidence_id"": ""ru-006a5db111e6027aab71b236"", ""pdf_pages_1based"": [180], ""printed_page_label"": ""180"", ""source_document_id"": ""src-keytruda-epar-product-information-de-9ad38681767f"", ""source_file_name"": ""keytruda-epar-product-information_de.pdf"", ""source_native_item_number"": null, ""source_role"": ""smPC"", ""source_status"": ""current_at_snapshot"", ""source_version_id"": ""sv-9ad38681767fde22dd61e81f""}, {""evidence_id"": ""ru-006c9dff4d27d6704351fccb"", ""pdf_pages_1based"": [13], ""printed_page_label"": ""13"", ""source_document_id"": ""src-keytruda-epar-product-information-de-9ad38681767f"", ""source_file_name"": ""keytruda-epar-product-information_de.pdf"", ""source_native_item_number"": null, ""source_role"": ""smPC"", ""source_status"": ""current_at_snapshot"", ""source_version_id"": ""sv-9ad38681767fde22dd61e81f""}]","{""evidence_id"": ""ru-7a3509e0539651b819741c55"", ""pdf_pages_1based"": [115, 116], ""printed_page_label"": ""115"", ""source_document_id"": ""src-s3-ll-hcc-und-bcc-konsultationsfassung-langversion-6-01-1-c1996068a815"", ""source_file_name"": ""S3_LL_HCC_und_BCC_Konsultationsfassung_Langversion_6.01 (1).pdf"", ""source_native_item_number"": null, ""source_role"": ""guideline"", ""source_status"": ""consultation_draft"", ""source_version_id"": ""sv-c1996068a81551f2fd14a9f4""}","[""ru-0039d15263322ea0a55e240d"", ""ru-006a5db111e6027aab71b236"", ""ru-006c9dff4d27d6704351fccb"", ""ru-7a3509e0539651b819741c55""]",True,True,active_source_status_review,"[""guideline_source_not_final""]"
smpc-guideline-bridge-1.0.0,bridge-f36bbdbc28a5da2251e623d5,cs-f61b3d4e90089c1b890c23cb,smPC_to_guideline,src-keytruda-epar-product-information-de-9ad38681767f,sv-9ad38681767fde22dd61e81f,keytruda-epar-product-information_de.pdf,"Keytruda, INN-pembrolizumab",KEYTRUDA,"[""product-2f76e0adce70e4abb5a66f9a"", ""product-48d190ea8a22ba63db40097f"", ""product-c5e6296dd0cc35b14392fc5b"", ""product-dd9963ee1ac52e7dd21cc7ff""]","[""KEYTRUDA"", ""Pembrolizumab""]",substance-c612091ae8c36aec3cd0492a,Pembrolizumab,"[""Pembrolizumab""]",Pembrolizumab,ru-ae203c97c3abdf8f222eb82f,src-s3-ll-hcc-und-bcc-konsultationsfassung-langversion-6-01-1-c1996068a815,"[""rec-d78105efc2e03af47d0be6e4""]",[],,smpc_product_substance_to_guideline_mention,exact,1.0,"[{""evidence_id"": ""ru-0039d15263322ea0a55e240d"", ""pdf_pages_1based"": [49], ""printed_page_label"": ""49"", ""source_document_id"": ""src-keytruda-epar-product-information-de-9ad38681767f"", ""source_file_name"": ""keytruda-epar-product-information_de.pdf"", ""source_native_item_number"": null, ""source_role"": ""smPC"", ""source_status"": ""current_at_snapshot"", ""source_version_id"": ""sv-9ad38681767fde22dd61e81f""}, {""evidence_id"": ""ru-006a5db111e6027aab71b236"", ""pdf_pages_1based"": [180], ""printed_page_label"": ""180"", ""source_document_id"": ""src-keytruda-epar-product-information-de-9ad38681767f"", ""source_file_name"": ""keytruda-epar-product-information_de.pdf"", ""source_native_item_number"": null, ""source_role"": ""smPC"", ""source_status"": ""current_at_snapshot"", ""source_version_id"": ""sv-9ad38681767fde22dd61e81f""}, {""evidence_id"": ""ru-006c9dff4d27d6704351fccb"", ""pdf_pages_1based"": [13], ""printed_page_label"": ""13"", ""source_document_id"": ""src-keytruda-epar-product-information-de-9ad38681767f"", ""source_file_name"": ""keytruda-epar-product-information_de.pdf"", ""source_native_item_number"": null, ""source_role"": ""smPC"", ""source_status"": ""current_at_snapshot"", ""source_version_id"": ""sv-9ad38681767fde22dd61e81f""}]","{""evidence_id"": ""ru-ae203c97c3abdf8f222eb82f"", ""pdf_pages_1based"": [113], ""printed_page_label"": ""113"", ""source_document_id"": ""src-s3-ll-hcc-und-bcc-konsultationsfassung-langversion-6-01-1-c1996068a815"", ""source_file_name"": ""S3_LL_HCC_und_BCC_Konsultationsfassung_Langversion_6.01 (1).pdf"", ""source_native_item_number"": null, ""source_role"": ""guideline"", ""source_status"": ""consultation_draft"", ""source_version_id"": ""sv-c1996068a81551f2fd14a9f4""}","[""ru-0039d15263322ea0a55e240d"", ""ru-006a5db111e6027aab71b236"", ""ru-006c9dff4d27d6704351fccb"", ""ru-ae203c97c3abdf8f222eb82f""]",True,True,active_source_status_review,"[""guideline_source_not_final""]"
smpc-guideline-bridge-1.0.0,bridge-d9732cb731dfbc398621cc5b,cs-f61b3d4e90089c1b890c23cb,smPC_to_guideline,src-keytruda-epar-product-information-de-9ad38681767f,sv-9ad38681767fde22dd61e81f,keytruda-epar-product-information_de.pdf,"Keytruda, INN-pembrolizumab",KEYTRUDA,"[""product-2f76e0adce70e4abb5a66f9a"", ""product-48d190ea8a22ba63db40097f"", ""product-c5e6296dd0cc35b14392fc5b"", ""product-dd9963ee1ac52e7dd21cc7ff""]","[""KEYTRUDA"", ""Pembrolizumab""]",substance-c612091ae8c36aec3cd0492a,Pembrolizumab,"[""Pembrolizumab""]",Pembrolizumab,ru-cb45a38c9e670a179efddf22,src-s3-ll-hcc-und-bcc-konsultationsfassung-langversion-6-01-1-c1996068a815,"[""rec-6b4449ee7663aff56548939b""]",[],,smpc_product_substance_to_guideline_mention,exact,1.0,"[{""evidence_id"": ""ru-0039d15263322ea0a55e240d"", ""pdf_pages_1based"": [49], ""printed_page_label"": ""49"", ""source_document_id"": ""src-keytruda-epar-product-information-de-9ad38681767f"", ""source_file_name"": ""keytruda-epar-product-information_de.pdf"", ""source_native_item_number"": null, ""source_role"": ""smPC"", ""source_status"": ""current_at_snapshot"", ""source_version_id"": ""sv-9ad38681767fde22dd61e81f""}, {""evidence_id"": ""ru-006a5db111e6027aab71b236"", ""pdf_pages_1based"": [180], ""printed_page_label"": ""180"", ""source_document_id"": ""src-keytruda-epar-product-information-de-9ad38681767f"", ""source_file_name"": ""keytruda-epar-product-information_de.pdf"", ""source_native_item_number"": null, ""source_role"": ""smPC"", ""source_status"": ""current_at_snapshot"", ""source_version_id"": ""sv-9ad38681767fde22dd61e81f""}, {""evidence_id"": ""ru-006c9dff4d27d6704351fccb"", ""pdf_pages_1based"": [13], ""printed_page_label"": ""13"", ""source_document_id"": ""src-keytruda-epar-product-information-de-9ad38681767f"", ""source_file_name"": ""keytruda-epar-product-information_de.pdf"", ""source_native_item_number"": null, ""source_role"": ""smPC"", ""source_status"": ""current_at_snapshot"", ""source_version_id"": ""sv-9ad38681767fde22dd61e81f""}]","{""evidence_id"": ""ru-cb45a38c9e670a179efddf22"", ""pdf_pages_1based"": [166], ""printed_page_label"": ""166"", ""source_document_id"": ""src-s3-ll-hcc-und-bcc-konsultationsfassung-langversion-6-01-1-c1996068a815"", ""source_file_name"": ""S3_LL_HCC_und_BCC_Konsultationsfassung_Langversion_6.01 (1).pdf"", ""source_native_item_number"": null, ""source_role"": ""guideline"", ""source_status"": ""consultation_draft"", ""source_version_id"": ""sv-c1996068a81551f2fd14a9f4""}","[""ru-0039d15263322ea0a55e240d"", ""ru-006a5db111e6027aab71b236"", ""ru-006c9dff4d27d6704351fccb"", ""ru-cb45a38c9e670a179efddf22""]",True,True,active_source_status_review,"[""guideline_source_not_final""]"
smpc-guideline-bridge-1.0.0,bridge-a01a9a9d1ed6bedb7ec0346f,cs-f61b3d4e90089c1b890c23cb,smPC_to_guideline,src-keytruda-epar-product-information-de-9ad38681767f,sv-9ad38681767fde22dd61e81f,keytruda-epar-product-information_de.pdf,"Keytruda, INN-pembrolizumab",KEYTRUDA,"[""product-2f76e0adce70e4abb5a66f9a"", ""product-48d190ea8a22ba63db40097f"", ""product-c5e6296dd0cc35b14392fc5b"", ""product-dd9963ee1ac52e7dd21cc7ff""]","[""KEYTRUDA"", ""Pembrolizumab""]",substance-c612091ae8c36aec3cd0492a,Pembrolizumab,"[""Pembrolizumab""]",Pembrolizumab,ru-dda741dac2a5eb5973ba3524,src-s3-ll-hcc-und-bcc-konsultationsfassung-langversion-6-01-1-c1996068a815,"[""rec-1f1d3da969441f3eac13fad4""]","[""formal-170025a9b4e17d44f21e844d""]",4.42,smpc_product_substance_to_guideline_mention,exact,1.0,"[{""evidence_id"": ""ru-0039d15263322ea0a55e240d"", ""pdf_pages_1based"": [49], ""printed_page_label"": ""49"", ""source_document_id"": ""src-keytruda-epar-product-information-de-9ad38681767f"", ""source_file_name"": ""keytruda-epar-product-information_de.pdf"", ""source_native_item_number"": null, ""source_role"": ""smPC"", ""source_status"": ""current_at_snapshot"", ""source_version_id"": ""sv-9ad38681767fde22dd61e81f""}, {""evidence_id"": ""ru-006a5db111e6027aab71b236"", ""pdf_pages_1based"": [180], ""printed_page_label"": ""180"", ""source_document_id"": ""src-keytruda-epar-product-information-de-9ad38681767f"", ""source_file_name"": ""keytruda-epar-product-information_de.pdf"", ""source_native_item_number"": null, ""source_role"": ""smPC"", ""source_status"": ""current_at_snapshot"", ""source_version_id"": ""sv-9ad38681767fde22dd61e81f""}, {""evidence_id"": ""ru-006c9dff4d27d6704351fccb"", ""pdf_pages_1based"": [13], ""printed_page_label"": ""13"", ""source_document_id"": ""src-keytruda-epar-product-information-de-9ad38681767f"", ""source_file_name"": ""keytruda-epar-product-information_de.pdf"", ""source_native_item_number"": null, ""source_role"": ""smPC"", ""source_status"": ""current_at_snapshot"", ""source_version_id"": ""sv-9ad38681767fde22dd61e81f""}]","{""evidence_id"": ""ru-dda741dac2a5eb5973ba3524"", ""pdf_pages_1based"": [165], ""printed_page_label"": ""165"", ""source_document_id"": ""src-s3-ll-hcc-und-bcc-konsultationsfassung-langversion-6-01-1-c1996068a815"", ""source_file_name"": ""S3_LL_HCC_und_BCC_Konsultationsfassung_Langversion_6.01 (1).pdf"", ""source_native_item_number"": ""4.42"", ""source_role"": ""guideline"", ""source_status"": ""consultation_draft"", ""source_version_id"": ""sv-c1996068a81551f2fd14a9f4""}","[""ru-0039d15263322ea0a55e240d"", ""ru-006a5db111e6027aab71b236"", ""ru-006c9dff4d27d6704351fccb"", ""ru-dda741dac2a5eb5973ba3524""]",True,True,active_source_status_review,"[""guideline_source_not_final""]"
smpc-guideline-bridge-1.0.0,bridge-7801a8423dd3e22826bad2f2,cs-f61b3d4e90089c1b890c23cb,smPC_to_guideline,src-keytruda-epar-product-information-de-9ad38681767f,sv-9ad38681767fde22dd61e81f,keytruda-epar-product-information_de.pdf,"Keytruda, INN-pembrolizumab",KEYTRUDA,"[""product-2f76e0adce70e4abb5a66f9a"", ""product-48d190ea8a22ba63db40097f"", ""product-c5e6296dd0cc35b14392fc5b"", ""product-dd9963ee1ac52e7dd21cc7ff""]","[""KEYTRUDA"", ""Pembrolizumab""]",substance-c612091ae8c36aec3cd0492a,Pembrolizumab,"[""Pembrolizumab""]",Pembrolizumab,ru-e8525a8cf54182c9afbfbdb1,src-s3-ll-hcc-und-bcc-konsultationsfassung-langversion-6-01-1-c1996068a815,"[""rec-c4e9d42e94f70a9145800e5b""]",[],,smpc_product_substance_to_guideline_mention,exact,1.0,"[{""evidence_id"": ""ru-0039d15263322ea0a55e240d"", ""pdf_pages_1based"": [49], ""printed_page_label"": ""49"", ""source_document_id"": ""src-keytruda-epar-product-information-de-9ad38681767f"", ""source_file_name"": ""keytruda-epar-product-information_de.pdf"", ""source_native_item_number"": null, ""source_role"": ""smPC"", ""source_status"": ""current_at_snapshot"", ""source_version_id"": ""sv-9ad38681767fde22dd61e81f""}, {""evidence_id"": ""ru-006a5db111e6027aab71b236"", ""pdf_pages_1based"": [180], ""printed_page_label"": ""180"", ""source_document_id"": ""src-keytruda-epar-product-information-de-9ad38681767f"", ""source_file_name"": ""keytruda-epar-product-information_de.pdf"", ""source_native_item_number"": null, ""source_role"": ""smPC"", ""source_status"": ""current_at_snapshot"", ""source_version_id"": ""sv-9ad38681767fde22dd61e81f""}, {""evidence_id"": ""ru-006c9dff4d27d6704351fccb"", ""pdf_pages_1based"": [13], ""printed_page_label"": ""13"", ""source_document_id"": ""src-keytruda-epar-product-information-de-9ad38681767f"", ""source_file_name"": ""keytruda-epar-product-information_de.pdf"", ""source_native_item_number"": null, ""source_role"": ""smPC"", ""source_status"": ""current_at_snapshot"", ""source_version_id"": ""sv-9ad38681767fde22dd61e81f""}]","{""evidence_id"": ""ru-e8525a8cf54182c9afbfbdb1"", ""pdf_pages_1based"": [117, 118], ""printed_page_label"": ""117"", ""source_document_id"": ""src-s3-ll-hcc-und-bcc-konsultationsfassung-langversion-6-01-1-c1996068a815"", ""source_file_name"": ""S3_LL_HCC_und_BCC_Konsultationsfassung_Langversion_6.01 (1).pdf"", ""source_native_item_number"": null, ""source_role"": ""guideline"", ""source_status"": ""consultation_draft"", ""source_version_id"": ""sv-c1996068a81551f2fd14a9f4""}","[""ru-0039d15263322ea0a55e240d"", ""ru-006a5db111e6027aab71b236"", ""ru-006c9dff4d27d6704351fccb"", ""ru-e8525a8cf54182c9afbfbdb1""]",True,True,active_source_status_review,"[""guideline_source_not_final""]"
smpc-guideline-bridge-1.0.0,bridge-e1a778f3771160c354d5308b,cs-f61b3d4e90089c1b890c23cb,smPC_to_guideline,src-keytruda-epar-product-information-de-9ad38681767f,sv-9ad38681767fde22dd61e81f,keytruda-epar-product-information_de.pdf,"Keytruda, INN-pembrolizumab",KEYTRUDA,"[""product-2f76e0adce70e4abb5a66f9a"", ""product-48d190ea8a22ba63db40097f"", ""product-c5e6296dd0cc35b14392fc5b"", ""product-dd9963ee1ac52e7dd21cc7ff""]","[""KEYTRUDA"", ""Pembrolizumab""]",substance-c612091ae8c36aec3cd0492a,Pembrolizumab,"[""Pembrolizumab""]",Pembrolizumab,ru-f6e6c9fe2eb7ff239e511ff7,src-s3-ll-hcc-und-bcc-konsultationsfassung-langversion-6-01-1-c1996068a815,"[""rec-3d97e80fcf69f8a22e54044e""]",[],,smpc_product_substance_to_guideline_mention,exact,1.0,"[{""evidence_id"": ""ru-0039d15263322ea0a55e240d"", ""pdf_pages_1based"": [49], ""printed_page_label"": ""49"", ""source_document_id"": ""src-keytruda-epar-product-information-de-9ad38681767f"", ""source_file_name"": ""keytruda-epar-product-information_de.pdf"", ""source_native_item_number"": null, ""source_role"": ""smPC"", ""source_status"": ""current_at_snapshot"", ""source_version_id"": ""sv-9ad38681767fde22dd61e81f""}, {""evidence_id"": ""ru-006a5db111e6027aab71b236"", ""pdf_pages_1based"": [180], ""printed_page_label"": ""180"", ""source_document_id"": ""src-keytruda-epar-product-information-de-9ad38681767f"", ""source_file_name"": ""keytruda-epar-product-information_de.pdf"", ""source_native_item_number"": null, ""source_role"": ""smPC"", ""source_status"": ""current_at_snapshot"", ""source_version_id"": ""sv-9ad38681767fde22dd61e81f""}, {""evidence_id"": ""ru-006c9dff4d27d6704351fccb"", ""pdf_pages_1based"": [13], ""printed_page_label"": ""13"", ""source_document_id"": ""src-keytruda-epar-product-information-de-9ad38681767f"", ""source_file_name"": ""keytruda-epar-product-information_de.pdf"", ""source_native_item_number"": null, ""source_role"": ""smPC"", ""source_status"": ""current_at_snapshot"", ""source_version_id"": ""sv-9ad38681767fde22dd61e81f""}]","{""evidence_id"": ""ru-f6e6c9fe2eb7ff239e511ff7"", ""pdf_pages_1based"": [165], ""printed_page_label"": ""165"", ""source_document_id"": ""src-s3-ll-hcc-und-bcc-konsultationsfassung-langversion-6-01-1-c1996068a815"", ""source_file_name"": ""S3_LL_HCC_und_BCC_Konsultationsfassung_Langversion_6.01 (1).pdf"", ""source_native_item_number"": null, ""source_role"": ""guideline"", ""source_status"": ""consultation_draft"", ""source_version_id"": ""sv-c1996068a81551f2fd14a9f4""}","[""ru-0039d15263322ea0a55e240d"", ""ru-006a5db111e6027aab71b236"", ""ru-006c9dff4d27d6704351fccb"", ""ru-f6e6c9fe2eb7ff239e511ff7""]",True,True,active_source_status_review,"[""guideline_source_not_final""]"
smpc-guideline-bridge-1.0.0,bridge-9b7815c166aad557b739bbca,cs-f61b3d4e90089c1b890c23cb,smPC_to_guideline,src-lixiana-epar-product-information-de-e98bd4b20729,sv-e98bd4b20729c5c2b07bd2c9,lixiana-epar-product-information_de.pdf,"Lixiana, INN-edoxaban",Lixiana,"[""product-4564bd2bc78e279edc8bdd19""]","[""Lixiana""]",substance-e56dfe731f55e7cd465c6299,Edoxaban,"[""Edoxaban""]",Edoxaban,ru-0371fd9c7dc454ba15b57c07,src-003-001l-s3-prophylaxe-venoese-thromboembolie-vte-2026-04-f82c5686f6b7,"[""rec-a821448802fb4b09d6bd030d""]",[],,smpc_product_substance_to_guideline_mention,exact,1.0,"[{""evidence_id"": ""ru-003afe57c7dbb8df995a5892"", ""pdf_pages_1based"": [27], ""printed_page_label"": ""27"", ""source_document_id"": ""src-lixiana-epar-product-information-de-e98bd4b20729"", ""source_file_name"": ""lixiana-epar-product-information_de.pdf"", ""source_native_item_number"": null, ""source_role"": ""smPC"", ""source_status"": ""current_at_snapshot"", ""source_version_id"": ""sv-e98bd4b20729c5c2b07bd2c9""}, {""evidence_id"": ""ru-04149e5de769fabc363fe6b4"", ""pdf_pages_1based"": [16], ""printed_page_label"": null, ""source_document_id"": ""src-lixiana-epar-product-information-de-e98bd4b20729"", ""source_file_name"": ""lixiana-epar-product-information_de.pdf"", ""source_native_item_number"": null, ""source_role"": ""smPC"", ""source_status"": ""current_at_snapshot"", ""source_version_id"": ""sv-e98bd4b20729c5c2b07bd2c9""}, {""evidence_id"": ""ru-047525f60f06827184351117"", ""pdf_pages_1based"": [11], ""printed_page_label"": ""11"", ""source_document_id"": ""src-lixiana-epar-product-information-de-e98bd4b20729"", ""source_file_name"": ""lixiana-epar-product-information_de.pdf"", ""source_native_item_number"": null, ""source_role"": ""smPC"", ""source_status"": ""current_at_snapshot"", ""source_version_id"": ""sv-e98bd4b20729c5c2b07bd2c9""}]","{""evidence_id"": ""ru-0371fd9c7dc454ba15b57c07"", ""pdf_pages_1based"": [143, 144], ""printed_page_label"": ""141-142"", ""source_document_id"": ""src-003-001l-s3-prophylaxe-venoese-thromboembolie-vte-2026-04-f82c5686f6b7"", ""source_file_name"": ""003-001l_S3_Prophylaxe-venoese-Thromboembolie-VTE_2026-04.pdf"", ""source_native_item_number"": null, ""source_role"": ""guideline"", ""source_status"": ""final"", ""source_version_id"": ""sv-f82c5686f6b71d42a7a43dcc""}","[""ru-003afe57c7dbb8df995a5892"", ""ru-04149e5de769fabc363fe6b4"", ""ru-047525f60f06827184351117"", ""ru-0371fd9c7dc454ba15b57c07""]",True,True,active_validated,[]
smpc-guideline-bridge-1.0.0,bridge-5c701ed7b424c92bc9544b4c,cs-f61b3d4e90089c1b890c23cb,smPC_to_guideline,src-lixiana-epar-product-information-de-e98bd4b20729,sv-e98bd4b20729c5c2b07bd2c9,lixiana-epar-product-information_de.pdf,"Lixiana, INN-edoxaban",Lixiana,"[""product-4564bd2bc78e279edc8bdd19""]","[""Lixiana""]",substance-e56dfe731f55e7cd465c6299,Edoxaban,"[""Edoxaban""]",Edoxaban,ru-1eceadd0ed1dbe3b1b732f4c,src-003-001l-s3-prophylaxe-venoese-thromboembolie-vte-2026-04-f82c5686f6b7,"[""rec-9fd5a15e45408783f564da16""]",[],,smpc_product_substance_to_guideline_mention,exact,1.0,"[{""evidence_id"": ""ru-003afe57c7dbb8df995a5892"", ""pdf_pages_1based"": [27], ""printed_page_label"": ""27"", ""source_document_id"": ""src-lixiana-epar-product-information-de-e98bd4b20729"", ""source_file_name"": ""lixiana-epar-product-information_de.pdf"", ""source_native_item_number"": null, ""source_role"": ""smPC"", ""source_status"": ""current_at_snapshot"", ""source_version_id"": ""sv-e98bd4b20729c5c2b07bd2c9""}, {""evidence_id"": ""ru-04149e5de769fabc363fe6b4"", ""pdf_pages_1based"": [16], ""printed_page_label"": null, ""source_document_id"": ""src-lixiana-epar-product-information-de-e98bd4b20729"", ""source_file_name"": ""lixiana-epar-product-information_de.pdf"", ""source_native_item_number"": null, ""source_role"": ""smPC"", ""source_status"": ""current_at_snapshot"", ""source_version_id"": ""sv-e98bd4b20729c5c2b07bd2c9""}, {""evidence_id"": ""ru-047525f60f06827184351117"", ""pdf_pages_1based"": [11], ""printed_page_label"": ""11"", ""source_document_id"": ""src-lixiana-epar-product-information-de-e98bd4b20729"", ""source_file_name"": ""lixiana-epar-product-information_de.pdf"", ""source_native_item_number"": null, ""source_role"": ""smPC"", ""source_status"": ""current_at_snapshot"", ""source_version_id"": ""sv-e98bd4b20729c5c2b07bd2c9""}]","{""evidence_id"": ""ru-1eceadd0ed1dbe3b1b732f4c"", ""pdf_pages_1based"": [57], ""printed_page_label"": ""55"", ""source_document_id"": ""src-003-001l-s3-prophylaxe-venoese-thromboembolie-vte-2026-04-f82c5686f6b7"", ""source_file_name"": ""003-001l_S3_Prophylaxe-venoese-Thromboembolie-VTE_2026-04.pdf"", ""source_native_item_number"": null, ""source_role"": ""guideline"", ""source_status"": ""final"", ""source_version_id"": ""sv-f82c5686f6b71d42a7a43dcc""}","[""ru-003afe57c7dbb8df995a5892"", ""ru-04149e5de769fabc363fe6b4"", ""ru-047525f60f06827184351117"", ""ru-1eceadd0ed1dbe3b1b732f4c""]",True,True,active_validated,[]
smpc-guideline-bridge-1.0.0,bridge-47a634c80cb4cb3460587489,cs-f61b3d4e90089c1b890c23cb,smPC_to_guideline,src-lixiana-epar-product-information-de-e98bd4b20729,sv-e98bd4b20729c5c2b07bd2c9,lixiana-epar-product-information_de.pdf,"Lixiana, INN-edoxaban",Lixiana,"[""product-4564bd2bc78e279edc8bdd19""]","[""Lixiana""]",substance-e56dfe731f55e7cd465c6299,Edoxaban,"[""Edoxaban""]",Edoxaban,ru-ab02b153a53b35e231f19c12,src-003-001l-s3-prophylaxe-venoese-thromboembolie-vte-2026-04-f82c5686f6b7,"[""rec-19609a6f32fd53b8153002e2""]",[],,smpc_product_substance_to_guideline_mention,exact,1.0,"[{""evidence_id"": ""ru-003afe57c7dbb8df995a5892"", ""pdf_pages_1based"": [27], ""printed_page_label"": ""27"", ""source_document_id"": ""src-lixiana-epar-product-information-de-e98bd4b20729"", ""source_file_name"": ""lixiana-epar-product-information_de.pdf"", ""source_native_item_number"": null, ""source_role"": ""smPC"", ""source_status"": ""current_at_snapshot"", ""source_version_id"": ""sv-e98bd4b20729c5c2b07bd2c9""}, {""evidence_id"": ""ru-04149e5de769fabc363fe6b4"", ""pdf_pages_1based"": [16], ""printed_page_label"": null, ""source_document_id"": ""src-lixiana-epar-product-information-de-e98bd4b20729"", ""source_file_name"": ""lixiana-epar-product-information_de.pdf"", ""source_native_item_number"": null, ""source_role"": ""smPC"", ""source_status"": ""current_at_snapshot"", ""source_version_id"": ""sv-e98bd4b20729c5c2b07bd2c9""}, {""evidence_id"": ""ru-047525f60f06827184351117"", ""pdf_pages_1based"": [11], ""printed_page_label"": ""11"", ""source_document_id"": ""src-lixiana-epar-product-information-de-e98bd4b20729"", ""source_file_name"": ""lixiana-epar-product-information_de.pdf"", ""source_native_item_number"": null, ""source_role"": ""smPC"", ""source_status"": ""current_at_snapshot"", ""source_version_id"": ""sv-e98bd4b20729c5c2b07bd2c9""}]","{""evidence_id"": ""ru-ab02b153a53b35e231f19c12"", ""pdf_pages_1based"": [78], ""printed_page_label"": ""76"", ""source_document_id"": ""src-003-001l-s3-prophylaxe-venoese-thromboembolie-vte-2026-04-f82c5686f6b7"", ""source_file_name"": ""003-001l_S3_Prophylaxe-venoese-Thromboembolie-VTE_2026-04.pdf"", ""source_native_item_number"": null, ""source_role"": ""guideline"", ""source_status"": ""final"", ""source_version_id"": ""sv-f82c5686f6b71d42a7a43dcc""}","[""ru-003afe57c7dbb8df995a5892"", ""ru-04149e5de769fabc363fe6b4"", ""ru-047525f60f06827184351117"", ""ru-ab02b153a53b35e231f19c12""]",True,True,active_validated,[]
smpc-guideline-bridge-1.0.0,bridge-4edf7b9a508e36f4341829eb,cs-f61b3d4e90089c1b890c23cb,smPC_to_guideline,src-lixiana-epar-product-information-de-e98bd4b20729,sv-e98bd4b20729c5c2b07bd2c9,lixiana-epar-product-information_de.pdf,"Lixiana, INN-edoxaban",Lixiana,"[""product-4564bd2bc78e279edc8bdd19""]","[""Lixiana""]",substance-e56dfe731f55e7cd465c6299,Edoxaban,"[""Edoxaban""]",Edoxaban,ru-d45096ae195557c2b5fe610f,src-003-001l-s3-prophylaxe-venoese-thromboembolie-vte-2026-04-f82c5686f6b7,"[""rec-ac01c194e44cd121ece8c37c""]",[],,smpc_product_substance_to_guideline_mention,exact,1.0,"[{""evidence_id"": ""ru-003afe57c7dbb8df995a5892"", ""pdf_pages_1based"": [27], ""printed_page_label"": ""27"", ""source_document_id"": ""src-lixiana-epar-product-information-de-e98bd4b20729"", ""source_file_name"": ""lixiana-epar-product-information_de.pdf"", ""source_native_item_number"": null, ""source_role"": ""smPC"", ""source_status"": ""current_at_snapshot"", ""source_version_id"": ""sv-e98bd4b20729c5c2b07bd2c9""}, {""evidence_id"": ""ru-04149e5de769fabc363fe6b4"", ""pdf_pages_1based"": [16], ""printed_page_label"": null, ""source_document_id"": ""src-lixiana-epar-product-information-de-e98bd4b20729"", ""source_file_name"": ""lixiana-epar-product-information_de.pdf"", ""source_native_item_number"": null, ""source_role"": ""smPC"", ""source_status"": ""current_at_snapshot"", ""source_version_id"": ""sv-e98bd4b20729c5c2b07bd2c9""}, {""evidence_id"": ""ru-047525f60f06827184351117"", ""pdf_pages_1based"": [11], ""printed_page_label"": ""11"", ""source_document_id"": ""src-lixiana-epar-product-information-de-e98bd4b20729"", ""source_file_name"": ""lixiana-epar-product-information_de.pdf"", ""source_native_item_number"": null, ""source_role"": ""smPC"", ""source_status"": ""current_at_snapshot"", ""source_version_id"": ""sv-e98bd4b20729c5c2b07bd2c9""}]","{""evidence_id"": ""ru-d45096ae195557c2b5fe610f"", ""pdf_pages_1based"": [59], ""printed_page_label"": ""57"", ""source_document_id"": ""src-003-001l-s3-prophylaxe-venoese-thromboembolie-vte-2026-04-f82c5686f6b7"", ""source_file_name"": ""003-001l_S3_Prophylaxe-venoese-Thromboembolie-VTE_2026-04.pdf"", ""source_native_item_number"": null, ""source_role"": ""guideline"", ""source_status"": ""final"", ""source_version_id"": ""sv-f82c5686f6b71d42a7a43dcc""}","[""ru-003afe57c7dbb8df995a5892"", ""ru-04149e5de769fabc363fe6b4"", ""ru-047525f60f06827184351117"", ""ru-d45096ae195557c2b5fe610f""]",True,True,active_validated,[]
smpc-guideline-bridge-1.0.0,bridge-fe11123087ad8309ecb836b8,cs-f61b3d4e90089c1b890c23cb,smPC_to_guideline,src-lixiana-epar-product-information-de-e98bd4b20729,sv-e98bd4b20729c5c2b07bd2c9,lixiana-epar-product-information_de.pdf,"Lixiana, INN-edoxaban",Lixiana,"[""product-4564bd2bc78e279edc8bdd19""]","[""Lixiana""]",substance-e56dfe731f55e7cd465c6299,Edoxaban,"[""Edoxaban""]",Edoxaban,ru-dbb52fcad9df822c0f7de08b,src-003-001l-s3-prophylaxe-venoese-thromboembolie-vte-2026-04-f82c5686f6b7,"[""rec-19609a6f32fd53b8153002e2""]",[],,smpc_product_substance_to_guideline_mention,exact,1.0,"[{""evidence_id"": ""ru-003afe57c7dbb8df995a5892"", ""pdf_pages_1based"": [27], ""printed_page_label"": ""27"", ""source_document_id"": ""src-lixiana-epar-product-information-de-e98bd4b20729"", ""source_file_name"": ""lixiana-epar-product-information_de.pdf"", ""source_native_item_number"": null, ""source_role"": ""smPC"", ""source_status"": ""current_at_snapshot"", ""source_version_id"": ""sv-e98bd4b20729c5c2b07bd2c9""}, {""evidence_id"": ""ru-04149e5de769fabc363fe6b4"", ""pdf_pages_1based"": [16], ""printed_page_label"": null, ""source_document_id"": ""src-lixiana-epar-product-information-de-e98bd4b20729"", ""source_file_name"": ""lixiana-epar-product-information_de.pdf"", ""source_native_item_number"": null, ""source_role"": ""smPC"", ""source_status"": ""current_at_snapshot"", ""source_version_id"": ""sv-e98bd4b20729c5c2b07bd2c9""}, {""evidence_id"": ""ru-047525f60f06827184351117"", ""pdf_pages_1based"": [11], ""printed_page_label"": ""11"", ""source_document_id"": ""src-lixiana-epar-product-information-de-e98bd4b20729"", ""source_file_name"": ""lixiana-epar-product-information_de.pdf"", ""source_native_item_number"": null, ""source_role"": ""smPC"", ""source_status"": ""current_at_snapshot"", ""source_version_id"": ""sv-e98bd4b20729c5c2b07bd2c9""}]","{""evidence_id"": ""ru-dbb52fcad9df822c0f7de08b"", ""pdf_pages_1based"": [78], ""printed_page_label"": ""76"", ""source_document_id"": ""src-003-001l-s3-prophylaxe-venoese-thromboembolie-vte-2026-04-f82c5686f6b7"", ""source_file_name"": ""003-001l_S3_Prophylaxe-venoese-Thromboembolie-VTE_2026-04.pdf"", ""source_native_item_number"": null, ""source_role"": ""guideline"", ""source_status"": ""final"", ""source_version_id"": ""sv-f82c5686f6b71d42a7a43dcc""}","[""ru-003afe57c7dbb8df995a5892"", ""ru-04149e5de769fabc363fe6b4"", ""ru-047525f60f06827184351117"", ""ru-dbb52fcad9df822c0f7de08b""]",True,True,active_validated,[]
smpc-guideline-bridge-1.0.0,bridge-a0ae9765861d8f0ae291ddb5,cs-f61b3d4e90089c1b890c23cb,smPC_to_guideline,src-lixiana-epar-product-information-de-e98bd4b20729,sv-e98bd4b20729c5c2b07bd2c9,lixiana-epar-product-information_de.pdf,"Lixiana, INN-edoxaban",Lixiana,"[""product-4564bd2bc78e279edc8bdd19""]","[""Lixiana""]",substance-e56dfe731f55e7cd465c6299,Edoxaban,"[""Edoxaban""]",Edoxaban,ru-e4463db1ed2962cae783f602,src-003-001l-s3-prophylaxe-venoese-thromboembolie-vte-2026-04-f82c5686f6b7,"[""rec-a821448802fb4b09d6bd030d""]",[],,smpc_product_substance_to_guideline_mention,exact,1.0,"[{""evidence_id"": ""ru-003afe57c7dbb8df995a5892"", ""pdf_pages_1based"": [27], ""printed_page_label"": ""27"", ""source_document_id"": ""src-lixiana-epar-product-information-de-e98bd4b20729"", ""source_file_name"": ""lixiana-epar-product-information_de.pdf"", ""source_native_item_number"": null, ""source_role"": ""smPC"", ""source_status"": ""current_at_snapshot"", ""source_version_id"": ""sv-e98bd4b20729c5c2b07bd2c9""}, {""evidence_id"": ""ru-04149e5de769fabc363fe6b4"", ""pdf_pages_1based"": [16], ""printed_page_label"": null, ""source_document_id"": ""src-lixiana-epar-product-information-de-e98bd4b20729"", ""source_file_name"": ""lixiana-epar-product-information_de.pdf"", ""source_native_item_number"": null, ""source_role"": ""smPC"", ""source_status"": ""current_at_snapshot"", ""source_version_id"": ""sv-e98bd4b20729c5c2b07bd2c9""}, {""evidence_id"": ""ru-047525f60f06827184351117"", ""pdf_pages_1based"": [11], ""printed_page_label"": ""11"", ""source_document_id"": ""src-lixiana-epar-product-information-de-e98bd4b20729"", ""source_file_name"": ""lixiana-epar-product-information_de.pdf"", ""source_native_item_number"": null, ""source_role"": ""smPC"", ""source_status"": ""current_at_snapshot"", ""source_version_id"": ""sv-e98bd4b20729c5c2b07bd2c9""}]","{""evidence_id"": ""ru-e4463db1ed2962cae783f602"", ""pdf_pages_1based"": [143, 144], ""printed_page_label"": ""141-142"", ""source_document_id"": ""src-003-001l-s3-prophylaxe-venoese-thromboembolie-vte-2026-04-f82c5686f6b7"", ""source_file_name"": ""003-001l_S3_Prophylaxe-venoese-Thromboembolie-VTE_2026-04.pdf"", ""source_native_item_number"": null, ""source_role"": ""guideline"", ""source_status"": ""final"", ""source_version_id"": ""sv-f82c5686f6b71d42a7a43dcc""}","[""ru-003afe57c7dbb8df995a5892"", ""ru-04149e5de769fabc363fe6b4"", ""ru-047525f60f06827184351117"", ""ru-e4463db1ed2962cae783f602""]",True,True,active_validated,[]
smpc-guideline-bridge-1.0.0,bridge-33f5f3a1253e61fe40c22a56,cs-f61b3d4e90089c1b890c23cb,smPC_to_guideline,src-plavix-epar-product-information-de-85be2b1611b7,sv-85be2b1611b747104d2bf495,plavix-epar-product-information_de.pdf,"Plavix, INN-clopidogrel",Plavix,"[""product-0d5da83b46a1c0cbbcabe699"", ""product-4e0904176de930fe58ac51bf"", ""product-5488306142d8bc598d9f514a""]","[""Plavix""]",substance-4e83f921c0c69b8341a1b844,Clopidogrel,"[""Clopidogrel""]",Clopidogrel,ru-1ac8ea286ae4815a95d30e5c,src-003-001l-s3-prophylaxe-venoese-thromboembolie-vte-2026-04-f82c5686f6b7,"[""rec-8197c30e9d75281c2c45fd9d""]",[],,smpc_product_substance_to_guideline_mention,exact,1.0,"[{""evidence_id"": ""ru-01a67c4b77bce920a60be63c"", ""pdf_pages_1based"": [20], ""printed_page_label"": ""20"", ""source_document_id"": ""src-plavix-epar-product-information-de-85be2b1611b7"", ""source_file_name"": ""plavix-epar-product-information_de.pdf"", ""source_native_item_number"": null, ""source_role"": ""smPC"", ""source_status"": ""current_at_snapshot"", ""source_version_id"": ""sv-85be2b1611b747104d2bf495""}, {""evidence_id"": ""ru-050264c42cd7d3279a404a15"", ""pdf_pages_1based"": [16], ""printed_page_label"": ""16"", ""source_document_id"": ""src-plavix-epar-product-information-de-85be2b1611b7"", ""source_file_name"": ""plavix-epar-product-information_de.pdf"", ""source_native_item_number"": null, ""source_role"": ""smPC"", ""source_status"": ""current_at_snapshot"", ""source_version_id"": ""sv-85be2b1611b747104d2bf495""}, {""evidence_id"": ""ru-0bda9e4017273b532a7bd461"", ""pdf_pages_1based"": [7], ""printed_page_label"": ""7"", ""source_document_id"": ""src-plavix-epar-product-information-de-85be2b1611b7"", ""source_file_name"": ""plavix-epar-product-information_de.pdf"", ""source_native_item_number"": null, ""source_role"": ""smPC"", ""source_status"": ""current_at_snapshot"", ""source_version_id"": ""sv-85be2b1611b747104d2bf495""}]","{""evidence_id"": ""ru-1ac8ea286ae4815a95d30e5c"", ""pdf_pages_1based"": [75], ""printed_page_label"": ""73"", ""source_document_id"": ""src-003-001l-s3-prophylaxe-venoese-thromboembolie-vte-2026-04-f82c5686f6b7"", ""source_file_name"": ""003-001l_S3_Prophylaxe-venoese-Thromboembolie-VTE_2026-04.pdf"", ""source_native_item_number"": null, ""source_role"": ""guideline"", ""source_status"": ""final"", ""source_version_id"": ""sv-f82c5686f6b71d42a7a43dcc""}","[""ru-01a67c4b77bce920a60be63c"", ""ru-050264c42cd7d3279a404a15"", ""ru-0bda9e4017273b532a7bd461"", ""ru-1ac8ea286ae4815a95d30e5c""]",True,True,active_validated,[]
smpc-guideline-bridge-1.0.0,bridge-8956cd5f144a1e2f37912329,cs-f61b3d4e90089c1b890c23cb,smPC_to_guideline,src-plavix-epar-product-information-de-85be2b1611b7,sv-85be2b1611b747104d2bf495,plavix-epar-product-information_de.pdf,"Plavix, INN-clopidogrel",Plavix,"[""product-0d5da83b46a1c0cbbcabe699"", ""product-4e0904176de930fe58ac51bf"", ""product-5488306142d8bc598d9f514a""]","[""Plavix""]",substance-4e83f921c0c69b8341a1b844,Clopidogrel,"[""Clopidogrel""]",Clopidogrel,ru-681d7085f35a240f8a9a1d35,src-003-001l-s3-prophylaxe-venoese-thromboembolie-vte-2026-04-f82c5686f6b7,"[""rec-7769510ecc558e4e4b48e496""]",[],,smpc_product_substance_to_guideline_mention,exact,1.0,"[{""evidence_id"": ""ru-01a67c4b77bce920a60be63c"", ""pdf_pages_1based"": [20], ""printed_page_label"": ""20"", ""source_document_id"": ""src-plavix-epar-product-information-de-85be2b1611b7"", ""source_file_name"": ""plavix-epar-product-information_de.pdf"", ""source_native_item_number"": null, ""source_role"": ""smPC"", ""source_status"": ""current_at_snapshot"", ""source_version_id"": ""sv-85be2b1611b747104d2bf495""}, {""evidence_id"": ""ru-050264c42cd7d3279a404a15"", ""pdf_pages_1based"": [16], ""printed_page_label"": ""16"", ""source_document_id"": ""src-plavix-epar-product-information-de-85be2b1611b7"", ""source_file_name"": ""plavix-epar-product-information_de.pdf"", ""source_native_item_number"": null, ""source_role"": ""smPC"", ""source_status"": ""current_at_snapshot"", ""source_version_id"": ""sv-85be2b1611b747104d2bf495""}, {""evidence_id"": ""ru-0bda9e4017273b532a7bd461"", ""pdf_pages_1based"": [7], ""printed_page_label"": ""7"", ""source_document_id"": ""src-plavix-epar-product-information-de-85be2b1611b7"", ""source_file_name"": ""plavix-epar-product-information_de.pdf"", ""source_native_item_number"": null, ""source_role"": ""smPC"", ""source_status"": ""current_at_snapshot"", ""source_version_id"": ""sv-85be2b1611b747104d2bf495""}]","{""evidence_id"": ""ru-681d7085f35a240f8a9a1d35"", ""pdf_pages_1based"": [286], ""printed_page_label"": ""284"", ""source_document_id"": ""src-003-001l-s3-prophylaxe-venoese-thromboembolie-vte-2026-04-f82c5686f6b7"", ""source_file_name"": ""003-001l_S3_Prophylaxe-venoese-Thromboembolie-VTE_2026-04.pdf"", ""source_native_item_number"": null, ""source_role"": ""guideline"", ""source_status"": ""final"", ""source_version_id"": ""sv-f82c5686f6b71d42a7a43dcc""}","[""ru-01a67c4b77bce920a60be63c"", ""ru-050264c42cd7d3279a404a15"", ""ru-0bda9e4017273b532a7bd461"", ""ru-681d7085f35a240f8a9a1d35""]",True,True,active_validated,[]
smpc-guideline-bridge-1.0.0,bridge-627e3fe45fc89ad9e79b48ac,cs-f61b3d4e90089c1b890c23cb,smPC_to_guideline,src-xarelto-epar-product-information-de-c44980ed062d,sv-c44980ed062d9fa6a6b6a869,xarelto-epar-product-information_de.pdf,"Xarelto, INN-rivaroxaban",Xarelto,"[""product-37ecfb7f824b082e22ca9d78"", ""product-3ce6f521d882066fdc1b2f03"", ""product-3fa6c6a2f63b6874c87d72d7"", ""product-59cdbfb146613563065547a9"", ""product-9d47414111bd966c67ad52e6"", ""product-9dacc3317fdafd5f5f8b7e4e"", ""product-b6728e6ba10804d291f441ce"", ""product-ec7edbbcf0e221f41e3541c4""]","[""Rivaroxaban"", ""Xarelto"", ""Xarelto 10 mg Filmtabletten"", ""Xarelto 15 mg Filmtabletten""]",substance-29e5f9ff2d8c21df2a7da5a5,Rivaroxaban,"[""Rivaroxaban""]",Rivaroxaban,ru-019455cb570cf6a6d618b0cf,src-003-001l-s3-prophylaxe-venoese-thromboembolie-vte-2026-04-f82c5686f6b7,"[""rec-c5dca11809b63e332fb33de2""]",[],,smpc_product_substance_to_guideline_mention,exact,1.0,"[{""evidence_id"": ""ru-004563cec4fb5673bb08c8ac"", ""pdf_pages_1based"": [82], ""printed_page_label"": ""82"", ""source_document_id"": ""src-xarelto-epar-product-information-de-c44980ed062d"", ""source_file_name"": ""xarelto-epar-product-information_de.pdf"", ""source_native_item_number"": null, ""source_role"": ""smPC"", ""source_status"": ""current_at_snapshot"", ""source_version_id"": ""sv-c44980ed062d9fa6a6b6a869""}, {""evidence_id"": ""ru-0060f0674f42d169c600fe61"", ""pdf_pages_1based"": [89], ""printed_page_label"": ""89"", ""source_document_id"": ""src-xarelto-epar-product-information-de-c44980ed062d"", ""source_file_name"": ""xarelto-epar-product-information_de.pdf"", ""source_native_item_number"": null, ""source_role"": ""smPC"", ""source_status"": ""current_at_snapshot"", ""source_version_id"": ""sv-c44980ed062d9fa6a6b6a869""}, {""evidence_id"": ""ru-00831f1d0c27eb3fa7f0b700"", ""pdf_pages_1based"": [168], ""printed_page_label"": ""168"", ""source_document_id"": ""src-xarelto-epar-product-information-de-c44980ed062d"", ""source_file_name"": ""xarelto-epar-product-information_de.pdf"", ""source_native_item_number"": null, ""source_role"": ""smPC"", ""source_status"": ""current_at_snapshot"", ""source_version_id"": ""sv-c44980ed062d9fa6a6b6a869""}]","{""evidence_id"": ""ru-019455cb570cf6a6d618b0cf"", ""pdf_pages_1based"": [50], ""printed_page_label"": ""48"", ""source_document_id"": ""src-003-001l-s3-prophylaxe-venoese-thromboembolie-vte-2026-04-f82c5686f6b7"", ""source_file_name"": ""003-001l_S3_Prophylaxe-venoese-Thromboembolie-VTE_2026-04.pdf"", ""source_native_item_number"": null, ""source_role"": ""guideline"", ""source_status"": ""final"", ""source_version_id"": ""sv-f82c5686f6b71d42a7a43dcc""}","[""ru-004563cec4fb5673bb08c8ac"", ""ru-0060f0674f42d169c600fe61"", ""ru-00831f1d0c27eb3fa7f0b700"", ""ru-019455cb570cf6a6d618b0cf""]",True,True,active_validated,[]
smpc-guideline-bridge-1.0.0,bridge-235b533c642ace5066caf0a1,cs-f61b3d4e90089c1b890c23cb,smPC_to_guideline,src-xarelto-epar-product-information-de-c44980ed062d,sv-c44980ed062d9fa6a6b6a869,xarelto-epar-product-information_de.pdf,"Xarelto, INN-rivaroxaban",Xarelto,"[""product-37ecfb7f824b082e22ca9d78"", ""product-3ce6f521d882066fdc1b2f03"", ""product-3fa6c6a2f63b6874c87d72d7"", ""product-59cdbfb146613563065547a9"", ""product-9d47414111bd966c67ad52e6"", ""product-9dacc3317fdafd5f5f8b7e4e"", ""product-b6728e6ba10804d291f441ce"", ""product-ec7edbbcf0e221f41e3541c4""]","[""Rivaroxaban"", ""Xarelto"", ""Xarelto 10 mg Filmtabletten"", ""Xarelto 15 mg Filmtabletten""]",substance-29e5f9ff2d8c21df2a7da5a5,Rivaroxaban,"[""Rivaroxaban""]",Rivaroxaban,ru-02ab21fa1edc9a8f0eaa0570,src-003-001l-s3-prophylaxe-venoese-thromboembolie-vte-2026-04-f82c5686f6b7,"[""rec-f7000a69ba6cc29ba0b01041""]",[],,smpc_product_substance_to_guideline_mention,exact,1.0,"[{""evidence_id"": ""ru-004563cec4fb5673bb08c8ac"", ""pdf_pages_1based"": [82], ""printed_page_label"": ""82"", ""source_document_id"": ""src-xarelto-epar-product-information-de-c44980ed062d"", ""source_file_name"": ""xarelto-epar-product-information_de.pdf"", ""source_native_item_number"": null, ""source_role"": ""smPC"", ""source_status"": ""current_at_snapshot"", ""source_version_id"": ""sv-c44980ed062d9fa6a6b6a869""}, {""evidence_id"": ""ru-0060f0674f42d169c600fe61"", ""pdf_pages_1based"": [89], ""printed_page_label"": ""89"", ""source_document_id"": ""src-xarelto-epar-product-information-de-c44980ed062d"", ""source_file_name"": ""xarelto-epar-product-information_de.pdf"", ""source_native_item_number"": null, ""source_role"": ""smPC"", ""source_status"": ""current_at_snapshot"", ""source_version_id"": ""sv-c44980ed062d9fa6a6b6a869""}, {""evidence_id"": ""ru-00831f1d0c27eb3fa7f0b700"", ""pdf_pages_1based"": [168], ""printed_page_label"": ""168"", ""source_document_id"": ""src-xarelto-epar-product-information-de-c44980ed062d"", ""source_file_name"": ""xarelto-epar-product-information_de.pdf"", ""source_native_item_number"": null, ""source_role"": ""smPC"", ""source_status"": ""current_at_snapshot"", ""source_version_id"": ""sv-c44980ed062d9fa6a6b6a869""}]","{""evidence_id"": ""ru-02ab21fa1edc9a8f0eaa0570"", ""pdf_pages_1based"": [248], ""printed_page_label"": ""248"", ""source_document_id"": ""src-003-001l-s3-prophylaxe-venoese-thromboembolie-vte-2026-04-f82c5686f6b7"", ""source_file_name"": ""003-001l_S3_Prophylaxe-venoese-Thromboembolie-VTE_2026-04.pdf"", ""source_native_item_number"": null, ""source_role"": ""guideline"", ""source_status"": ""final"", ""source_version_id"": ""sv-f82c5686f6b71d42a7a43dcc""}","[""ru-004563cec4fb5673bb08c8ac"", ""ru-0060f0674f42d169c600fe61"", ""ru-00831f1d0c27eb3fa7f0b700"", ""ru-02ab21fa1edc9a8f0eaa0570""]",True,True,active_validated,[]
smpc-guideline-bridge-1.0.0,bridge-8ee213dfb248a9ef074303a9,cs-f61b3d4e90089c1b890c23cb,smPC_to_guideline,src-xarelto-epar-product-information-de-c44980ed062d,sv-c44980ed062d9fa6a6b6a869,xarelto-epar-product-information_de.pdf,"Xarelto, INN-rivaroxaban",Xarelto,"[""product-37ecfb7f824b082e22ca9d78"", ""product-3ce6f521d882066fdc1b2f03"", ""product-3fa6c6a2f63b6874c87d72d7"", ""product-59cdbfb146613563065547a9"", ""product-9d47414111bd966c67ad52e6"", ""product-9dacc3317fdafd5f5f8b7e4e"", ""product-b6728e6ba10804d291f441ce"", ""product-ec7edbbcf0e221f41e3541c4""]","[""Rivaroxaban"", ""Xarelto"", ""Xarelto 10 mg Filmtabletten"", ""Xarelto 15 mg Filmtabletten""]",substance-29e5f9ff2d8c21df2a7da5a5,Rivaroxaban,"[""Rivaroxaban""]",Rivaroxaban,ru-0371fd9c7dc454ba15b57c07,src-003-001l-s3-prophylaxe-venoese-thromboembolie-vte-2026-04-f82c5686f6b7,"[""rec-a821448802fb4b09d6bd030d""]",[],,smpc_product_substance_to_guideline_mention,exact,1.0,"[{""evidence_id"": ""ru-004563cec4fb5673bb08c8ac"", ""pdf_pages_1based"": [82], ""printed_page_label"": ""82"", ""source_document_id"": ""src-xarelto-epar-product-information-de-c44980ed062d"", ""source_file_name"": ""xarelto-epar-product-information_de.pdf"", ""source_native_item_number"": null, ""source_role"": ""smPC"", ""source_status"": ""current_at_snapshot"", ""source_version_id"": ""sv-c44980ed062d9fa6a6b6a869""}, {""evidence_id"": ""ru-0060f0674f42d169c600fe61"", ""pdf_pages_1based"": [89], ""printed_page_label"": ""89"", ""source_document_id"": ""src-xarelto-epar-product-information-de-c44980ed062d"", ""source_file_name"": ""xarelto-epar-product-information_de.pdf"", ""source_native_item_number"": null, ""source_role"": ""smPC"", ""source_status"": ""current_at_snapshot"", ""source_version_id"": ""sv-c44980ed062d9fa6a6b6a869""}, {""evidence_id"": ""ru-00831f1d0c27eb3fa7f0b700"", ""pdf_pages_1based"": [168], ""printed_page_label"": ""168"", ""source_document_id"": ""src-xarelto-epar-product-information-de-c44980ed062d"", ""source_file_name"": ""xarelto-epar-product-information_de.pdf"", ""source_native_item_number"": null, ""source_role"": ""smPC"", ""source_status"": ""current_at_snapshot"", ""source_version_id"": ""sv-c44980ed062d9fa6a6b6a869""}]","{""evidence_id"": ""ru-0371fd9c7dc454ba15b57c07"", ""pdf_pages_1based"": [143, 144], ""printed_page_label"": ""141-142"", ""source_document_id"": ""src-003-001l-s3-prophylaxe-venoese-thromboembolie-vte-2026-04-f82c5686f6b7"", ""source_file_name"": ""003-001l_S3_Prophylaxe-venoese-Thromboembolie-VTE_2026-04.pdf"", ""source_native_item_number"": null, ""source_role"": ""guideline"", ""source_status"": ""final"", ""source_version_id"": ""sv-f82c5686f6b71d42a7a43dcc""}","[""ru-004563cec4fb5673bb08c8ac"", ""ru-0060f0674f42d169c600fe61"", ""ru-00831f1d0c27eb3fa7f0b700"", ""ru-0371fd9c7dc454ba15b57c07""]",True,True,active_validated,[]
smpc-guideline-bridge-1.0.0,bridge-28ecdb1bca6717e2398e50fc,cs-f61b3d4e90089c1b890c23cb,smPC_to_guideline,src-xarelto-epar-product-information-de-c44980ed062d,sv-c44980ed062d9fa6a6b6a869,xarelto-epar-product-information_de.pdf,"Xarelto, INN-rivaroxaban",Xarelto,"[""product-37ecfb7f824b082e22ca9d78"", ""product-3ce6f521d882066fdc1b2f03"", ""product-3fa6c6a2f63b6874c87d72d7"", ""product-59cdbfb146613563065547a9"", ""product-9d47414111bd966c67ad52e6"", ""product-9dacc3317fdafd5f5f8b7e4e"", ""product-b6728e6ba10804d291f441ce"", ""product-ec7edbbcf0e221f41e3541c4""]","[""Rivaroxaban"", ""Xarelto"", ""Xarelto 10 mg Filmtabletten"", ""Xarelto 15 mg Filmtabletten""]",substance-29e5f9ff2d8c21df2a7da5a5,Rivaroxaban,"[""Rivaroxaban""]",Rivaroxaban,ru-06cd1762b2fd8d34611978f5,src-003-001l-s3-prophylaxe-venoese-thromboembolie-vte-2026-04-f82c5686f6b7,"[""rec-e8d4612162e6425ac23dec68""]",[],,smpc_product_substance_to_guideline_mention,exact,1.0,"[{""evidence_id"": ""ru-004563cec4fb5673bb08c8ac"", ""pdf_pages_1based"": [82], ""printed_page_label"": ""82"", ""source_document_id"": ""src-xarelto-epar-product-information-de-c44980ed062d"", ""source_file_name"": ""xarelto-epar-product-information_de.pdf"", ""source_native_item_number"": null, ""source_role"": ""smPC"", ""source_status"": ""current_at_snapshot"", ""source_version_id"": ""sv-c44980ed062d9fa6a6b6a869""}, {""evidence_id"": ""ru-0060f0674f42d169c600fe61"", ""pdf_pages_1based"": [89], ""printed_page_label"": ""89"", ""source_document_id"": ""src-xarelto-epar-product-information-de-c44980ed062d"", ""source_file_name"": ""xarelto-epar-product-information_de.pdf"", ""source_native_item_number"": null, ""source_role"": ""smPC"", ""source_status"": ""current_at_snapshot"", ""source_version_id"": ""sv-c44980ed062d9fa6a6b6a869""}, {""evidence_id"": ""ru-00831f1d0c27eb3fa7f0b700"", ""pdf_pages_1based"": [168], ""printed_page_label"": ""168"", ""source_document_id"": ""src-xarelto-epar-product-information-de-c44980ed062d"", ""source_file_name"": ""xarelto-epar-product-information_de.pdf"", ""source_native_item_number"": null, ""source_role"": ""smPC"", ""source_status"": ""current_at_snapshot"", ""source_version_id"": ""sv-c44980ed062d9fa6a6b6a869""}]","{""evidence_id"": ""ru-06cd1762b2fd8d34611978f5"", ""pdf_pages_1based"": [150, 151], ""printed_page_label"": ""148-149"", ""source_document_id"": ""src-003-001l-s3-prophylaxe-venoese-thromboembolie-vte-2026-04-f82c5686f6b7"", ""source_file_name"": ""003-001l_S3_Prophylaxe-venoese-Thromboembolie-VTE_2026-04.pdf"", ""source_native_item_number"": null, ""source_role"": ""guideline"", ""source_status"": ""final"", ""source_version_id"": ""sv-f82c5686f6b71d42a7a43dcc""}","[""ru-004563cec4fb5673bb08c8ac"", ""ru-0060f0674f42d169c600fe61"", ""ru-00831f1d0c27eb3fa7f0b700"", ""ru-06cd1762b2fd8d34611978f5""]",True,True,active_validated,[]
smpc-guideline-bridge-1.0.0,bridge-4f02ceb0b1837097fcfb7e8a,cs-f61b3d4e90089c1b890c23cb,smPC_to_guideline,src-xarelto-epar-product-information-de-c44980ed062d,sv-c44980ed062d9fa6a6b6a869,xarelto-epar-product-information_de.pdf,"Xarelto, INN-rivaroxaban",Xarelto,"[""product-37ecfb7f824b082e22ca9d78"", ""product-3ce6f521d882066fdc1b2f03"", ""product-3fa6c6a2f63b6874c87d72d7"", ""product-59cdbfb146613563065547a9"", ""product-9d47414111bd966c67ad52e6"", ""product-9dacc3317fdafd5f5f8b7e4e"", ""product-b6728e6ba10804d291f441ce"", ""product-ec7edbbcf0e221f41e3541c4""]","[""Rivaroxaban"", ""Xarelto"", ""Xarelto 10 mg Filmtabletten"", ""Xarelto 15 mg Filmtabletten""]",substance-29e5f9ff2d8c21df2a7da5a5,Rivaroxaban,"[""Rivaroxaban""]",Rivaroxaban,ru-0825db077765a8d2382dfb1d,src-003-001l-s3-prophylaxe-venoese-thromboembolie-vte-2026-04-f82c5686f6b7,"[""rec-310686865693160877997432""]",[],,smpc_product_substance_to_guideline_mention,exact,1.0,"[{""evidence_id"": ""ru-004563cec4fb5673bb08c8ac"", ""pdf_pages_1based"": [82], ""printed_page_label"": ""82"", ""source_document_id"": ""src-xarelto-epar-product-information-de-c44980ed062d"", ""source_file_name"": ""xarelto-epar-product-information_de.pdf"", ""source_native_item_number"": null, ""source_role"": ""smPC"", ""source_status"": ""current_at_snapshot"", ""source_version_id"": ""sv-c44980ed062d9fa6a6b6a869""}, {""evidence_id"": ""ru-0060f0674f42d169c600fe61"", ""pdf_pages_1based"": [89], ""printed_page_label"": ""89"", ""source_document_id"": ""src-xarelto-epar-product-information-de-c44980ed062d"", ""source_file_name"": ""xarelto-epar-product-information_de.pdf"", ""source_native_item_number"": null, ""source_role"": ""smPC"", ""source_status"": ""current_at_snapshot"", ""source_version_id"": ""sv-c44980ed062d9fa6a6b6a869""}, {""evidence_id"": ""ru-00831f1d0c27eb3fa7f0b700"", ""pdf_pages_1based"": [168], ""printed_page_label"": ""168"", ""source_document_id"": ""src-xarelto-epar-product-information-de-c44980ed062d"", ""source_file_name"": ""xarelto-epar-product-information_de.pdf"", ""source_native_item_number"": null, ""source_role"": ""smPC"", ""source_status"": ""current_at_snapshot"", ""source_version_id"": ""sv-c44980ed062d9fa6a6b6a869""}]","{""evidence_id"": ""ru-0825db077765a8d2382dfb1d"", ""pdf_pages_1based"": [256], ""printed_page_label"": ""254"", ""source_document_id"": ""src-003-001l-s3-prophylaxe-venoese-thromboembolie-vte-2026-04-f82c5686f6b7"", ""source_file_name"": ""003-001l_S3_Prophylaxe-venoese-Thromboembolie-VTE_2026-04.pdf"", ""source_native_item_number"": null, ""source_role"": ""guideline"", ""source_status"": ""final"", ""source_version_id"": ""sv-f82c5686f6b71d42a7a43dcc""}","[""ru-004563cec4fb5673bb08c8ac"", ""ru-0060f0674f42d169c600fe61"", ""ru-00831f1d0c27eb3fa7f0b700"", ""ru-0825db077765a8d2382dfb1d""]",True,True,active_validated,[]
smpc-guideline-bridge-1.0.0,bridge-f810e3636d8e84fab7812bd7,cs-f61b3d4e90089c1b890c23cb,smPC_to_guideline,src-xarelto-epar-product-information-de-c44980ed062d,sv-c44980ed062d9fa6a6b6a869,xarelto-epar-product-information_de.pdf,"Xarelto, INN-rivaroxaban",Xarelto,"[""product-37ecfb7f824b082e22ca9d78"", ""product-3ce6f521d882066fdc1b2f03"", ""product-3fa6c6a2f63b6874c87d72d7"", ""product-59cdbfb146613563065547a9"", ""product-9d47414111bd966c67ad52e6"", ""product-9dacc3317fdafd5f5f8b7e4e"", ""product-b6728e6ba10804d291f441ce"", ""product-ec7edbbcf0e221f41e3541c4""]","[""Rivaroxaban"", ""Xarelto"", ""Xarelto 10 mg Filmtabletten"", ""Xarelto 15 mg Filmtabletten""]",substance-29e5f9ff2d8c21df2a7da5a5,Rivaroxaban,"[""Rivaroxaban""]",Rivaroxaban,ru-1d146e0646134c932ba819dc,src-003-001l-s3-prophylaxe-venoese-thromboembolie-vte-2026-04-f82c5686f6b7,"[""rec-1ef655b7c732f8ed44aa39af""]",[],,smpc_product_substance_to_guideline_mention,exact,1.0,"[{""evidence_id"": ""ru-004563cec4fb5673bb08c8ac"", ""pdf_pages_1based"": [82], ""printed_page_label"": ""82"", ""source_document_id"": ""src-xarelto-epar-product-information-de-c44980ed062d"", ""source_file_name"": ""xarelto-epar-product-information_de.pdf"", ""source_native_item_number"": null, ""source_role"": ""smPC"", ""source_status"": ""current_at_snapshot"", ""source_version_id"": ""sv-c44980ed062d9fa6a6b6a869""}, {""evidence_id"": ""ru-0060f0674f42d169c600fe61"", ""pdf_pages_1based"": [89], ""printed_page_label"": ""89"", ""source_document_id"": ""src-xarelto-epar-product-information-de-c44980ed062d"", ""source_file_name"": ""xarelto-epar-product-information_de.pdf"", ""source_native_item_number"": null, ""source_role"": ""smPC"", ""source_status"": ""current_at_snapshot"", ""source_version_id"": ""sv-c44980ed062d9fa6a6b6a869""}, {""evidence_id"": ""ru-00831f1d0c27eb3fa7f0b700"", ""pdf_pages_1based"": [168], ""printed_page_label"": ""168"", ""source_document_id"": ""src-xarelto-epar-product-information-de-c44980ed062d"", ""source_file_name"": ""xarelto-epar-product-information_de.pdf"", ""source_native_item_number"": null, ""source_role"": ""smPC"", ""source_status"": ""current_at_snapshot"", ""source_version_id"": ""sv-c44980ed062d9fa6a6b6a869""}]","{""evidence_id"": ""ru-1d146e0646134c932ba819dc"", ""pdf_pages_1based"": [111, 112], ""printed_page_label"": ""109"", ""source_document_id"": ""src-003-001l-s3-prophylaxe-venoese-thromboembolie-vte-2026-04-f82c5686f6b7"", ""source_file_name"": ""003-001l_S3_Prophylaxe-venoese-Thromboembolie-VTE_2026-04.pdf"", ""source_native_item_number"": null, ""source_role"": ""guideline"", ""source_status"": ""final"", ""source_version_id"": ""sv-f82c5686f6b71d42a7a43dcc""}","[""ru-004563cec4fb5673bb08c8ac"", ""ru-0060f0674f42d169c600fe61"", ""ru-00831f1d0c27eb3fa7f0b700"", ""ru-1d146e0646134c932ba819dc""]",True,True,active_validated,[]
smpc-guideline-bridge-1.0.0,bridge-04a9cd2dd5a76bc01033046a,cs-f61b3d4e90089c1b890c23cb,smPC_to_guideline,src-xarelto-epar-product-information-de-c44980ed062d,sv-c44980ed062d9fa6a6b6a869,xarelto-epar-product-information_de.pdf,"Xarelto, INN-rivaroxaban",Xarelto,"[""product-37ecfb7f824b082e22ca9d78"", ""product-3ce6f521d882066fdc1b2f03"", ""product-3fa6c6a2f63b6874c87d72d7"", ""product-59cdbfb146613563065547a9"", ""product-9d47414111bd966c67ad52e6"", ""product-9dacc3317fdafd5f5f8b7e4e"", ""product-b6728e6ba10804d291f441ce"", ""product-ec7edbbcf0e221f41e3541c4""]","[""Rivaroxaban"", ""Xarelto"", ""Xarelto 10 mg Filmtabletten"", ""Xarelto 15 mg Filmtabletten""]",substance-29e5f9ff2d8c21df2a7da5a5,Rivaroxaban,"[""Rivaroxaban""]",Rivaroxaban,ru-1eceadd0ed1dbe3b1b732f4c,src-003-001l-s3-prophylaxe-venoese-thromboembolie-vte-2026-04-f82c5686f6b7,"[""rec-9fd5a15e45408783f564da16""]",[],,smpc_product_substance_to_guideline_mention,exact,1.0,"[{""evidence_id"": ""ru-004563cec4fb5673bb08c8ac"", ""pdf_pages_1based"": [82], ""printed_page_label"": ""82"", ""source_document_id"": ""src-xarelto-epar-product-information-de-c44980ed062d"", ""source_file_name"": ""xarelto-epar-product-information_de.pdf"", ""source_native_item_number"": null, ""source_role"": ""smPC"", ""source_status"": ""current_at_snapshot"", ""source_version_id"": ""sv-c44980ed062d9fa6a6b6a869""}, {""evidence_id"": ""ru-0060f0674f42d169c600fe61"", ""pdf_pages_1based"": [89], ""printed_page_label"": ""89"", ""source_document_id"": ""src-xarelto-epar-product-information-de-c44980ed062d"", ""source_file_name"": ""xarelto-epar-product-information_de.pdf"", ""source_native_item_number"": null, ""source_role"": ""smPC"", ""source_status"": ""current_at_snapshot"", ""source_version_id"": ""sv-c44980ed062d9fa6a6b6a869""}, {""evidence_id"": ""ru-00831f1d0c27eb3fa7f0b700"", ""pdf_pages_1based"": [168], ""printed_page_label"": ""168"", ""source_document_id"": ""src-xarelto-epar-product-information-de-c44980ed062d"", ""source_file_name"": ""xarelto-epar-product-information_de.pdf"", ""source_native_item_number"": null, ""source_role"": ""smPC"", ""source_status"": ""current_at_snapshot"", ""source_version_id"": ""sv-c44980ed062d9fa6a6b6a869""}]","{""evidence_id"": ""ru-1eceadd0ed1dbe3b1b732f4c"", ""pdf_pages_1based"": [57], ""printed_page_label"": ""55"", ""source_document_id"": ""src-003-001l-s3-prophylaxe-venoese-thromboembolie-vte-2026-04-f82c5686f6b7"", ""source_file_name"": ""003-001l_S3_Prophylaxe-venoese-Thromboembolie-VTE_2026-04.pdf"", ""source_native_item_number"": null, ""source_role"": ""guideline"", ""source_status"": ""final"", ""source_version_id"": ""sv-f82c5686f6b71d42a7a43dcc""}","[""ru-004563cec4fb5673bb08c8ac"", ""ru-0060f0674f42d169c600fe61"", ""ru-00831f1d0c27eb3fa7f0b700"", ""ru-1eceadd0ed1dbe3b1b732f4c""]",True,True,active_validated,[]
smpc-guideline-bridge-1.0.0,bridge-dd8c218047a7bd7d71a932f8,cs-f61b3d4e90089c1b890c23cb,smPC_to_guideline,src-xarelto-epar-product-information-de-c44980ed062d,sv-c44980ed062d9fa6a6b6a869,xarelto-epar-product-information_de.pdf,"Xarelto, INN-rivaroxaban",Xarelto,"[""product-37ecfb7f824b082e22ca9d78"", ""product-3ce6f521d882066fdc1b2f03"", ""product-3fa6c6a2f63b6874c87d72d7"", ""product-59cdbfb146613563065547a9"", ""product-9d47414111bd966c67ad52e6"", ""product-9dacc3317fdafd5f5f8b7e4e"", ""product-b6728e6ba10804d291f441ce"", ""product-ec7edbbcf0e221f41e3541c4""]","[""Rivaroxaban"", ""Xarelto"", ""Xarelto 10 mg Filmtabletten"", ""Xarelto 15 mg Filmtabletten""]",substance-29e5f9ff2d8c21df2a7da5a5,Rivaroxaban,"[""Rivaroxaban""]",Rivaroxaban,ru-24e2bf911917d1a129de127e,src-003-001l-s3-prophylaxe-venoese-thromboembolie-vte-2026-04-f82c5686f6b7,"[""rec-db144dbe91746dc2f3f2cd8c""]",[],,smpc_product_substance_to_guideline_mention,exact,1.0,"[{""evidence_id"": ""ru-004563cec4fb5673bb08c8ac"", ""pdf_pages_1based"": [82], ""printed_page_label"": ""82"", ""source_document_id"": ""src-xarelto-epar-product-information-de-c44980ed062d"", ""source_file_name"": ""xarelto-epar-product-information_de.pdf"", ""source_native_item_number"": null, ""source_role"": ""smPC"", ""source_status"": ""current_at_snapshot"", ""source_version_id"": ""sv-c44980ed062d9fa6a6b6a869""}, {""evidence_id"": ""ru-0060f0674f42d169c600fe61"", ""pdf_pages_1based"": [89], ""printed_page_label"": ""89"", ""source_document_id"": ""src-xarelto-epar-product-information-de-c44980ed062d"", ""source_file_name"": ""xarelto-epar-product-information_de.pdf"", ""source_native_item_number"": null, ""source_role"": ""smPC"", ""source_status"": ""current_at_snapshot"", ""source_version_id"": ""sv-c44980ed062d9fa6a6b6a869""}, {""evidence_id"": ""ru-00831f1d0c27eb3fa7f0b700"", ""pdf_pages_1based"": [168], ""printed_page_label"": ""168"", ""source_document_id"": ""src-xarelto-epar-product-information-de-c44980ed062d"", ""source_file_name"": ""xarelto-epar-product-information_de.pdf"", ""source_native_item_number"": null, ""source_role"": ""smPC"", ""source_status"": ""current_at_snapshot"", ""source_version_id"": ""sv-c44980ed062d9fa6a6b6a869""}]","{""evidence_id"": ""ru-24e2bf911917d1a129de127e"", ""pdf_pages_1based"": [86, 87], ""printed_page_label"": ""84-85"", ""source_document_id"": ""src-003-001l-s3-prophylaxe-venoese-thromboembolie-vte-2026-04-f82c5686f6b7"", ""source_file_name"": ""003-001l_S3_Prophylaxe-venoese-Thromboembolie-VTE_2026-04.pdf"", ""source_native_item_number"": null, ""source_role"": ""guideline"", ""source_status"": ""final"", ""source_version_id"": ""sv-f82c5686f6b71d42a7a43dcc""}","[""ru-004563cec4fb5673bb08c8ac"", ""ru-0060f0674f42d169c600fe61"", ""ru-00831f1d0c27eb3fa7f0b700"", ""ru-24e2bf911917d1a129de127e""]",True,True,active_validated,[]
smpc-guideline-bridge-1.0.0,bridge-6d07ddb04c4def8f82abb692,cs-f61b3d4e90089c1b890c23cb,smPC_to_guideline,src-xarelto-epar-product-information-de-c44980ed062d,sv-c44980ed062d9fa6a6b6a869,xarelto-epar-product-information_de.pdf,"Xarelto, INN-rivaroxaban",Xarelto,"[""product-37ecfb7f824b082e22ca9d78"", ""product-3ce6f521d882066fdc1b2f03"", ""product-3fa6c6a2f63b6874c87d72d7"", ""product-59cdbfb146613563065547a9"", ""product-9d47414111bd966c67ad52e6"", ""product-9dacc3317fdafd5f5f8b7e4e"", ""product-b6728e6ba10804d291f441ce"", ""product-ec7edbbcf0e221f41e3541c4""]","[""Rivaroxaban"", ""Xarelto"", ""Xarelto 10 mg Filmtabletten"", ""Xarelto 15 mg Filmtabletten""]",substance-29e5f9ff2d8c21df2a7da5a5,Rivaroxaban,"[""Rivaroxaban""]",Rivaroxaban,ru-29e43196bfb2ec04269de1dc,src-003-001l-s3-prophylaxe-venoese-thromboembolie-vte-2026-04-f82c5686f6b7,"[""rec-7ee22319714e6056e43bca95""]",[],,smpc_product_substance_to_guideline_mention,exact,1.0,"[{""evidence_id"": ""ru-004563cec4fb5673bb08c8ac"", ""pdf_pages_1based"": [82], ""printed_page_label"": ""82"", ""source_document_id"": ""src-xarelto-epar-product-information-de-c44980ed062d"", ""source_file_name"": ""xarelto-epar-product-information_de.pdf"", ""source_native_item_number"": null, ""source_role"": ""smPC"", ""source_status"": ""current_at_snapshot"", ""source_version_id"": ""sv-c44980ed062d9fa6a6b6a869""}, {""evidence_id"": ""ru-0060f0674f42d169c600fe61"", ""pdf_pages_1based"": [89], ""printed_page_label"": ""89"", ""source_document_id"": ""src-xarelto-epar-product-information-de-c44980ed062d"", ""source_file_name"": ""xarelto-epar-product-information_de.pdf"", ""source_native_item_number"": null, ""source_role"": ""smPC"", ""source_status"": ""current_at_snapshot"", ""source_version_id"": ""sv-c44980ed062d9fa6a6b6a869""}, {""evidence_id"": ""ru-00831f1d0c27eb3fa7f0b700"", ""pdf_pages_1based"": [168], ""printed_page_label"": ""168"", ""source_document_id"": ""src-xarelto-epar-product-information-de-c44980ed062d"", ""source_file_name"": ""xarelto-epar-product-information_de.pdf"", ""source_native_item_number"": null, ""source_role"": ""smPC"", ""source_status"": ""current_at_snapshot"", ""source_version_id"": ""sv-c44980ed062d9fa6a6b6a869""}]","{""evidence_id"": ""ru-29e43196bfb2ec04269de1dc"", ""pdf_pages_1based"": [260], ""printed_page_label"": ""258"", ""source_document_id"": ""src-003-001l-s3-prophylaxe-venoese-thromboembolie-vte-2026-04-f82c5686f6b7"", ""source_file_name"": ""003-001l_S3_Prophylaxe-venoese-Thromboembolie-VTE_2026-04.pdf"", ""source_native_item_number"": null, ""source_role"": ""guideline"", ""source_status"": ""final"", ""source_version_id"": ""sv-f82c5686f6b71d42a7a43dcc""}","[""ru-004563cec4fb5673bb08c8ac"", ""ru-0060f0674f42d169c600fe61"", ""ru-00831f1d0c27eb3fa7f0b700"", ""ru-29e43196bfb2ec04269de1dc""]",True,True,active_validated,[]
smpc-guideline-bridge-1.0.0,bridge-a6646356751b51d3fe0f2290,cs-f61b3d4e90089c1b890c23cb,smPC_to_guideline,src-xarelto-epar-product-information-de-c44980ed062d,sv-c44980ed062d9fa6a6b6a869,xarelto-epar-product-information_de.pdf,"Xarelto, INN-rivaroxaban",Xarelto,"[""product-37ecfb7f824b082e22ca9d78"", ""product-3ce6f521d882066fdc1b2f03"", ""product-3fa6c6a2f63b6874c87d72d7"", ""product-59cdbfb146613563065547a9"", ""product-9d47414111bd966c67ad52e6"", ""product-9dacc3317fdafd5f5f8b7e4e"", ""product-b6728e6ba10804d291f441ce"", ""product-ec7edbbcf0e221f41e3541c4""]","[""Rivaroxaban"", ""Xarelto"", ""Xarelto 10 mg Filmtabletten"", ""Xarelto 15 mg Filmtabletten""]",substance-29e5f9ff2d8c21df2a7da5a5,Rivaroxaban,"[""Rivaroxaban""]",Rivaroxaban,ru-3597f7eb4e8a120e04dd5640,src-003-001l-s3-prophylaxe-venoese-thromboembolie-vte-2026-04-f82c5686f6b7,"[""rec-e2acc26f3f395113204614cc""]",[],,smpc_product_substance_to_guideline_mention,exact,1.0,"[{""evidence_id"": ""ru-004563cec4fb5673bb08c8ac"", ""pdf_pages_1based"": [82], ""printed_page_label"": ""82"", ""source_document_id"": ""src-xarelto-epar-product-information-de-c44980ed062d"", ""source_file_name"": ""xarelto-epar-product-information_de.pdf"", ""source_native_item_number"": null, ""source_role"": ""smPC"", ""source_status"": ""current_at_snapshot"", ""source_version_id"": ""sv-c44980ed062d9fa6a6b6a869""}, {""evidence_id"": ""ru-0060f0674f42d169c600fe61"", ""pdf_pages_1based"": [89], ""printed_page_label"": ""89"", ""source_document_id"": ""src-xarelto-epar-product-information-de-c44980ed062d"", ""source_file_name"": ""xarelto-epar-product-information_de.pdf"", ""source_native_item_number"": null, ""source_role"": ""smPC"", ""source_status"": ""current_at_snapshot"", ""source_version_id"": ""sv-c44980ed062d9fa6a6b6a869""}, {""evidence_id"": ""ru-00831f1d0c27eb3fa7f0b700"", ""pdf_pages_1based"": [168], ""printed_page_label"": ""168"", ""source_document_id"": ""src-xarelto-epar-product-information-de-c44980ed062d"", ""source_file_name"": ""xarelto-epar-product-information_de.pdf"", ""source_native_item_number"": null, ""source_role"": ""smPC"", ""source_status"": ""current_at_snapshot"", ""source_version_id"": ""sv-c44980ed062d9fa6a6b6a869""}]","{""evidence_id"": ""ru-3597f7eb4e8a120e04dd5640"", ""pdf_pages_1based"": [65], ""printed_page_label"": ""63"", ""source_document_id"": ""src-003-001l-s3-prophylaxe-venoese-thromboembolie-vte-2026-04-f82c5686f6b7"", ""source_file_name"": ""003-001l_S3_Prophylaxe-venoese-Thromboembolie-VTE_2026-04.pdf"", ""source_native_item_number"": null, ""source_role"": ""guideline"", ""source_status"": ""final"", ""source_version_id"": ""sv-f82c5686f6b71d42a7a43dcc""}","[""ru-004563cec4fb5673bb08c8ac"", ""ru-0060f0674f42d169c600fe61"", ""ru-00831f1d0c27eb3fa7f0b700"", ""ru-3597f7eb4e8a120e04dd5640""]",True,True,active_validated,[]
smpc-guideline-bridge-1.0.0,bridge-e44fa41d8b2c4ad1a768d3c7,cs-f61b3d4e90089c1b890c23cb,smPC_to_guideline,src-xarelto-epar-product-information-de-c44980ed062d,sv-c44980ed062d9fa6a6b6a869,xarelto-epar-product-information_de.pdf,"Xarelto, INN-rivaroxaban",Xarelto,"[""product-37ecfb7f824b082e22ca9d78"", ""product-3ce6f521d882066fdc1b2f03"", ""product-3fa6c6a2f63b6874c87d72d7"", ""product-59cdbfb146613563065547a9"", ""product-9d47414111bd966c67ad52e6"", ""product-9dacc3317fdafd5f5f8b7e4e"", ""product-b6728e6ba10804d291f441ce"", ""product-ec7edbbcf0e221f41e3541c4""]","[""Rivaroxaban"", ""Xarelto"", ""Xarelto 10 mg Filmtabletten"", ""Xarelto 15 mg Filmtabletten""]",substance-29e5f9ff2d8c21df2a7da5a5,Rivaroxaban,"[""Rivaroxaban""]",Rivaroxaban,ru-39debf28cb11f82cdb151662,src-003-001l-s3-prophylaxe-venoese-thromboembolie-vte-2026-04-f82c5686f6b7,"[""rec-18b51ac73c0043d1930f3853""]",[],,smpc_product_substance_to_guideline_mention,exact,1.0,"[{""evidence_id"": ""ru-004563cec4fb5673bb08c8ac"", ""pdf_pages_1based"": [82], ""printed_page_label"": ""82"", ""source_document_id"": ""src-xarelto-epar-product-information-de-c44980ed062d"", ""source_file_name"": ""xarelto-epar-product-information_de.pdf"", ""source_native_item_number"": null, ""source_role"": ""smPC"", ""source_status"": ""current_at_snapshot"", ""source_version_id"": ""sv-c44980ed062d9fa6a6b6a869""}, {""evidence_id"": ""ru-0060f0674f42d169c600fe61"", ""pdf_pages_1based"": [89], ""printed_page_label"": ""89"", ""source_document_id"": ""src-xarelto-epar-product-information-de-c44980ed062d"", ""source_file_name"": ""xarelto-epar-product-information_de.pdf"", ""source_native_item_number"": null, ""source_role"": ""smPC"", ""source_status"": ""current_at_snapshot"", ""source_version_id"": ""sv-c44980ed062d9fa6a6b6a869""}, {""evidence_id"": ""ru-00831f1d0c27eb3fa7f0b700"", ""pdf_pages_1based"": [168], ""printed_page_label"": ""168"", ""source_document_id"": ""src-xarelto-epar-product-information-de-c44980ed062d"", ""source_file_name"": ""xarelto-epar-product-information_de.pdf"", ""source_native_item_number"": null, ""source_role"": ""smPC"", ""source_status"": ""current_at_snapshot"", ""source_version_id"": ""sv-c44980ed062d9fa6a6b6a869""}]","{""evidence_id"": ""ru-39debf28cb11f82cdb151662"", ""pdf_pages_1based"": [111], ""printed_page_label"": ""109"", ""source_document_id"": ""src-003-001l-s3-prophylaxe-venoese-thromboembolie-vte-2026-04-f82c5686f6b7"", ""source_file_name"": ""003-001l_S3_Prophylaxe-venoese-Thromboembolie-VTE_2026-04.pdf"", ""source_native_item_number"": null, ""source_role"": ""guideline"", ""source_status"": ""final"", ""source_version_id"": ""sv-f82c5686f6b71d42a7a43dcc""}","[""ru-004563cec4fb5673bb08c8ac"", ""ru-0060f0674f42d169c600fe61"", ""ru-00831f1d0c27eb3fa7f0b700"", ""ru-39debf28cb11f82cdb151662""]",True,True,active_validated,[]
smpc-guideline-bridge-1.0.0,bridge-759885653b92a1442c9811c3,cs-f61b3d4e90089c1b890c23cb,smPC_to_guideline,src-xarelto-epar-product-information-de-c44980ed062d,sv-c44980ed062d9fa6a6b6a869,xarelto-epar-product-information_de.pdf,"Xarelto, INN-rivaroxaban",Xarelto,"[""product-37ecfb7f824b082e22ca9d78"", ""product-3ce6f521d882066fdc1b2f03"", ""product-3fa6c6a2f63b6874c87d72d7"", ""product-59cdbfb146613563065547a9"", ""product-9d47414111bd966c67ad52e6"", ""product-9dacc3317fdafd5f5f8b7e4e"", ""product-b6728e6ba10804d291f441ce"", ""product-ec7edbbcf0e221f41e3541c4""]","[""Rivaroxaban"", ""Xarelto"", ""Xarelto 10 mg Filmtabletten"", ""Xarelto 15 mg Filmtabletten""]",substance-29e5f9ff2d8c21df2a7da5a5,Rivaroxaban,"[""Rivaroxaban""]",Rivaroxaban,ru-42ca77dd2f8b555cc0f6d92f,src-003-001l-s3-prophylaxe-venoese-thromboembolie-vte-2026-04-f82c5686f6b7,"[""rec-00e732085e5cacfcb98396d8""]",[],,smpc_product_substance_to_guideline_mention,exact,1.0,"[{""evidence_id"": ""ru-004563cec4fb5673bb08c8ac"", ""pdf_pages_1based"": [82], ""printed_page_label"": ""82"", ""source_document_id"": ""src-xarelto-epar-product-information-de-c44980ed062d"", ""source_file_name"": ""xarelto-epar-product-information_de.pdf"", ""source_native_item_number"": null, ""source_role"": ""smPC"", ""source_status"": ""current_at_snapshot"", ""source_version_id"": ""sv-c44980ed062d9fa6a6b6a869""}, {""evidence_id"": ""ru-0060f0674f42d169c600fe61"", ""pdf_pages_1based"": [89], ""printed_page_label"": ""89"", ""source_document_id"": ""src-xarelto-epar-product-information-de-c44980ed062d"", ""source_file_name"": ""xarelto-epar-product-information_de.pdf"", ""source_native_item_number"": null, ""source_role"": ""smPC"", ""source_status"": ""current_at_snapshot"", ""source_version_id"": ""sv-c44980ed062d9fa6a6b6a869""}, {""evidence_id"": ""ru-00831f1d0c27eb3fa7f0b700"", ""pdf_pages_1based"": [168], ""printed_page_label"": ""168"", ""source_document_id"": ""src-xarelto-epar-product-information-de-c44980ed062d"", ""source_file_name"": ""xarelto-epar-product-information_de.pdf"", ""source_native_item_number"": null, ""source_role"": ""smPC"", ""source_status"": ""current_at_snapshot"", ""source_version_id"": ""sv-c44980ed062d9fa6a6b6a869""}]","{""evidence_id"": ""ru-42ca77dd2f8b555cc0f6d92f"", ""pdf_pages_1based"": [64], ""printed_page_label"": ""62"", ""source_document_id"": ""src-003-001l-s3-prophylaxe-venoese-thromboembolie-vte-2026-04-f82c5686f6b7"", ""source_file_name"": ""003-001l_S3_Prophylaxe-venoese-Thromboembolie-VTE_2026-04.pdf"", ""source_native_item_number"": null, ""source_role"": ""guideline"", ""source_status"": ""final"", ""source_version_id"": ""sv-f82c5686f6b71d42a7a43dcc""}","[""ru-004563cec4fb5673bb08c8ac"", ""ru-0060f0674f42d169c600fe61"", ""ru-00831f1d0c27eb3fa7f0b700"", ""ru-42ca77dd2f8b555cc0f6d92f""]",True,True,active_validated,[]
smpc-guideline-bridge-1.0.0,bridge-703b866ea712547d54d25e0c,cs-f61b3d4e90089c1b890c23cb,smPC_to_guideline,src-xarelto-epar-product-information-de-c44980ed062d,sv-c44980ed062d9fa6a6b6a869,xarelto-epar-product-information_de.pdf,"Xarelto, INN-rivaroxaban",Xarelto,"[""product-37ecfb7f824b082e22ca9d78"", ""product-3ce6f521d882066fdc1b2f03"", ""product-3fa6c6a2f63b6874c87d72d7"", ""product-59cdbfb146613563065547a9"", ""product-9d47414111bd966c67ad52e6"", ""product-9dacc3317fdafd5f5f8b7e4e"", ""product-b6728e6ba10804d291f441ce"", ""product-ec7edbbcf0e221f41e3541c4""]","[""Rivaroxaban"", ""Xarelto"", ""Xarelto 10 mg Filmtabletten"", ""Xarelto 15 mg Filmtabletten""]",substance-29e5f9ff2d8c21df2a7da5a5,Rivaroxaban,"[""Rivaroxaban""]",Rivaroxaban,ru-77bdcac50ce5a22bb3f52d18,src-003-001l-s3-prophylaxe-venoese-thromboembolie-vte-2026-04-f82c5686f6b7,"[""rec-7c155422c5c936cfe3605b6c""]",[],,smpc_product_substance_to_guideline_mention,exact,1.0,"[{""evidence_id"": ""ru-004563cec4fb5673bb08c8ac"", ""pdf_pages_1based"": [82], ""printed_page_label"": ""82"", ""source_document_id"": ""src-xarelto-epar-product-information-de-c44980ed062d"", ""source_file_name"": ""xarelto-epar-product-information_de.pdf"", ""source_native_item_number"": null, ""source_role"": ""smPC"", ""source_status"": ""current_at_snapshot"", ""source_version_id"": ""sv-c44980ed062d9fa6a6b6a869""}, {""evidence_id"": ""ru-0060f0674f42d169c600fe61"", ""pdf_pages_1based"": [89], ""printed_page_label"": ""89"", ""source_document_id"": ""src-xarelto-epar-product-information-de-c44980ed062d"", ""source_file_name"": ""xarelto-epar-product-information_de.pdf"", ""source_native_item_number"": null, ""source_role"": ""smPC"", ""source_status"": ""current_at_snapshot"", ""source_version_id"": ""sv-c44980ed062d9fa6a6b6a869""}, {""evidence_id"": ""ru-00831f1d0c27eb3fa7f0b700"", ""pdf_pages_1based"": [168], ""printed_page_label"": ""168"", ""source_document_id"": ""src-xarelto-epar-product-information-de-c44980ed062d"", ""source_file_name"": ""xarelto-epar-product-information_de.pdf"", ""source_native_item_number"": null, ""source_role"": ""smPC"", ""source_status"": ""current_at_snapshot"", ""source_version_id"": ""sv-c44980ed062d9fa6a6b6a869""}]","{""evidence_id"": ""ru-77bdcac50ce5a22bb3f52d18"", ""pdf_pages_1based"": [274], ""printed_page_label"": ""272"", ""source_document_id"": ""src-003-001l-s3-prophylaxe-venoese-thromboembolie-vte-2026-04-f82c5686f6b7"", ""source_file_name"": ""003-001l_S3_Prophylaxe-venoese-Thromboembolie-VTE_2026-04.pdf"", ""source_native_item_number"": null, ""source_role"": ""guideline"", ""source_status"": ""final"", ""source_version_id"": ""sv-f82c5686f6b71d42a7a43dcc""}","[""ru-004563cec4fb5673bb08c8ac"", ""ru-0060f0674f42d169c600fe61"", ""ru-00831f1d0c27eb3fa7f0b700"", ""ru-77bdcac50ce5a22bb3f52d18""]",True,True,active_validated,[]
smpc-guideline-bridge-1.0.0,bridge-0a72b318f28e8dcc9598b4dc,cs-f61b3d4e90089c1b890c23cb,smPC_to_guideline,src-xarelto-epar-product-information-de-c44980ed062d,sv-c44980ed062d9fa6a6b6a869,xarelto-epar-product-information_de.pdf,"Xarelto, INN-rivaroxaban",Xarelto,"[""product-37ecfb7f824b082e22ca9d78"", ""product-3ce6f521d882066fdc1b2f03"", ""product-3fa6c6a2f63b6874c87d72d7"", ""product-59cdbfb146613563065547a9"", ""product-9d47414111bd966c67ad52e6"", ""product-9dacc3317fdafd5f5f8b7e4e"", ""product-b6728e6ba10804d291f441ce"", ""product-ec7edbbcf0e221f41e3541c4""]","[""Rivaroxaban"", ""Xarelto"", ""Xarelto 10 mg Filmtabletten"", ""Xarelto 15 mg Filmtabletten""]",substance-29e5f9ff2d8c21df2a7da5a5,Rivaroxaban,"[""Rivaroxaban""]",Rivaroxaban,ru-82e99417c5794c69d1096b37,src-003-001l-s3-prophylaxe-venoese-thromboembolie-vte-2026-04-f82c5686f6b7,"[""rec-7cb7e0755823a82f8add0960""]",[],,smpc_product_substance_to_guideline_mention,exact,1.0,"[{""evidence_id"": ""ru-004563cec4fb5673bb08c8ac"", ""pdf_pages_1based"": [82], ""printed_page_label"": ""82"", ""source_document_id"": ""src-xarelto-epar-product-information-de-c44980ed062d"", ""source_file_name"": ""xarelto-epar-product-information_de.pdf"", ""source_native_item_number"": null, ""source_role"": ""smPC"", ""source_status"": ""current_at_snapshot"", ""source_version_id"": ""sv-c44980ed062d9fa6a6b6a869""}, {""evidence_id"": ""ru-0060f0674f42d169c600fe61"", ""pdf_pages_1based"": [89], ""printed_page_label"": ""89"", ""source_document_id"": ""src-xarelto-epar-product-information-de-c44980ed062d"", ""source_file_name"": ""xarelto-epar-product-information_de.pdf"", ""source_native_item_number"": null, ""source_role"": ""smPC"", ""source_status"": ""current_at_snapshot"", ""source_version_id"": ""sv-c44980ed062d9fa6a6b6a869""}, {""evidence_id"": ""ru-00831f1d0c27eb3fa7f0b700"", ""pdf_pages_1based"": [168], ""printed_page_label"": ""168"", ""source_document_id"": ""src-xarelto-epar-product-information-de-c44980ed062d"", ""source_file_name"": ""xarelto-epar-product-information_de.pdf"", ""source_native_item_number"": null, ""source_role"": ""smPC"", ""source_status"": ""current_at_snapshot"", ""source_version_id"": ""sv-c44980ed062d9fa6a6b6a869""}]","{""evidence_id"": ""ru-82e99417c5794c69d1096b37"", ""pdf_pages_1based"": [117], ""printed_page_label"": ""115"", ""source_document_id"": ""src-003-001l-s3-prophylaxe-venoese-thromboembolie-vte-2026-04-f82c5686f6b7"", ""source_file_name"": ""003-001l_S3_Prophylaxe-venoese-Thromboembolie-VTE_2026-04.pdf"", ""source_native_item_number"": null, ""source_role"": ""guideline"", ""source_status"": ""final"", ""source_version_id"": ""sv-f82c5686f6b71d42a7a43dcc""}","[""ru-004563cec4fb5673bb08c8ac"", ""ru-0060f0674f42d169c600fe61"", ""ru-00831f1d0c27eb3fa7f0b700"", ""ru-82e99417c5794c69d1096b37""]",True,True,active_validated,[]
smpc-guideline-bridge-1.0.0,bridge-462afcbdb6b31e01aceeb32c,cs-f61b3d4e90089c1b890c23cb,smPC_to_guideline,src-xarelto-epar-product-information-de-c44980ed062d,sv-c44980ed062d9fa6a6b6a869,xarelto-epar-product-information_de.pdf,"Xarelto, INN-rivaroxaban",Xarelto,"[""product-37ecfb7f824b082e22ca9d78"", ""product-3ce6f521d882066fdc1b2f03"", ""product-3fa6c6a2f63b6874c87d72d7"", ""product-59cdbfb146613563065547a9"", ""product-9d47414111bd966c67ad52e6"", ""product-9dacc3317fdafd5f5f8b7e4e"", ""product-b6728e6ba10804d291f441ce"", ""product-ec7edbbcf0e221f41e3541c4""]","[""Rivaroxaban"", ""Xarelto"", ""Xarelto 10 mg Filmtabletten"", ""Xarelto 15 mg Filmtabletten""]",substance-29e5f9ff2d8c21df2a7da5a5,Rivaroxaban,"[""Rivaroxaban""]",Rivaroxaban,ru-8c68187e2f7266f6af4ae0fc,src-003-001l-s3-prophylaxe-venoese-thromboembolie-vte-2026-04-f82c5686f6b7,"[""rec-2091b07d2f8993d0b4cccb01""]",[],,smpc_product_substance_to_guideline_mention,exact,1.0,"[{""evidence_id"": ""ru-004563cec4fb5673bb08c8ac"", ""pdf_pages_1based"": [82], ""printed_page_label"": ""82"", ""source_document_id"": ""src-xarelto-epar-product-information-de-c44980ed062d"", ""source_file_name"": ""xarelto-epar-product-information_de.pdf"", ""source_native_item_number"": null, ""source_role"": ""smPC"", ""source_status"": ""current_at_snapshot"", ""source_version_id"": ""sv-c44980ed062d9fa6a6b6a869""}, {""evidence_id"": ""ru-0060f0674f42d169c600fe61"", ""pdf_pages_1based"": [89], ""printed_page_label"": ""89"", ""source_document_id"": ""src-xarelto-epar-product-information-de-c44980ed062d"", ""source_file_name"": ""xarelto-epar-product-information_de.pdf"", ""source_native_item_number"": null, ""source_role"": ""smPC"", ""source_status"": ""current_at_snapshot"", ""source_version_id"": ""sv-c44980ed062d9fa6a6b6a869""}, {""evidence_id"": ""ru-00831f1d0c27eb3fa7f0b700"", ""pdf_pages_1based"": [168], ""printed_page_label"": ""168"", ""source_document_id"": ""src-xarelto-epar-product-information-de-c44980ed062d"", ""source_file_name"": ""xarelto-epar-product-information_de.pdf"", ""source_native_item_number"": null, ""source_role"": ""smPC"", ""source_status"": ""current_at_snapshot"", ""source_version_id"": ""sv-c44980ed062d9fa6a6b6a869""}]","{""evidence_id"": ""ru-8c68187e2f7266f6af4ae0fc"", ""pdf_pages_1based"": [270], ""printed_page_label"": ""268"", ""source_document_id"": ""src-003-001l-s3-prophylaxe-venoese-thromboembolie-vte-2026-04-f82c5686f6b7"", ""source_file_name"": ""003-001l_S3_Prophylaxe-venoese-Thromboembolie-VTE_2026-04.pdf"", ""source_native_item_number"": null, ""source_role"": ""guideline"", ""source_status"": ""final"", ""source_version_id"": ""sv-f82c5686f6b71d42a7a43dcc""}","[""ru-004563cec4fb5673bb08c8ac"", ""ru-0060f0674f42d169c600fe61"", ""ru-00831f1d0c27eb3fa7f0b700"", ""ru-8c68187e2f7266f6af4ae0fc""]",True,True,active_validated,[]
smpc-guideline-bridge-1.0.0,bridge-b85998076983b57ea0280214,cs-f61b3d4e90089c1b890c23cb,smPC_to_guideline,src-xarelto-epar-product-information-de-c44980ed062d,sv-c44980ed062d9fa6a6b6a869,xarelto-epar-product-information_de.pdf,"Xarelto, INN-rivaroxaban",Xarelto,"[""product-37ecfb7f824b082e22ca9d78"", ""product-3ce6f521d882066fdc1b2f03"", ""product-3fa6c6a2f63b6874c87d72d7"", ""product-59cdbfb146613563065547a9"", ""product-9d47414111bd966c67ad52e6"", ""product-9dacc3317fdafd5f5f8b7e4e"", ""product-b6728e6ba10804d291f441ce"", ""product-ec7edbbcf0e221f41e3541c4""]","[""Rivaroxaban"", ""Xarelto"", ""Xarelto 10 mg Filmtabletten"", ""Xarelto 15 mg Filmtabletten""]",substance-29e5f9ff2d8c21df2a7da5a5,Rivaroxaban,"[""Rivaroxaban""]",Rivaroxaban,ru-958e78306bc109d40dcdda9a,src-003-001l-s3-prophylaxe-venoese-thromboembolie-vte-2026-04-f82c5686f6b7,"[""rec-4ef8121cd80b982669220977""]",[],,smpc_product_substance_to_guideline_mention,exact,1.0,"[{""evidence_id"": ""ru-004563cec4fb5673bb08c8ac"", ""pdf_pages_1based"": [82], ""printed_page_label"": ""82"", ""source_document_id"": ""src-xarelto-epar-product-information-de-c44980ed062d"", ""source_file_name"": ""xarelto-epar-product-information_de.pdf"", ""source_native_item_number"": null, ""source_role"": ""smPC"", ""source_status"": ""current_at_snapshot"", ""source_version_id"": ""sv-c44980ed062d9fa6a6b6a869""}, {""evidence_id"": ""ru-0060f0674f42d169c600fe61"", ""pdf_pages_1based"": [89], ""printed_page_label"": ""89"", ""source_document_id"": ""src-xarelto-epar-product-information-de-c44980ed062d"", ""source_file_name"": ""xarelto-epar-product-information_de.pdf"", ""source_native_item_number"": null, ""source_role"": ""smPC"", ""source_status"": ""current_at_snapshot"", ""source_version_id"": ""sv-c44980ed062d9fa6a6b6a869""}, {""evidence_id"": ""ru-00831f1d0c27eb3fa7f0b700"", ""pdf_pages_1based"": [168], ""printed_page_label"": ""168"", ""source_document_id"": ""src-xarelto-epar-product-information-de-c44980ed062d"", ""source_file_name"": ""xarelto-epar-product-information_de.pdf"", ""source_native_item_number"": null, ""source_role"": ""smPC"", ""source_status"": ""current_at_snapshot"", ""source_version_id"": ""sv-c44980ed062d9fa6a6b6a869""}]","{""evidence_id"": ""ru-958e78306bc109d40dcdda9a"", ""pdf_pages_1based"": [118], ""printed_page_label"": ""116"", ""source_document_id"": ""src-003-001l-s3-prophylaxe-venoese-thromboembolie-vte-2026-04-f82c5686f6b7"", ""source_file_name"": ""003-001l_S3_Prophylaxe-venoese-Thromboembolie-VTE_2026-04.pdf"", ""source_native_item_number"": null, ""source_role"": ""guideline"", ""source_status"": ""final"", ""source_version_id"": ""sv-f82c5686f6b71d42a7a43dcc""}","[""ru-004563cec4fb5673bb08c8ac"", ""ru-0060f0674f42d169c600fe61"", ""ru-00831f1d0c27eb3fa7f0b700"", ""ru-958e78306bc109d40dcdda9a""]",True,True,active_validated,[]
smpc-guideline-bridge-1.0.0,bridge-790d7b86c46019f9d6483be9,cs-f61b3d4e90089c1b890c23cb,smPC_to_guideline,src-xarelto-epar-product-information-de-c44980ed062d,sv-c44980ed062d9fa6a6b6a869,xarelto-epar-product-information_de.pdf,"Xarelto, INN-rivaroxaban",Xarelto,"[""product-37ecfb7f824b082e22ca9d78"", ""product-3ce6f521d882066fdc1b2f03"", ""product-3fa6c6a2f63b6874c87d72d7"", ""product-59cdbfb146613563065547a9"", ""product-9d47414111bd966c67ad52e6"", ""product-9dacc3317fdafd5f5f8b7e4e"", ""product-b6728e6ba10804d291f441ce"", ""product-ec7edbbcf0e221f41e3541c4""]","[""Rivaroxaban"", ""Xarelto"", ""Xarelto 10 mg Filmtabletten"", ""Xarelto 15 mg Filmtabletten""]",substance-29e5f9ff2d8c21df2a7da5a5,Rivaroxaban,"[""Rivaroxaban""]",Rivaroxaban,ru-a5914fb302fa1ca4f996628e,src-003-001l-s3-prophylaxe-venoese-thromboembolie-vte-2026-04-f82c5686f6b7,"[""rec-4350fa7d72a84a7bc84e52f4""]",[],,smpc_product_substance_to_guideline_mention,exact,1.0,"[{""evidence_id"": ""ru-004563cec4fb5673bb08c8ac"", ""pdf_pages_1based"": [82], ""printed_page_label"": ""82"", ""source_document_id"": ""src-xarelto-epar-product-information-de-c44980ed062d"", ""source_file_name"": ""xarelto-epar-product-information_de.pdf"", ""source_native_item_number"": null, ""source_role"": ""smPC"", ""source_status"": ""current_at_snapshot"", ""source_version_id"": ""sv-c44980ed062d9fa6a6b6a869""}, {""evidence_id"": ""ru-0060f0674f42d169c600fe61"", ""pdf_pages_1based"": [89], ""printed_page_label"": ""89"", ""source_document_id"": ""src-xarelto-epar-product-information-de-c44980ed062d"", ""source_file_name"": ""xarelto-epar-product-information_de.pdf"", ""source_native_item_number"": null, ""source_role"": ""smPC"", ""source_status"": ""current_at_snapshot"", ""source_version_id"": ""sv-c44980ed062d9fa6a6b6a869""}, {""evidence_id"": ""ru-00831f1d0c27eb3fa7f0b700"", ""pdf_pages_1based"": [168], ""printed_page_label"": ""168"", ""source_document_id"": ""src-xarelto-epar-product-information-de-c44980ed062d"", ""source_file_name"": ""xarelto-epar-product-information_de.pdf"", ""source_native_item_number"": null, ""source_role"": ""smPC"", ""source_status"": ""current_at_snapshot"", ""source_version_id"": ""sv-c44980ed062d9fa6a6b6a869""}]","{""evidence_id"": ""ru-a5914fb302fa1ca4f996628e"", ""pdf_pages_1based"": [151], ""printed_page_label"": ""149"", ""source_document_id"": ""src-003-001l-s3-prophylaxe-venoese-thromboembolie-vte-2026-04-f82c5686f6b7"", ""source_file_name"": ""003-001l_S3_Prophylaxe-venoese-Thromboembolie-VTE_2026-04.pdf"", ""source_native_item_number"": null, ""source_role"": ""guideline"", ""source_status"": ""final"", ""source_version_id"": ""sv-f82c5686f6b71d42a7a43dcc""}","[""ru-004563cec4fb5673bb08c8ac"", ""ru-0060f0674f42d169c600fe61"", ""ru-00831f1d0c27eb3fa7f0b700"", ""ru-a5914fb302fa1ca4f996628e""]",True,True,active_validated,[]
smpc-guideline-bridge-1.0.0,bridge-f3af52df30a997276283792c,cs-f61b3d4e90089c1b890c23cb,smPC_to_guideline,src-xarelto-epar-product-information-de-c44980ed062d,sv-c44980ed062d9fa6a6b6a869,xarelto-epar-product-information_de.pdf,"Xarelto, INN-rivaroxaban",Xarelto,"[""product-37ecfb7f824b082e22ca9d78"", ""product-3ce6f521d882066fdc1b2f03"", ""product-3fa6c6a2f63b6874c87d72d7"", ""product-59cdbfb146613563065547a9"", ""product-9d47414111bd966c67ad52e6"", ""product-9dacc3317fdafd5f5f8b7e4e"", ""product-b6728e6ba10804d291f441ce"", ""product-ec7edbbcf0e221f41e3541c4""]","[""Rivaroxaban"", ""Xarelto"", ""Xarelto 10 mg Filmtabletten"", ""Xarelto 15 mg Filmtabletten""]",substance-29e5f9ff2d8c21df2a7da5a5,Rivaroxaban,"[""Rivaroxaban""]",Rivaroxaban,ru-a92a748160b9bdda3aa378a5,src-003-001l-s3-prophylaxe-venoese-thromboembolie-vte-2026-04-f82c5686f6b7,"[""rec-0ecadc60871a5a25bfb8a08a""]",[],,smpc_product_substance_to_guideline_mention,exact,1.0,"[{""evidence_id"": ""ru-004563cec4fb5673bb08c8ac"", ""pdf_pages_1based"": [82], ""printed_page_label"": ""82"", ""source_document_id"": ""src-xarelto-epar-product-information-de-c44980ed062d"", ""source_file_name"": ""xarelto-epar-product-information_de.pdf"", ""source_native_item_number"": null, ""source_role"": ""smPC"", ""source_status"": ""current_at_snapshot"", ""source_version_id"": ""sv-c44980ed062d9fa6a6b6a869""}, {""evidence_id"": ""ru-0060f0674f42d169c600fe61"", ""pdf_pages_1based"": [89], ""printed_page_label"": ""89"", ""source_document_id"": ""src-xarelto-epar-product-information-de-c44980ed062d"", ""source_file_name"": ""xarelto-epar-product-information_de.pdf"", ""source_native_item_number"": null, ""source_role"": ""smPC"", ""source_status"": ""current_at_snapshot"", ""source_version_id"": ""sv-c44980ed062d9fa6a6b6a869""}, {""evidence_id"": ""ru-00831f1d0c27eb3fa7f0b700"", ""pdf_pages_1based"": [168], ""printed_page_label"": ""168"", ""source_document_id"": ""src-xarelto-epar-product-information-de-c44980ed062d"", ""source_file_name"": ""xarelto-epar-product-information_de.pdf"", ""source_native_item_number"": null, ""source_role"": ""smPC"", ""source_status"": ""current_at_snapshot"", ""source_version_id"": ""sv-c44980ed062d9fa6a6b6a869""}]","{""evidence_id"": ""ru-a92a748160b9bdda3aa378a5"", ""pdf_pages_1based"": [55], ""printed_page_label"": ""53"", ""source_document_id"": ""src-003-001l-s3-prophylaxe-venoese-thromboembolie-vte-2026-04-f82c5686f6b7"", ""source_file_name"": ""003-001l_S3_Prophylaxe-venoese-Thromboembolie-VTE_2026-04.pdf"", ""source_native_item_number"": null, ""source_role"": ""guideline"", ""source_status"": ""final"", ""source_version_id"": ""sv-f82c5686f6b71d42a7a43dcc""}","[""ru-004563cec4fb5673bb08c8ac"", ""ru-0060f0674f42d169c600fe61"", ""ru-00831f1d0c27eb3fa7f0b700"", ""ru-a92a748160b9bdda3aa378a5""]",True,True,active_validated,[]
smpc-guideline-bridge-1.0.0,bridge-329841ef8f0f63e150a0ee44,cs-f61b3d4e90089c1b890c23cb,smPC_to_guideline,src-xarelto-epar-product-information-de-c44980ed062d,sv-c44980ed062d9fa6a6b6a869,xarelto-epar-product-information_de.pdf,"Xarelto, INN-rivaroxaban",Xarelto,"[""product-37ecfb7f824b082e22ca9d78"", ""product-3ce6f521d882066fdc1b2f03"", ""product-3fa6c6a2f63b6874c87d72d7"", ""product-59cdbfb146613563065547a9"", ""product-9d47414111bd966c67ad52e6"", ""product-9dacc3317fdafd5f5f8b7e4e"", ""product-b6728e6ba10804d291f441ce"", ""product-ec7edbbcf0e221f41e3541c4""]","[""Rivaroxaban"", ""Xarelto"", ""Xarelto 10 mg Filmtabletten"", ""Xarelto 15 mg Filmtabletten""]",substance-29e5f9ff2d8c21df2a7da5a5,Rivaroxaban,"[""Rivaroxaban""]",Rivaroxaban,ru-ab02b153a53b35e231f19c12,src-003-001l-s3-prophylaxe-venoese-thromboembolie-vte-2026-04-f82c5686f6b7,"[""rec-19609a6f32fd53b8153002e2""]",[],,smpc_product_substance_to_guideline_mention,exact,1.0,"[{""evidence_id"": ""ru-004563cec4fb5673bb08c8ac"", ""pdf_pages_1based"": [82], ""printed_page_label"": ""82"", ""source_document_id"": ""src-xarelto-epar-product-information-de-c44980ed062d"", ""source_file_name"": ""xarelto-epar-product-information_de.pdf"", ""source_native_item_number"": null, ""source_role"": ""smPC"", ""source_status"": ""current_at_snapshot"", ""source_version_id"": ""sv-c44980ed062d9fa6a6b6a869""}, {""evidence_id"": ""ru-0060f0674f42d169c600fe61"", ""pdf_pages_1based"": [89], ""printed_page_label"": ""89"", ""source_document_id"": ""src-xarelto-epar-product-information-de-c44980ed062d"", ""source_file_name"": ""xarelto-epar-product-information_de.pdf"", ""source_native_item_number"": null, ""source_role"": ""smPC"", ""source_status"": ""current_at_snapshot"", ""source_version_id"": ""sv-c44980ed062d9fa6a6b6a869""}, {""evidence_id"": ""ru-00831f1d0c27eb3fa7f0b700"", ""pdf_pages_1based"": [168], ""printed_page_label"": ""168"", ""source_document_id"": ""src-xarelto-epar-product-information-de-c44980ed062d"", ""source_file_name"": ""xarelto-epar-product-information_de.pdf"", ""source_native_item_number"": null, ""source_role"": ""smPC"", ""source_status"": ""current_at_snapshot"", ""source_version_id"": ""sv-c44980ed062d9fa6a6b6a869""}]","{""evidence_id"": ""ru-ab02b153a53b35e231f19c12"", ""pdf_pages_1based"": [78], ""printed_page_label"": ""76"", ""source_document_id"": ""src-003-001l-s3-prophylaxe-venoese-thromboembolie-vte-2026-04-f82c5686f6b7"", ""source_file_name"": ""003-001l_S3_Prophylaxe-venoese-Thromboembolie-VTE_2026-04.pdf"", ""source_native_item_number"": null, ""source_role"": ""guideline"", ""source_status"": ""final"", ""source_version_id"": ""sv-f82c5686f6b71d42a7a43dcc""}","[""ru-004563cec4fb5673bb08c8ac"", ""ru-0060f0674f42d169c600fe61"", ""ru-00831f1d0c27eb3fa7f0b700"", ""ru-ab02b153a53b35e231f19c12""]",True,True,active_validated,[]
smpc-guideline-bridge-1.0.0,bridge-01685aef7c24c3f0274bd991,cs-f61b3d4e90089c1b890c23cb,smPC_to_guideline,src-xarelto-epar-product-information-de-c44980ed062d,sv-c44980ed062d9fa6a6b6a869,xarelto-epar-product-information_de.pdf,"Xarelto, INN-rivaroxaban",Xarelto,"[""product-37ecfb7f824b082e22ca9d78"", ""product-3ce6f521d882066fdc1b2f03"", ""product-3fa6c6a2f63b6874c87d72d7"", ""product-59cdbfb146613563065547a9"", ""product-9d47414111bd966c67ad52e6"", ""product-9dacc3317fdafd5f5f8b7e4e"", ""product-b6728e6ba10804d291f441ce"", ""product-ec7edbbcf0e221f41e3541c4""]","[""Rivaroxaban"", ""Xarelto"", ""Xarelto 10 mg Filmtabletten"", ""Xarelto 15 mg Filmtabletten""]",substance-29e5f9ff2d8c21df2a7da5a5,Rivaroxaban,"[""Rivaroxaban""]",Rivaroxaban,ru-b20772c02303687a67df25b7,src-003-001l-s3-prophylaxe-venoese-thromboembolie-vte-2026-04-f82c5686f6b7,"[""rec-04347fc50a0b9ddac27f2b38""]",[],,smpc_product_substance_to_guideline_mention,exact,1.0,"[{""evidence_id"": ""ru-004563cec4fb5673bb08c8ac"", ""pdf_pages_1based"": [82], ""printed_page_label"": ""82"", ""source_document_id"": ""src-xarelto-epar-product-information-de-c44980ed062d"", ""source_file_name"": ""xarelto-epar-product-information_de.pdf"", ""source_native_item_number"": null, ""source_role"": ""smPC"", ""source_status"": ""current_at_snapshot"", ""source_version_id"": ""sv-c44980ed062d9fa6a6b6a869""}, {""evidence_id"": ""ru-0060f0674f42d169c600fe61"", ""pdf_pages_1based"": [89], ""printed_page_label"": ""89"", ""source_document_id"": ""src-xarelto-epar-product-information-de-c44980ed062d"", ""source_file_name"": ""xarelto-epar-product-information_de.pdf"", ""source_native_item_number"": null, ""source_role"": ""smPC"", ""source_status"": ""current_at_snapshot"", ""source_version_id"": ""sv-c44980ed062d9fa6a6b6a869""}, {""evidence_id"": ""ru-00831f1d0c27eb3fa7f0b700"", ""pdf_pages_1based"": [168], ""printed_page_label"": ""168"", ""source_document_id"": ""src-xarelto-epar-product-information-de-c44980ed062d"", ""source_file_name"": ""xarelto-epar-product-information_de.pdf"", ""source_native_item_number"": null, ""source_role"": ""smPC"", ""source_status"": ""current_at_snapshot"", ""source_version_id"": ""sv-c44980ed062d9fa6a6b6a869""}]","{""evidence_id"": ""ru-b20772c02303687a67df25b7"", ""pdf_pages_1based"": [96], ""printed_page_label"": ""94"", ""source_document_id"": ""src-003-001l-s3-prophylaxe-venoese-thromboembolie-vte-2026-04-f82c5686f6b7"", ""source_file_name"": ""003-001l_S3_Prophylaxe-venoese-Thromboembolie-VTE_2026-04.pdf"", ""source_native_item_number"": null, ""source_role"": ""guideline"", ""source_status"": ""final"", ""source_version_id"": ""sv-f82c5686f6b71d42a7a43dcc""}","[""ru-004563cec4fb5673bb08c8ac"", ""ru-0060f0674f42d169c600fe61"", ""ru-00831f1d0c27eb3fa7f0b700"", ""ru-b20772c02303687a67df25b7""]",True,True,active_validated,[]
smpc-guideline-bridge-1.0.0,bridge-f563949fa8a22c5e6a74bda2,cs-f61b3d4e90089c1b890c23cb,smPC_to_guideline,src-xarelto-epar-product-information-de-c44980ed062d,sv-c44980ed062d9fa6a6b6a869,xarelto-epar-product-information_de.pdf,"Xarelto, INN-rivaroxaban",Xarelto,"[""product-37ecfb7f824b082e22ca9d78"", ""product-3ce6f521d882066fdc1b2f03"", ""product-3fa6c6a2f63b6874c87d72d7"", ""product-59cdbfb146613563065547a9"", ""product-9d47414111bd966c67ad52e6"", ""product-9dacc3317fdafd5f5f8b7e4e"", ""product-b6728e6ba10804d291f441ce"", ""product-ec7edbbcf0e221f41e3541c4""]","[""Rivaroxaban"", ""Xarelto"", ""Xarelto 10 mg Filmtabletten"", ""Xarelto 15 mg Filmtabletten""]",substance-29e5f9ff2d8c21df2a7da5a5,Rivaroxaban,"[""Rivaroxaban""]",Rivaroxaban,ru-c0d55f6c463742f6ff57338d,src-003-001l-s3-prophylaxe-venoese-thromboembolie-vte-2026-04-f82c5686f6b7,"[""rec-92b7ffe4b10c5b3a6a4142eb""]",[],,smpc_product_substance_to_guideline_mention,exact,1.0,"[{""evidence_id"": ""ru-004563cec4fb5673bb08c8ac"", ""pdf_pages_1based"": [82], ""printed_page_label"": ""82"", ""source_document_id"": ""src-xarelto-epar-product-information-de-c44980ed062d"", ""source_file_name"": ""xarelto-epar-product-information_de.pdf"", ""source_native_item_number"": null, ""source_role"": ""smPC"", ""source_status"": ""current_at_snapshot"", ""source_version_id"": ""sv-c44980ed062d9fa6a6b6a869""}, {""evidence_id"": ""ru-0060f0674f42d169c600fe61"", ""pdf_pages_1based"": [89], ""printed_page_label"": ""89"", ""source_document_id"": ""src-xarelto-epar-product-information-de-c44980ed062d"", ""source_file_name"": ""xarelto-epar-product-information_de.pdf"", ""source_native_item_number"": null, ""source_role"": ""smPC"", ""source_status"": ""current_at_snapshot"", ""source_version_id"": ""sv-c44980ed062d9fa6a6b6a869""}, {""evidence_id"": ""ru-00831f1d0c27eb3fa7f0b700"", ""pdf_pages_1based"": [168], ""printed_page_label"": ""168"", ""source_document_id"": ""src-xarelto-epar-product-information-de-c44980ed062d"", ""source_file_name"": ""xarelto-epar-product-information_de.pdf"", ""source_native_item_number"": null, ""source_role"": ""smPC"", ""source_status"": ""current_at_snapshot"", ""source_version_id"": ""sv-c44980ed062d9fa6a6b6a869""}]","{""evidence_id"": ""ru-c0d55f6c463742f6ff57338d"", ""pdf_pages_1based"": [125], ""printed_page_label"": ""123"", ""source_document_id"": ""src-003-001l-s3-prophylaxe-venoese-thromboembolie-vte-2026-04-f82c5686f6b7"", ""source_file_name"": ""003-001l_S3_Prophylaxe-venoese-Thromboembolie-VTE_2026-04.pdf"", ""source_native_item_number"": null, ""source_role"": ""guideline"", ""source_status"": ""final"", ""source_version_id"": ""sv-f82c5686f6b71d42a7a43dcc""}","[""ru-004563cec4fb5673bb08c8ac"", ""ru-0060f0674f42d169c600fe61"", ""ru-00831f1d0c27eb3fa7f0b700"", ""ru-c0d55f6c463742f6ff57338d""]",True,True,active_validated,[]
smpc-guideline-bridge-1.0.0,bridge-af737e3a20554eea0a0b59a4,cs-f61b3d4e90089c1b890c23cb,smPC_to_guideline,src-xarelto-epar-product-information-de-c44980ed062d,sv-c44980ed062d9fa6a6b6a869,xarelto-epar-product-information_de.pdf,"Xarelto, INN-rivaroxaban",Xarelto,"[""product-37ecfb7f824b082e22ca9d78"", ""product-3ce6f521d882066fdc1b2f03"", ""product-3fa6c6a2f63b6874c87d72d7"", ""product-59cdbfb146613563065547a9"", ""product-9d47414111bd966c67ad52e6"", ""product-9dacc3317fdafd5f5f8b7e4e"", ""product-b6728e6ba10804d291f441ce"", ""product-ec7edbbcf0e221f41e3541c4""]","[""Rivaroxaban"", ""Xarelto"", ""Xarelto 10 mg Filmtabletten"", ""Xarelto 15 mg Filmtabletten""]",substance-29e5f9ff2d8c21df2a7da5a5,Rivaroxaban,"[""Rivaroxaban""]",Rivaroxaban,ru-d45096ae195557c2b5fe610f,src-003-001l-s3-prophylaxe-venoese-thromboembolie-vte-2026-04-f82c5686f6b7,"[""rec-ac01c194e44cd121ece8c37c""]",[],,smpc_product_substance_to_guideline_mention,exact,1.0,"[{""evidence_id"": ""ru-004563cec4fb5673bb08c8ac"", ""pdf_pages_1based"": [82], ""printed_page_label"": ""82"", ""source_document_id"": ""src-xarelto-epar-product-information-de-c44980ed062d"", ""source_file_name"": ""xarelto-epar-product-information_de.pdf"", ""source_native_item_number"": null, ""source_role"": ""smPC"", ""source_status"": ""current_at_snapshot"", ""source_version_id"": ""sv-c44980ed062d9fa6a6b6a869""}, {""evidence_id"": ""ru-0060f0674f42d169c600fe61"", ""pdf_pages_1based"": [89], ""printed_page_label"": ""89"", ""source_document_id"": ""src-xarelto-epar-product-information-de-c44980ed062d"", ""source_file_name"": ""xarelto-epar-product-information_de.pdf"", ""source_native_item_number"": null, ""source_role"": ""smPC"", ""source_status"": ""current_at_snapshot"", ""source_version_id"": ""sv-c44980ed062d9fa6a6b6a869""}, {""evidence_id"": ""ru-00831f1d0c27eb3fa7f0b700"", ""pdf_pages_1based"": [168], ""printed_page_label"": ""168"", ""source_document_id"": ""src-xarelto-epar-product-information-de-c44980ed062d"", ""source_file_name"": ""xarelto-epar-product-information_de.pdf"", ""source_native_item_number"": null, ""source_role"": ""smPC"", ""source_status"": ""current_at_snapshot"", ""source_version_id"": ""sv-c44980ed062d9fa6a6b6a869""}]","{""evidence_id"": ""ru-d45096ae195557c2b5fe610f"", ""pdf_pages_1based"": [59], ""printed_page_label"": ""57"", ""source_document_id"": ""src-003-001l-s3-prophylaxe-venoese-thromboembolie-vte-2026-04-f82c5686f6b7"", ""source_file_name"": ""003-001l_S3_Prophylaxe-venoese-Thromboembolie-VTE_2026-04.pdf"", ""source_native_item_number"": null, ""source_role"": ""guideline"", ""source_status"": ""final"", ""source_version_id"": ""sv-f82c5686f6b71d42a7a43dcc""}","[""ru-004563cec4fb5673bb08c8ac"", ""ru-0060f0674f42d169c600fe61"", ""ru-00831f1d0c27eb3fa7f0b700"", ""ru-d45096ae195557c2b5fe610f""]",True,True,active_validated,[]
smpc-guideline-bridge-1.0.0,bridge-ba6f8e55611710218a124aec,cs-f61b3d4e90089c1b890c23cb,smPC_to_guideline,src-xarelto-epar-product-information-de-c44980ed062d,sv-c44980ed062d9fa6a6b6a869,xarelto-epar-product-information_de.pdf,"Xarelto, INN-rivaroxaban",Xarelto,"[""product-37ecfb7f824b082e22ca9d78"", ""product-3ce6f521d882066fdc1b2f03"", ""product-3fa6c6a2f63b6874c87d72d7"", ""product-59cdbfb146613563065547a9"", ""product-9d47414111bd966c67ad52e6"", ""product-9dacc3317fdafd5f5f8b7e4e"", ""product-b6728e6ba10804d291f441ce"", ""product-ec7edbbcf0e221f41e3541c4""]","[""Rivaroxaban"", ""Xarelto"", ""Xarelto 10 mg Filmtabletten"", ""Xarelto 15 mg Filmtabletten""]",substance-29e5f9ff2d8c21df2a7da5a5,Rivaroxaban,"[""Rivaroxaban""]",Rivaroxaban,ru-d931295a62933653b2fff97e,src-003-001l-s3-prophylaxe-venoese-thromboembolie-vte-2026-04-f82c5686f6b7,"[""rec-318a80dea44ae3ab293a9f14""]",[],,smpc_product_substance_to_guideline_mention,exact,1.0,"[{""evidence_id"": ""ru-004563cec4fb5673bb08c8ac"", ""pdf_pages_1based"": [82], ""printed_page_label"": ""82"", ""source_document_id"": ""src-xarelto-epar-product-information-de-c44980ed062d"", ""source_file_name"": ""xarelto-epar-product-information_de.pdf"", ""source_native_item_number"": null, ""source_role"": ""smPC"", ""source_status"": ""current_at_snapshot"", ""source_version_id"": ""sv-c44980ed062d9fa6a6b6a869""}, {""evidence_id"": ""ru-0060f0674f42d169c600fe61"", ""pdf_pages_1based"": [89], ""printed_page_label"": ""89"", ""source_document_id"": ""src-xarelto-epar-product-information-de-c44980ed062d"", ""source_file_name"": ""xarelto-epar-product-information_de.pdf"", ""source_native_item_number"": null, ""source_role"": ""smPC"", ""source_status"": ""current_at_snapshot"", ""source_version_id"": ""sv-c44980ed062d9fa6a6b6a869""}, {""evidence_id"": ""ru-00831f1d0c27eb3fa7f0b700"", ""pdf_pages_1based"": [168], ""printed_page_label"": ""168"", ""source_document_id"": ""src-xarelto-epar-product-information-de-c44980ed062d"", ""source_file_name"": ""xarelto-epar-product-information_de.pdf"", ""source_native_item_number"": null, ""source_role"": ""smPC"", ""source_status"": ""current_at_snapshot"", ""source_version_id"": ""sv-c44980ed062d9fa6a6b6a869""}]","{""evidence_id"": ""ru-d931295a62933653b2fff97e"", ""pdf_pages_1based"": [267], ""printed_page_label"": ""265"", ""source_document_id"": ""src-003-001l-s3-prophylaxe-venoese-thromboembolie-vte-2026-04-f82c5686f6b7"", ""source_file_name"": ""003-001l_S3_Prophylaxe-venoese-Thromboembolie-VTE_2026-04.pdf"", ""source_native_item_number"": null, ""source_role"": ""guideline"", ""source_status"": ""final"", ""source_version_id"": ""sv-f82c5686f6b71d42a7a43dcc""}","[""ru-004563cec4fb5673bb08c8ac"", ""ru-0060f0674f42d169c600fe61"", ""ru-00831f1d0c27eb3fa7f0b700"", ""ru-d931295a62933653b2fff97e""]",True,True,active_validated,[]
smpc-guideline-bridge-1.0.0,bridge-de38c20d0f2e330ad0961146,cs-f61b3d4e90089c1b890c23cb,smPC_to_guideline,src-xarelto-epar-product-information-de-c44980ed062d,sv-c44980ed062d9fa6a6b6a869,xarelto-epar-product-information_de.pdf,"Xarelto, INN-rivaroxaban",Xarelto,"[""product-37ecfb7f824b082e22ca9d78"", ""product-3ce6f521d882066fdc1b2f03"", ""product-3fa6c6a2f63b6874c87d72d7"", ""product-59cdbfb146613563065547a9"", ""product-9d47414111bd966c67ad52e6"", ""product-9dacc3317fdafd5f5f8b7e4e"", ""product-b6728e6ba10804d291f441ce"", ""product-ec7edbbcf0e221f41e3541c4""]","[""Rivaroxaban"", ""Xarelto"", ""Xarelto 10 mg Filmtabletten"", ""Xarelto 15 mg Filmtabletten""]",substance-29e5f9ff2d8c21df2a7da5a5,Rivaroxaban,"[""Rivaroxaban""]",Rivaroxaban,ru-dbb52fcad9df822c0f7de08b,src-003-001l-s3-prophylaxe-venoese-thromboembolie-vte-2026-04-f82c5686f6b7,"[""rec-19609a6f32fd53b8153002e2""]",[],,smpc_product_substance_to_guideline_mention,exact,1.0,"[{""evidence_id"": ""ru-004563cec4fb5673bb08c8ac"", ""pdf_pages_1based"": [82], ""printed_page_label"": ""82"", ""source_document_id"": ""src-xarelto-epar-product-information-de-c44980ed062d"", ""source_file_name"": ""xarelto-epar-product-information_de.pdf"", ""source_native_item_number"": null, ""source_role"": ""smPC"", ""source_status"": ""current_at_snapshot"", ""source_version_id"": ""sv-c44980ed062d9fa6a6b6a869""}, {""evidence_id"": ""ru-0060f0674f42d169c600fe61"", ""pdf_pages_1based"": [89], ""printed_page_label"": ""89"", ""source_document_id"": ""src-xarelto-epar-product-information-de-c44980ed062d"", ""source_file_name"": ""xarelto-epar-product-information_de.pdf"", ""source_native_item_number"": null, ""source_role"": ""smPC"", ""source_status"": ""current_at_snapshot"", ""source_version_id"": ""sv-c44980ed062d9fa6a6b6a869""}, {""evidence_id"": ""ru-00831f1d0c27eb3fa7f0b700"", ""pdf_pages_1based"": [168], ""printed_page_label"": ""168"", ""source_document_id"": ""src-xarelto-epar-product-information-de-c44980ed062d"", ""source_file_name"": ""xarelto-epar-product-information_de.pdf"", ""source_native_item_number"": null, ""source_role"": ""smPC"", ""source_status"": ""current_at_snapshot"", ""source_version_id"": ""sv-c44980ed062d9fa6a6b6a869""}]","{""evidence_id"": ""ru-dbb52fcad9df822c0f7de08b"", ""pdf_pages_1based"": [78], ""printed_page_label"": ""76"", ""source_document_id"": ""src-003-001l-s3-prophylaxe-venoese-thromboembolie-vte-2026-04-f82c5686f6b7"", ""source_file_name"": ""003-001l_S3_Prophylaxe-venoese-Thromboembolie-VTE_2026-04.pdf"", ""source_native_item_number"": null, ""source_role"": ""guideline"", ""source_status"": ""final"", ""source_version_id"": ""sv-f82c5686f6b71d42a7a43dcc""}","[""ru-004563cec4fb5673bb08c8ac"", ""ru-0060f0674f42d169c600fe61"", ""ru-00831f1d0c27eb3fa7f0b700"", ""ru-dbb52fcad9df822c0f7de08b""]",True,True,active_validated,[]
smpc-guideline-bridge-1.0.0,bridge-ada919379d29e4f92dd3b921,cs-f61b3d4e90089c1b890c23cb,smPC_to_guideline,src-xarelto-epar-product-information-de-c44980ed062d,sv-c44980ed062d9fa6a6b6a869,xarelto-epar-product-information_de.pdf,"Xarelto, INN-rivaroxaban",Xarelto,"[""product-37ecfb7f824b082e22ca9d78"", ""product-3ce6f521d882066fdc1b2f03"", ""product-3fa6c6a2f63b6874c87d72d7"", ""product-59cdbfb146613563065547a9"", ""product-9d47414111bd966c67ad52e6"", ""product-9dacc3317fdafd5f5f8b7e4e"", ""product-b6728e6ba10804d291f441ce"", ""product-ec7edbbcf0e221f41e3541c4""]","[""Rivaroxaban"", ""Xarelto"", ""Xarelto 10 mg Filmtabletten"", ""Xarelto 15 mg Filmtabletten""]",substance-29e5f9ff2d8c21df2a7da5a5,Rivaroxaban,"[""Rivaroxaban""]",Rivaroxaban,ru-dc8ada4dca8f67ce2a0f1406,src-003-001l-s3-prophylaxe-venoese-thromboembolie-vte-2026-04-f82c5686f6b7,"[""rec-ef68d84ef07d9ed14a19729d""]","[""formal-1f4573ec82e85dbc5c63e8b4""]",8.1,smpc_product_substance_to_guideline_mention,exact,1.0,"[{""evidence_id"": ""ru-004563cec4fb5673bb08c8ac"", ""pdf_pages_1based"": [82], ""printed_page_label"": ""82"", ""source_document_id"": ""src-xarelto-epar-product-information-de-c44980ed062d"", ""source_file_name"": ""xarelto-epar-product-information_de.pdf"", ""source_native_item_number"": null, ""source_role"": ""smPC"", ""source_status"": ""current_at_snapshot"", ""source_version_id"": ""sv-c44980ed062d9fa6a6b6a869""}, {""evidence_id"": ""ru-0060f0674f42d169c600fe61"", ""pdf_pages_1based"": [89], ""printed_page_label"": ""89"", ""source_document_id"": ""src-xarelto-epar-product-information-de-c44980ed062d"", ""source_file_name"": ""xarelto-epar-product-information_de.pdf"", ""source_native_item_number"": null, ""source_role"": ""smPC"", ""source_status"": ""current_at_snapshot"", ""source_version_id"": ""sv-c44980ed062d9fa6a6b6a869""}, {""evidence_id"": ""ru-00831f1d0c27eb3fa7f0b700"", ""pdf_pages_1based"": [168], ""printed_page_label"": ""168"", ""source_document_id"": ""src-xarelto-epar-product-information-de-c44980ed062d"", ""source_file_name"": ""xarelto-epar-product-information_de.pdf"", ""source_native_item_number"": null, ""source_role"": ""smPC"", ""source_status"": ""current_at_snapshot"", ""source_version_id"": ""sv-c44980ed062d9fa6a6b6a869""}]","{""evidence_id"": ""ru-dc8ada4dca8f67ce2a0f1406"", ""pdf_pages_1based"": [44], ""printed_page_label"": ""42"", ""source_document_id"": ""src-003-001l-s3-prophylaxe-venoese-thromboembolie-vte-2026-04-f82c5686f6b7"", ""source_file_name"": ""003-001l_S3_Prophylaxe-venoese-Thromboembolie-VTE_2026-04.pdf"", ""source_native_item_number"": ""8.1"", ""source_role"": ""guideline"", ""source_status"": ""final"", ""source_version_id"": ""sv-f82c5686f6b71d42a7a43dcc""}","[""ru-004563cec4fb5673bb08c8ac"", ""ru-0060f0674f42d169c600fe61"", ""ru-00831f1d0c27eb3fa7f0b700"", ""ru-dc8ada4dca8f67ce2a0f1406""]",True,True,active_validated,[]
smpc-guideline-bridge-1.0.0,bridge-58e079e2b507ca4392a0c3ac,cs-f61b3d4e90089c1b890c23cb,smPC_to_guideline,src-xarelto-epar-product-information-de-c44980ed062d,sv-c44980ed062d9fa6a6b6a869,xarelto-epar-product-information_de.pdf,"Xarelto, INN-rivaroxaban",Xarelto,"[""product-37ecfb7f824b082e22ca9d78"", ""product-3ce6f521d882066fdc1b2f03"", ""product-3fa6c6a2f63b6874c87d72d7"", ""product-59cdbfb146613563065547a9"", ""product-9d47414111bd966c67ad52e6"", ""product-9dacc3317fdafd5f5f8b7e4e"", ""product-b6728e6ba10804d291f441ce"", ""product-ec7edbbcf0e221f41e3541c4""]","[""Rivaroxaban"", ""Xarelto"", ""Xarelto 10 mg Filmtabletten"", ""Xarelto 15 mg Filmtabletten""]",substance-29e5f9ff2d8c21df2a7da5a5,Rivaroxaban,"[""Rivaroxaban""]",Rivaroxaban,ru-e4463db1ed2962cae783f602,src-003-001l-s3-prophylaxe-venoese-thromboembolie-vte-2026-04-f82c5686f6b7,"[""rec-a821448802fb4b09d6bd030d""]",[],,smpc_product_substance_to_guideline_mention,exact,1.0,"[{""evidence_id"": ""ru-004563cec4fb5673bb08c8ac"", ""pdf_pages_1based"": [82], ""printed_page_label"": ""82"", ""source_document_id"": ""src-xarelto-epar-product-information-de-c44980ed062d"", ""source_file_name"": ""xarelto-epar-product-information_de.pdf"", ""source_native_item_number"": null, ""source_role"": ""smPC"", ""source_status"": ""current_at_snapshot"", ""source_version_id"": ""sv-c44980ed062d9fa6a6b6a869""}, {""evidence_id"": ""ru-0060f0674f42d169c600fe61"", ""pdf_pages_1based"": [89], ""printed_page_label"": ""89"", ""source_document_id"": ""src-xarelto-epar-product-information-de-c44980ed062d"", ""source_file_name"": ""xarelto-epar-product-information_de.pdf"", ""source_native_item_number"": null, ""source_role"": ""smPC"", ""source_status"": ""current_at_snapshot"", ""source_version_id"": ""sv-c44980ed062d9fa6a6b6a869""}, {""evidence_id"": ""ru-00831f1d0c27eb3fa7f0b700"", ""pdf_pages_1based"": [168], ""printed_page_label"": ""168"", ""source_document_id"": ""src-xarelto-epar-product-information-de-c44980ed062d"", ""source_file_name"": ""xarelto-epar-product-information_de.pdf"", ""source_native_item_number"": null, ""source_role"": ""smPC"", ""source_status"": ""current_at_snapshot"", ""source_version_id"": ""sv-c44980ed062d9fa6a6b6a869""}]","{""evidence_id"": ""ru-e4463db1ed2962cae783f602"", ""pdf_pages_1based"": [143, 144], ""printed_page_label"": ""141-142"", ""source_document_id"": ""src-003-001l-s3-prophylaxe-venoese-thromboembolie-vte-2026-04-f82c5686f6b7"", ""source_file_name"": ""003-001l_S3_Prophylaxe-venoese-Thromboembolie-VTE_2026-04.pdf"", ""source_native_item_number"": null, ""source_role"": ""guideline"", ""source_status"": ""final"", ""source_version_id"": ""sv-f82c5686f6b71d42a7a43dcc""}","[""ru-004563cec4fb5673bb08c8ac"", ""ru-0060f0674f42d169c600fe61"", ""ru-00831f1d0c27eb3fa7f0b700"", ""ru-e4463db1ed2962cae783f602""]",True,True,active_validated,[]
smpc-guideline-bridge-1.0.0,bridge-44197cf90c7750d087b021f9,cs-f61b3d4e90089c1b890c23cb,smPC_to_guideline,src-xarelto-epar-product-information-de-c44980ed062d,sv-c44980ed062d9fa6a6b6a869,xarelto-epar-product-information_de.pdf,"Xarelto, INN-rivaroxaban",Xarelto,"[""product-37ecfb7f824b082e22ca9d78"", ""product-3ce6f521d882066fdc1b2f03"", ""product-3fa6c6a2f63b6874c87d72d7"", ""product-59cdbfb146613563065547a9"", ""product-9d47414111bd966c67ad52e6"", ""product-9dacc3317fdafd5f5f8b7e4e"", ""product-b6728e6ba10804d291f441ce"", ""product-ec7edbbcf0e221f41e3541c4""]","[""Rivaroxaban"", ""Xarelto"", ""Xarelto 10 mg Filmtabletten"", ""Xarelto 15 mg Filmtabletten""]",substance-29e5f9ff2d8c21df2a7da5a5,Rivaroxaban,"[""Rivaroxaban""]",Rivaroxaban,ru-e797038dbdb2ef417ee5ef9a,src-003-001l-s3-prophylaxe-venoese-thromboembolie-vte-2026-04-f82c5686f6b7,"[""rec-e4bc243db4e859cde7e32598""]",[],,smpc_product_substance_to_guideline_mention,exact,1.0,"[{""evidence_id"": ""ru-004563cec4fb5673bb08c8ac"", ""pdf_pages_1based"": [82], ""printed_page_label"": ""82"", ""source_document_id"": ""src-xarelto-epar-product-information-de-c44980ed062d"", ""source_file_name"": ""xarelto-epar-product-information_de.pdf"", ""source_native_item_number"": null, ""source_role"": ""smPC"", ""source_status"": ""current_at_snapshot"", ""source_version_id"": ""sv-c44980ed062d9fa6a6b6a869""}, {""evidence_id"": ""ru-0060f0674f42d169c600fe61"", ""pdf_pages_1based"": [89], ""printed_page_label"": ""89"", ""source_document_id"": ""src-xarelto-epar-product-information-de-c44980ed062d"", ""source_file_name"": ""xarelto-epar-product-information_de.pdf"", ""source_native_item_number"": null, ""source_role"": ""smPC"", ""source_status"": ""current_at_snapshot"", ""source_version_id"": ""sv-c44980ed062d9fa6a6b6a869""}, {""evidence_id"": ""ru-00831f1d0c27eb3fa7f0b700"", ""pdf_pages_1based"": [168], ""printed_page_label"": ""168"", ""source_document_id"": ""src-xarelto-epar-product-information-de-c44980ed062d"", ""source_file_name"": ""xarelto-epar-product-information_de.pdf"", ""source_native_item_number"": null, ""source_role"": ""smPC"", ""source_status"": ""current_at_snapshot"", ""source_version_id"": ""sv-c44980ed062d9fa6a6b6a869""}]","{""evidence_id"": ""ru-e797038dbdb2ef417ee5ef9a"", ""pdf_pages_1based"": [118], ""printed_page_label"": ""116"", ""source_document_id"": ""src-003-001l-s3-prophylaxe-venoese-thromboembolie-vte-2026-04-f82c5686f6b7"", ""source_file_name"": ""003-001l_S3_Prophylaxe-venoese-Thromboembolie-VTE_2026-04.pdf"", ""source_native_item_number"": null, ""source_role"": ""guideline"", ""source_status"": ""final"", ""source_version_id"": ""sv-f82c5686f6b71d42a7a43dcc""}","[""ru-004563cec4fb5673bb08c8ac"", ""ru-0060f0674f42d169c600fe61"", ""ru-00831f1d0c27eb3fa7f0b700"", ""ru-e797038dbdb2ef417ee5ef9a""]",True,True,active_validated,[]
smpc-guideline-bridge-1.0.0,bridge-47652839fc07dcdc89e8b94b,cs-f61b3d4e90089c1b890c23cb,smPC_to_guideline,src-xarelto-epar-product-information-de-c44980ed062d,sv-c44980ed062d9fa6a6b6a869,xarelto-epar-product-information_de.pdf,"Xarelto, INN-rivaroxaban",Xarelto,"[""product-37ecfb7f824b082e22ca9d78"", ""product-3ce6f521d882066fdc1b2f03"", ""product-3fa6c6a2f63b6874c87d72d7"", ""product-59cdbfb146613563065547a9"", ""product-9d47414111bd966c67ad52e6"", ""product-9dacc3317fdafd5f5f8b7e4e"", ""product-b6728e6ba10804d291f441ce"", ""product-ec7edbbcf0e221f41e3541c4""]","[""Rivaroxaban"", ""Xarelto"", ""Xarelto 10 mg Filmtabletten"", ""Xarelto 15 mg Filmtabletten""]",substance-29e5f9ff2d8c21df2a7da5a5,Rivaroxaban,"[""Rivaroxaban""]",Rivaroxaban,ru-f1e6a27f123f735e25ca37c4,src-003-001l-s3-prophylaxe-venoese-thromboembolie-vte-2026-04-f82c5686f6b7,"[""rec-db144dbe91746dc2f3f2cd8c""]",[],,smpc_product_substance_to_guideline_mention,exact,1.0,"[{""evidence_id"": ""ru-004563cec4fb5673bb08c8ac"", ""pdf_pages_1based"": [82], ""printed_page_label"": ""82"", ""source_document_id"": ""src-xarelto-epar-product-information-de-c44980ed062d"", ""source_file_name"": ""xarelto-epar-product-information_de.pdf"", ""source_native_item_number"": null, ""source_role"": ""smPC"", ""source_status"": ""current_at_snapshot"", ""source_version_id"": ""sv-c44980ed062d9fa6a6b6a869""}, {""evidence_id"": ""ru-0060f0674f42d169c600fe61"", ""pdf_pages_1based"": [89], ""printed_page_label"": ""89"", ""source_document_id"": ""src-xarelto-epar-product-information-de-c44980ed062d"", ""source_file_name"": ""xarelto-epar-product-information_de.pdf"", ""source_native_item_number"": null, ""source_role"": ""smPC"", ""source_status"": ""current_at_snapshot"", ""source_version_id"": ""sv-c44980ed062d9fa6a6b6a869""}, {""evidence_id"": ""ru-00831f1d0c27eb3fa7f0b700"", ""pdf_pages_1based"": [168], ""printed_page_label"": ""168"", ""source_document_id"": ""src-xarelto-epar-product-information-de-c44980ed062d"", ""source_file_name"": ""xarelto-epar-product-information_de.pdf"", ""source_native_item_number"": null, ""source_role"": ""smPC"", ""source_status"": ""current_at_snapshot"", ""source_version_id"": ""sv-c44980ed062d9fa6a6b6a869""}]","{""evidence_id"": ""ru-f1e6a27f123f735e25ca37c4"", ""pdf_pages_1based"": [86, 87], ""printed_page_label"": ""84-85"", ""source_document_id"": ""src-003-001l-s3-prophylaxe-venoese-thromboembolie-vte-2026-04-f82c5686f6b7"", ""source_file_name"": ""003-001l_S3_Prophylaxe-venoese-Thromboembolie-VTE_2026-04.pdf"", ""source_native_item_number"": null, ""source_role"": ""guideline"", ""source_status"": ""final"", ""source_version_id"": ""sv-f82c5686f6b71d42a7a43dcc""}","[""ru-004563cec4fb5673bb08c8ac"", ""ru-0060f0674f42d169c600fe61"", ""ru-00831f1d0c27eb3fa7f0b700"", ""ru-f1e6a27f123f735e25ca37c4""]",True,True,active_validated,[]
